angle,response
-8.848151736430E1,2.049569137783E-2
-8.834593953134E1,2.087174810015E-2
-8.815881973239E1,2.138538023460E-2
-8.803093412869E1,2.158518411703E-2
-8.769987598197E1,2.198552962354E-2
-8.747216735925E1,2.226908097337E-2
-8.729514020973E1,2.248794276402E-2
-8.716924815464E1,2.265356198985E-2
-8.701153731436E1,2.290218459882E-2
-8.687965408315E1,2.310555590404E-2
-8.662429770699E1,2.344078915946E-2
-8.648377848515E1,2.358610082323E-2
-8.623669967810E1,2.384058446237E-2
-8.602076627955E1,2.412037126133E-2
-8.583855423997E1,2.441315472402E-2
-8.571370506965E1,2.464814464802E-2
-8.556559531879E1,2.497147075551E-2
-8.544526819427E1,2.517362659427E-2
-8.521408427132E1,2.545352339634E-2
-8.501640293190E1,2.560136757615E-2
-8.474242150309E1,2.577214129312E-2
-8.453271705981E1,2.600427230031E-2
-8.439861676014E1,2.622013914399E-2
-8.427376758982E1,2.645512906799E-2
-8.412565783896E1,2.677845517548E-2
-8.400533071444E1,2.698061101424E-2
-8.377414679149E1,2.726050781631E-2
-8.357646545207E1,2.740835199612E-2
-8.330248402326E1,2.757912571309E-2
-8.310192659270E1,2.775799223245E-2
-8.297532777024E1,2.790889602393E-2
-8.284943571515E1,2.807451524976E-2
-8.269172487487E1,2.832313785874E-2
-8.255984164366E1,2.852650916396E-2
-8.241859943426E1,2.871341911490E-2
-8.219740748773E1,2.898195707731E-2
-8.202760430911E1,2.913354299254E-2
-8.188359462728E1,2.922138251296E-2
-8.171957504767E1,2.927157652462E-2
-8.156355038364E1,2.928412502754E-2
-8.140952391020E1,2.928412502754E-2
-8.123258616937E1,2.929439198447E-2
-8.099053129004E1,2.939363923481E-2
-8.079784058654E1,2.956497665242E-2
-8.067124176408E1,2.971588044390E-2
-8.054534970898E1,2.988149966973E-2
-8.038763886870E1,3.013012227871E-2
-8.025575563749E1,3.033349358393E-2
-8.011451342810E1,3.052040353487E-2
-7.989332148157E1,3.078894149728E-2
-7.972351830295E1,3.094052741251E-2
-7.957950862112E1,3.102836693293E-2
-7.941548904151E1,3.107856094459E-2
-7.925946437748E1,3.109110944751E-2
-7.911543962309E1,3.109110944751E-2
-7.897141486870E1,3.109110944751E-2
-7.882739011431E1,3.109110944751E-2
-7.868336535992E1,3.109110944751E-2
-7.853934060553E1,3.109110944751E-2
-7.839531585114E1,3.109110944751E-2
-7.825129109676E1,3.109110944751E-2
-7.810726634237E1,3.109110944751E-2
-7.796324158798E1,3.109110944751E-2
-7.781921683359E1,3.109110944751E-2
-7.766519036015E1,3.109110944751E-2
-7.748825261932E1,3.110137640444E-2
-7.724619773999E1,3.120062365478E-2
-7.705350703649E1,3.137196107239E-2
-7.688830344812E1,3.156633698560E-2
-7.669747618258E1,3.182442172750E-2
-7.656772127645E1,3.195444644816E-2
-7.640355709256E1,3.199460165750E-2
-7.613908306442E1,3.199460165750E-2
-7.575782583933E1,3.237607614616E-2
-7.555669023867E1,3.261987563139E-2
-7.540308573534E1,3.274751183248E-2
-7.525907605351E1,3.283535135290E-2
-7.509505647390E1,3.288554536457E-2
-7.493903180987E1,3.289809386748E-2
-7.479500705548E1,3.289809386748E-2
-7.465098230109E1,3.289809386748E-2
-7.450695754670E1,3.289809386748E-2
-7.436293279232E1,3.289809386748E-2
-7.421890803793E1,3.289809386748E-2
-7.407488328354E1,3.289809386748E-2
-7.393085852915E1,3.289809386748E-2
-7.378683377476E1,3.289809386748E-2
-7.364280902037E1,3.289809386748E-2
-7.349878426598E1,3.289809386748E-2
-7.335475951159E1,3.289809386748E-2
-7.321073475721E1,3.289809386748E-2
-7.305470793995E1,3.289809386748E-2
-7.289067974745E1,3.289809386748E-2
-7.274665499306E1,3.289809386748E-2
-7.259172103416E1,3.290836082441E-2
-7.248165254563E1,3.291616371168E-2
-7.234504974422E1,3.298288313642E-2
-7.204534935987E1,3.321555720170E-2
-7.195741212537E1,3.344403648173E-2
-7.181981620937E1,3.345033204433E-2
-7.168095123665E1,3.358311708045E-2
-7.150358665708E1,3.374511781434E-2
-7.052275419738E1,3.470507828745E-2
-7.035181053056E1,3.470507828745E-2
-7.004250022471E1,3.470507828745E-2
-6.989847547032E1,3.470507828745E-2
-6.975445071593E1,3.470507828745E-2
-6.959842605190E1,3.471762679037E-2
-6.943440647229E1,3.476782080204E-2
-6.929039679046E1,3.485566032245E-2
-6.911339533382E1,3.502449472533E-2
-6.898044351500E1,3.520537569100E-2
-6.882714154420E1,3.547464374813E-2
-6.865030498225E1,3.579942401286E-2
-6.849432207091E1,3.603287954944E-2
-6.834784688896E1,3.618161879729E-2
-6.806995344113E1,3.640853755836E-2
-6.786244199449E1,3.654970821617E-2
-6.770643455624E1,3.666264474242E-2
-6.755283005291E1,3.679028094352E-2
-6.735169445225E1,3.703408042875E-2
-6.697043722717E1,3.741555491741E-2
-6.673039596985E1,3.741555491741E-2
-6.658637121546E1,3.741555491741E-2
-6.644234646108E1,3.741555491741E-2
-6.629060609484E1,3.741555491741E-2
-6.612286513135E1,3.742810342033E-2
-6.592053891043E1,3.759655756554E-2
-6.579520743606E1,3.786494049983E-2
-6.566693752604E1,3.827977706794E-2
-6.556213972126E1,3.868519301667E-2
-6.542327084722E1,3.921629316895E-2
-6.531617662340E1,3.962991396949E-2
-6.498464240307E1,4.085070759079E-2
-6.485880201627E1,4.130594935017E-2
-6.468996894990E1,4.191395792853E-2
-6.450713039783E1,4.253376128480E-2
-6.438422960009E1,4.292397475272E-2
-6.414781638804E1,4.365476610946E-2
-6.392230933603E1,4.435730990323E-2
-6.380238322125E1,4.473441063780E-2
-6.353606477676E1,4.567980588431E-2
-6.333025708484E1,4.646886978798E-2
-6.321822327383E1,4.699272444633E-2
-6.310735954594E1,4.757006422553E-2
-6.297251356011E1,4.837577589331E-2
-6.280123487982E1,4.942104988949E-2
-6.268305936719E1,5.018178250786E-2
-6.253731718007E1,5.107354105278E-2
-6.239531992247E1,5.198876692783E-2
-6.224957773535E1,5.288052547275E-2
-6.210758047775E1,5.379575134780E-2
-6.196183829063E1,5.468750989272E-2
-6.181984103303E1,5.560273576777E-2
-6.167409884591E1,5.649449431269E-2
-6.153210158831E1,5.740972018775E-2
-6.138635940119E1,5.830147873267E-2
-6.127229210310E1,5.902270801198E-2
-6.116186072217E1,5.971346887434E-2
-6.094237267159E1,6.109457992079E-2
-6.081003162121E1,6.202117278387E-2
-6.072622069215E1,6.269622520213E-2
-6.063970048820E1,6.353567115697E-2
-6.057357335080E1,6.422343504571E-2
-6.039826586376E1,6.631601198433E-2
-6.025455117342E1,6.812299640430E-2
-6.011083648309E1,6.992998082427E-2
-5.996712179276E1,7.173696524424E-2
-5.981688148724E1,7.366612645170E-2
-5.971698910359E1,7.516443274309E-2
-5.963392943051E1,7.653782063102E-2
-5.957584529394E1,7.760151497704E-2
-5.952823371535E1,7.855182902358E-2
-5.939438334889E1,8.072386080112E-2
-5.923792139034E1,8.312488959412E-2
-5.919798762717E1,8.385790424937E-2
-5.915643431776E1,8.460986012387E-2
-5.910960628827E1,8.543496806651E-2
-5.904566477948E1,8.657423360889E-2
-5.899261089824E1,8.748664829336E-2
-5.892689504118E1,8.866820392024E-2
-5.884254310109E1,9.000783646068E-2
-5.878907083192E1,9.080592124617E-2
-5.873433531010E1,9.170288823464E-2
-5.869046081541E1,9.247838571488E-2
-5.863537276798E1,9.361003252334E-2
-5.858656691726E1,9.458677740260E-2
-5.854564936401E1,9.548435106919E-2
-5.814773668690E1,1.027903868830E-1
-5.810589849563E1,1.035961018937E-1
-5.804448409244E1,1.047906734061E-1
-5.797689123478E1,1.061368168771E-1
-5.793228666362E1,1.070597461038E-1
-5.785169500189E1,1.086939718618E-1
-5.781448917076E1,1.094602975272E-1
-5.777516461947E1,1.103209879345E-1
-5.773672263554E1,1.110988647413E-1
-5.769471417391E1,1.119091720945E-1
-5.764179187694E1,1.129449939716E-1
-5.758196889298E1,1.140367137254E-1
-5.752614444341E1,1.151158849762E-1
-5.747031999385E1,1.161950562270E-1
-5.741049700989E1,1.172867759807E-1
-5.735467256033E1,1.183659472316E-1
-5.729484957637E1,1.194576669853E-1
-5.723556564341E1,1.205522825474E-1
-5.717673421846E1,1.215938082895E-1
-5.713295986519E1,1.223123824510E-1
-5.707352041514E1,1.233333617432E-1
-5.698221841706E1,1.249676224765E-1
-5.680823310771E1,1.280094717229E-1
-5.669133946724E1,1.300182588852E-1
-5.664325445758E1,1.308880819951E-1
-5.657689625282E1,1.321065579251E-1
-5.652107180326E1,1.331857291759E-1
-5.646524735370E1,1.342649004267E-1
-5.640542436974E1,1.353566201805E-1
-5.634959992018E1,1.364357914313E-1
-5.628977693622E1,1.375275111850E-1
-5.623395248665E1,1.386066824358E-1
-5.617812803709E1,1.396858536866E-1
-5.611830505313E1,1.407775734404E-1
-5.606064108893E1,1.418972860083E-1
-5.599026053563E1,1.432917383949E-1
-5.594679312011E1,1.441977644372E-1
-5.590401956815E1,1.451570009582E-1
-5.583846319832E1,1.466427437035E-1
-5.577723705706E1,1.480353993727E-1
-5.572797344885E1,1.490835541340E-1
-5.567896350214E1,1.501222263766E-1
-5.564156800048E1,1.509481350542E-1
-5.555149891375E1,1.529671891734E-1
-5.549027277248E1,1.543598448426E-1
-5.544100916427E1,1.554079996039E-1
-5.539199921756E1,1.564466718465E-1
-5.535460371590E1,1.572725805241E-1
-5.526453462917E1,1.592916346433E-1
-5.520330848790E1,1.606842903125E-1
-5.515404487969E1,1.617324450738E-1
-5.510503493298E1,1.627711173164E-1
-5.506763943132E1,1.635970259940E-1
-5.497757034459E1,1.656160801132E-1
-5.491884844037E1,1.669779349116E-1
-5.486474434298E1,1.680604632943E-1
-5.482398610392E1,1.688291813236E-1
-5.477106380695E1,1.698650032007E-1
-5.471124082299E1,1.709567229545E-1
-5.465541637343E1,1.720358942053E-1
-5.459959192387E1,1.731150654561E-1
-5.453976893991E1,1.742067852098E-1
-5.448210497570E1,1.753264977778E-1
-5.441172442241E1,1.767209501644E-1
-5.436670271142E1,1.776483327934E-1
-5.430839854444E1,1.788770346249E-1
-5.424403701140E1,1.802231780959E-1
-5.420163722361E1,1.810751186490E-1
-5.415913324673E1,1.819044932080E-1
-5.411976401411E1,1.827803330806E-1
-5.410461986179E1,1.829938553642E-1
-5.406424558055E1,1.838200792168E-1
-5.400479164776E1,1.851852259601E-1
-5.396278318613E1,1.859955333134E-1
-5.393304542006E1,1.864940511110E-1
-5.384455256406E1,1.881881984568E-1
-5.380268884187E1,1.889833230826E-1
-5.374513732880E1,1.900503043592E-1
-5.373850809886E1,1.901276412465E-1
-5.367514971911E1,1.913712066607E-1
-5.361782781916E1,1.924219024625E-1
-5.352467479801E1,1.942472527705E-1
-5.350573658051E1,1.946340321421E-1
-5.310390731474E1,2.022628304672E-1
-5.307345239839E1,2.030298812925E-1
-5.297394430021E1,2.052779209220E-1
-5.292499968842E1,2.063133847719E-1
-5.289491139729E1,2.069946544030E-1
-5.287175409486E1,2.073727065727E-1
-5.285646941336E1,2.077725312097E-1
-5.282349642192E1,2.083212973416E-1
-5.274006723560E1,2.099233380909E-1
-5.270171567080E1,2.107103801938E-1
-5.268236961155E1,2.110441703714E-1
-5.259006677167E1,2.128687226955E-1
-5.253822284774E1,2.138303943281E-1
-5.248492362313E1,2.147626274361E-1
-5.243776917714E1,2.156317757976E-1
-5.241209621106E1,2.160951546531E-1
-5.239558725320E1,2.164505890134E-1
-5.235109769876E1,2.173780520815E-1
-5.231340337159E1,2.182464318838E-1
-5.228702114398E1,2.187351478089E-1
-5.220136536105E1,2.208273254770E-1
-5.216186470187E1,2.216811815259E-1
-5.209630354183E1,2.229934340102E-1
-5.203898164188E1,2.240441298121E-1
-5.200838568861E1,2.246364103745E-1
-5.196506331032E1,2.254855111133E-1
-5.192057375588E1,2.264129741814E-1
-5.188287942871E1,2.272813539837E-1
-5.183522226568E1,2.284073922005E-1
-5.178274529718E1,2.296887323832E-1
-5.150221858823E1,2.293047626701E-1
-5.147593612047E1,2.304073443329E-1
-5.145053693397E1,2.314941904468E-1
-5.143145024734E1,2.323033191078E-1
-5.140719899357E1,2.333393907620E-1
-5.137437418717E1,2.348048836683E-1
-5.133905432079E1,2.363028950357E-1
-5.129989586042E1,2.379165428786E-1
-5.127749358730E1,2.388208705884E-1
-5.125182597882E1,2.399187306378E-1
-5.122560996522E1,2.408636846183E-1
-5.119914393584E1,2.417159210202E-1
-5.116616251871E1,2.426521117330E-1
-5.110432011008E1,2.441706736398E-1
-5.107184962745E1,2.449173709895E-1
-5.101739956031E1,2.461102083599E-1
-5.096318836875E1,2.472513574313E-1
-5.092300527084E1,2.480993685856E-1
-5.086990126635E1,2.492358812296E-1
-5.081542547798E1,2.505443478519E-1
-5.079998453753E1,2.507980842847E-1
-5.076191250311E1,2.516350979486E-1
-5.070642543026E1,2.527516295149E-1
-5.065406636804E1,2.538763936596E-1
-5.060331847974E1,2.549545812549E-1
-5.056027118177E1,2.557293892570E-1
-5.054836910071E1,2.561327139360E-1
-5.051093407273E1,2.569728362063E-1
-5.045680703416E1,2.583911929059E-1
-5.043698928213E1,2.588727892375E-1
-5.040828537612E1,2.597795896892E-1
-5.037590795488E1,2.607914553335E-1
-5.035158461389E1,2.618455295785E-1
-5.033045105689E1,2.628368613089E-1
-5.030900237576E1,2.637403535188E-1
-5.028995410721E1,2.646438457288E-1
-5.027030573551E1,2.655473379388E-1
-5.025245767323E1,2.664508301488E-1
-5.023340940468E1,2.673543223588E-1
-5.021132140099E1,2.685288622318E-1
-5.019224579035E1,2.695019986329E-1
-5.017340848543E1,2.705970603859E-1
-5.008095079183E1,2.661491181178E-1
-5.004352602421E1,2.669688727150E-1
-4.997527219002E1,2.687347128379E-1
-4.994137159759E1,2.695786892912E-1
-4.989746930977E1,2.705509086863E-1
-4.986646492008E1,2.713634449345E-1
-4.982897136101E1,2.723801218829E-1
-4.979796697132E1,2.731926581311E-1
-4.975528912182E1,2.741267493828E-1
-4.968344827989E1,2.760441167526E-1
-4.964160442944E1,2.771708870699E-1
-4.960585876357E1,2.780552852114E-1
-4.956814002475E1,2.791312203918E-1
-4.950093896290E1,2.811013974326E-1
-4.945883543510E1,2.821298042853E-1
-4.939526233338E1,2.840160314774E-1
-4.935906206765E1,2.850072666808E-1
-4.932256745639E1,2.858972451185E-1
-4.926230651102E1,2.873333499789E-1
-4.922844350564E1,2.881657862912E-1
-4.917700372202E1,2.893631416240E-1
-4.913553212590E1,2.905770381652E-1
-4.913081585879E1,2.906459123346E-1
-4.909783385667E1,2.917376606077E-1
-4.906608201120E1,2.927496061061E-1
-4.903942435081E1,2.935953809065E-1
-4.900906414681E1,2.945466144662E-1
-4.869198480752E1,3.019262464348E-1
-4.864916127469E1,3.028211067958E-1
-4.861237467992E1,3.035719635794E-1
-4.857561398907E1,3.043324789076E-1
-4.853947210550E1,3.051313459375E-1
-4.849631864677E1,3.060817239174E-1
-4.844278260166E1,3.071704980323E-1
-4.840766035989E1,3.081017558421E-1
-4.836690212083E1,3.088704738714E-1
-4.828869955486E1,3.102409224930E-1
-4.825415683990E1,3.109980155023E-1
-4.823293505297E1,3.113161961027E-1
-4.817924927270E1,3.123271805730E-1
-4.813491045890E1,3.131786469531E-1
-4.809158808061E1,3.140277476919E-1
-4.804709852617E1,3.149552107600E-1
-4.800940419899E1,3.158235905623E-1
-4.794640276031E1,3.174027713908E-1
-4.789736618845E1,3.184044841555E-1
-4.785786552928E1,3.192583402043E-1
-4.783357675870E1,3.198471545719E-1
-4.779230436923E1,3.205705926886E-1
-4.773498246928E1,3.216212884905E-1
-4.766106413773E1,3.230626697917E-1
-4.761657458328E1,3.239901328598E-1
-4.757888025611E1,3.248585126621E-1
-4.751587881743E1,3.264376934907E-1
-4.746484653947E1,3.274664338001E-1
-4.741875704839E1,3.284481786497E-1
-4.740538906795E1,3.288785039212E-1
-4.737409985315E1,3.293871152616E-1
-4.732961029871E1,3.303145783297E-1
-4.729191597153E1,3.311829581320E-1
-4.722891453285E1,3.327621389606E-1
-4.717880549049E1,3.337908792700E-1
-4.713549619755E1,3.347726241196E-1
-4.708527019761E1,3.358782017580E-1
-4.704848529868E1,3.366482582108E-1
-4.699688788087E1,3.377864249756E-1
-4.694598841297E1,3.390308144207E-1
-4.690438716227E1,3.400241594274E-1
-4.688861470873E1,3.406814991512E-1
-4.686488513876E1,3.410261196520E-1
-4.679854562200E1,3.427005532704E-1
-4.674843657964E1,3.437292935798E-1
-4.670512728670E1,3.447110384295E-1
-4.665490128676E1,3.458166160679E-1
-4.661897367803E1,3.465866725206E-1
-4.657024788266E1,3.477248392855E-1
-4.652177143718E1,3.489692287306E-1
-4.649067961398E1,3.497247488939E-1
-4.642430780327E1,3.512994894829E-1
-4.637221487584E1,3.525831975705E-1
-4.633061362514E1,3.535765425772E-1
-4.631484117160E1,3.542338823010E-1
-4.629111160163E1,3.545785028018E-1
-4.622477208487E1,3.562529364202E-1
-4.617466304251E1,3.572816767296E-1
-4.613135374957E1,3.582634215793E-1
-4.608112774963E1,3.593689992177E-1
-4.604434285069E1,3.601390556704E-1
-4.599274543289E1,3.612772224353E-1
-4.594184596498E1,3.625216118804E-1
-4.590809963426E1,3.633136192291E-1
-4.587656330424E1,3.640979846523E-1
-4.584247240706E1,3.648883598181E-1
-4.580285888213E1,3.658938502964E-1
-4.577086707154E1,3.667015044123E-1
-4.573449155257E1,3.676585878810E-1
-4.571875572080E1,3.682009364335E-1
-4.568695352879E1,3.688547222106E-1
-4.566145424442E1,3.695542734601E-1
-4.562045841263E1,3.705027881776E-1
-4.560088950538E1,3.708340598794E-1
-4.555758021244E1,3.718158047291E-1
-4.550735421250E1,3.729213823675E-1
-4.547056931356E1,3.736914388202E-1
-4.541897189576E1,3.748296055851E-1
-4.536807242786E1,3.760739950301E-1
-4.532895955867E1,3.772987546135E-1
-4.532647117716E1,3.770673400368E-1
-4.528696915365E1,3.780693002615E-1
-4.522062963688E1,3.797437338799E-1
-4.517052059453E1,3.807724741892E-1
-4.512721130158E1,3.817542190389E-1
-4.507698530165E1,3.828597966773E-1
-4.504020040271E1,3.836298531300E-1
-4.498860298491E1,3.847680198949E-1
-4.493770351700E1,3.860124093400E-1
-4.490395718628E1,3.868044166887E-1
-4.487242085625E1,3.875887821120E-1
-4.483832995908E1,3.883791572778E-1
-4.479871643415E1,3.893846477560E-1
-4.476672462356E1,3.901923018719E-1
-4.472714577862E1,3.912027509519E-1
-4.469492533281E1,3.919931261177E-1
-4.466752100785E1,3.924879934418E-1
-4.464967768525E1,3.931326179343E-1
-4.461845622596E1,3.939492665368E-1
-4.458494376391E1,3.947351076384E-1
-4.425495526551E1,4.023589120163E-1
-4.420511791901E1,4.035461579275E-1
-4.416004398705E1,4.044926735761E-1
-4.411692415215E1,4.054421878279E-1
-4.408007418412E1,4.062097813810E-1
-4.403797039206E1,4.073956149066E-1
-4.399050789025E1,4.084495788351E-1
-4.391672254396E1,4.099229594455E-1
-4.388629906619E1,4.106675198308E-1
-4.385167464787E1,4.116872029040E-1
-4.382032735995E1,4.122704187088E-1
-4.378611827805E1,4.131729456493E-1
-4.373600923569E1,4.142016859587E-1
-4.369269994275E1,4.151834308084E-1
-4.364247394281E1,4.162890084468E-1
-4.360568904387E1,4.170590648995E-1
-4.355409162607E1,4.181972316644E-1
-4.350319215817E1,4.194416211095E-1
-4.346159090747E1,4.204349661162E-1
-4.344581845393E1,4.210923058399E-1
-4.342208888396E1,4.214369263408E-1
-4.335574936719E1,4.231113599592E-1
-4.330564032484E1,4.241401002685E-1
-4.326233103189E1,4.251218451182E-1
-4.321210503196E1,4.262274227566E-1
-4.317532013302E1,4.269974792093E-1
-4.312372271522E1,4.281356459742E-1
-4.307282324731E1,4.293800354193E-1
-4.303907691659E1,4.301720427680E-1
-4.300754058656E1,4.309564081913E-1
-4.297344968939E1,4.317467833571E-1
-4.293383616446E1,4.327522738354E-1
-4.290184435387E1,4.335599279512E-1
-4.286546883489E1,4.345170114199E-1
-4.284973300313E1,4.350593599724E-1
-4.281793081111E1,4.357131457496E-1
-4.279243152675E1,4.364126969991E-1
-4.275143569495E1,4.373612117165E-1
-4.273094355210E1,4.376924834183E-1
-4.268485406103E1,4.386742282680E-1
-4.264019686578E1,4.396131648799E-1
-4.259373491210E1,4.405753776484E-1
-4.254029904680E1,4.417645749918E-1
-4.250237606664E1,4.427207321570E-1
-4.247147544302E1,4.434983422611E-1
-4.243509992404E1,4.444554257298E-1
-4.241936409228E1,4.449977742823E-1
-4.238756190026E1,4.456515600594E-1
-4.236206261589E1,4.463511113089E-1
-4.232106678410E1,4.472996260264E-1
-4.230057464125E1,4.476308977282E-1
-4.225448515018E1,4.486126425779E-1
-4.220982795493E1,4.495515791897E-1
-4.216336600125E1,4.505137919582E-1
-4.210993013595E1,4.517029893016E-1
-4.207200715578E1,4.526591464668E-1
-4.204110653216E1,4.534367565709E-1
-4.200473101319E1,4.543938400396E-1
-4.198899518142E1,4.549361885921E-1
-4.195719298941E1,4.555899743692E-1
-4.193169370504E1,4.562895256188E-1
-4.189069787325E1,4.572380403362E-1
-4.187112896600E1,4.575693120380E-1
-4.182781967306E1,4.585510568877E-1
-4.177759367312E1,4.596566345261E-1
-4.174080877418E1,4.604266909788E-1
-4.168921135638E1,4.615648577437E-1
-4.163831188847E1,4.628092471888E-1
-4.160456555775E1,4.636012545375E-1
-4.157302922773E1,4.643856199607E-1
-4.153893833055E1,4.651759951266E-1
-4.149932480562E1,4.661814856048E-1
-4.146733299503E1,4.669891397207E-1
-4.143095747606E1,4.679462231894E-1
-4.141522164429E1,4.684885717419E-1
-4.138341945228E1,4.691423575190E-1
-4.135792016791E1,4.698419087686E-1
-4.131692433612E1,4.707904234860E-1
-4.129643219327E1,4.711216951878E-1
-4.125034270219E1,4.721034400375E-1
-4.120568550695E1,4.730423766494E-1
-4.115922355327E1,4.740045894179E-1
-4.110578768796E1,4.751937867613E-1
-4.106786470780E1,4.761499439265E-1
-4.103696408418E1,4.769275540305E-1
-4.100058856520E1,4.778846374992E-1
-4.098485273344E1,4.784269860518E-1
-4.095305054142E1,4.790807718289E-1
-4.092755125706E1,4.797803230784E-1
-4.088655542526E1,4.807288377958E-1
-4.086698651802E1,4.810601094976E-1
-4.082367722507E1,4.820418543473E-1
-4.077345122514E1,4.831474319857E-1
-4.073666632620E1,4.839174884384E-1
-4.068506890840E1,4.850556552033E-1
-4.063416944049E1,4.863000446484E-1
-4.060042310977E1,4.870920519971E-1
-4.056888677974E1,4.878764174204E-1
-4.053479588257E1,4.886667925862E-1
-4.049518235764E1,4.896722830645E-1
-4.046319054705E1,4.904799371803E-1
-4.042361170211E1,4.914903862603E-1
-4.039139125630E1,4.922807614261E-1
-4.034963089849E1,4.933014607484E-1
-4.031566413600E1,4.941218712553E-1
-3.994396048922E1,5.027641392912E-1
-3.990640371668E1,5.036874320610E-1
-3.987060912834E1,5.044916335626E-1
-3.986493626272E1,5.048416175978E-1
-3.982828237008E1,5.055261625637E-1
-3.978676446989E1,5.066291759700E-1
-3.974664896359E1,5.077447378793E-1
-3.969791244330E1,5.089584062659E-1
-3.969245747461E1,5.091879172560E-1
-3.963447065693E1,5.104664755684E-1
-3.959677619897E1,5.114024158752E-1
-3.959178083866E1,5.117733601516E-1
-3.953080846662E1,5.130610822558E-1
-3.949119494169E1,5.140665727341E-1
-3.945920313110E1,5.148742268499E-1
-3.941962428616E1,5.158846759299E-1
-3.938740384034E1,5.166750510957E-1
-3.934779031541E1,5.176805415740E-1
-3.931579850482E1,5.184881956899E-1
-3.927621965988E1,5.194986447699E-1
-3.924399921407E1,5.202890199357E-1
-3.920438568914E1,5.212945104140E-1
-3.917239387855E1,5.221021645298E-1
-3.913281503361E1,5.231126136098E-1
-3.910059458779E1,5.239029887756E-1
-3.906098106286E1,5.249084792539E-1
-3.902898925227E1,5.257161333698E-1
-3.898941040733E1,5.267265824498E-1
-3.895718996152E1,5.275169576156E-1
-3.891757643658E1,5.285224480939E-1
-3.888558462600E1,5.293301022097E-1
-3.884600578106E1,5.303405512897E-1
-3.881378533524E1,5.311309264555E-1
-3.877417181031E1,5.321364169338E-1
-3.874217999972E1,5.329440710497E-1
-3.870260115478E1,5.339545201297E-1
-3.867038070897E1,5.347448952955E-1
-3.863076718403E1,5.357503857737E-1
-3.859877537345E1,5.365580398896E-1
-3.855919652851E1,5.375684889696E-1
-3.852697608269E1,5.383588641354E-1
-3.848736255776E1,5.393643546137E-1
-3.845537074717E1,5.401720087295E-1
-3.841731806721E1,5.411824578095E-1
-3.838730036905E1,5.419728329754E-1
-3.834934087466E1,5.429783234536E-1
-3.832021232250E1,5.437547028391E-1
-3.831365017186E1,5.443095309468E-1
-3.825195760185E1,5.455503146299E-1
-3.820228769685E1,5.468340227175E-1
-3.817119587365E1,5.475895428808E-1
-3.810855297558E1,5.491642834698E-1
-3.805888307057E1,5.504479915574E-1
-3.802779124738E1,5.512035117207E-1
-3.796514834930E1,5.527782523098E-1
-3.791547844430E1,5.540619603973E-1
-3.788438662110E1,5.548174805606E-1
-3.782174372303E1,5.563922211497E-1
-3.777207381802E1,5.576759292373E-1
-3.774098199483E1,5.584314494006E-1
-3.767461018411E1,5.600061899897E-1
-3.762251725669E1,5.612898980772E-1
-3.758091600599E1,5.622832430839E-1
-3.756514355245E1,5.629405828077E-1
-3.754141398248E1,5.632852033085E-1
-3.747507446571E1,5.649596369269E-1
-3.742404218775E1,5.659883772363E-1
-3.737795269668E1,5.669701220860E-1
-3.736458471623E1,5.674004473575E-1
-3.733329550143E1,5.679090586979E-1
-3.728880594699E1,5.688365217660E-1
-3.725111161982E1,5.697049015683E-1
-3.718811018113E1,5.712840823968E-1
-3.713800113878E1,5.723128227062E-1
-3.709469184583E1,5.732945675559E-1
-3.704446584590E1,5.744001451943E-1
-3.697466876935E1,5.759374919968E-1
-3.691670087612E1,5.775098773284E-1
-3.686611124200E1,5.786073886989E-1
-3.685512846654E1,5.786372681761E-1
-3.680922781911E1,5.796190130258E-1
-3.675750156132E1,5.807245906642E-1
-3.672071666238E1,5.814946471169E-1
-3.666911924458E1,5.826328138818E-1
-3.661821977667E1,5.838772033269E-1
-3.657661852598E1,5.848705483336E-1
-3.656084607244E1,5.855278880573E-1
-3.653711650247E1,5.858725085582E-1
-3.647077698570E1,5.875469421766E-1
-3.641974470774E1,5.885756824860E-1
-3.637365521667E1,5.895574273356E-1
-3.636170220549E1,5.897789460200E-1
-3.632899802142E1,5.904963639475E-1
-3.628253606774E1,5.914585767160E-1
-3.622910020244E1,5.926477740594E-1
-3.618915163240E1,5.936158018451E-1
-3.615615481388E1,5.944095065638E-1
-3.580001896442E1,6.024526813659E-1
-3.576856565249E1,6.032332267666E-1
-3.571649531231E1,6.043855786049E-1
-3.567630846583E1,6.052178580609E-1
-3.563155620016E1,6.062032862910E-1
-3.558265890591E1,6.072836648599E-1
-3.553876254297E1,6.082143264800E-1
-3.553203587551E1,6.086485046809E-1
-3.550309871677E1,6.090437825228E-1
-3.546647950569E1,6.101342474262E-1
-3.540525336442E1,6.115269030954E-1
-3.537399385721E1,6.120591877736E-1
-3.535598975621E1,6.125750578567E-1
-3.531976805240E1,6.131288580151E-1
-3.528450943667E1,6.138761868642E-1
-3.521372430301E1,6.155561659556E-1
-3.517951522111E1,6.164586928961E-1
-3.512940617876E1,6.174874332055E-1
-3.508609688581E1,6.184691780552E-1
-3.503587088588E1,6.195747556936E-1
-3.499908598694E1,6.203448121463E-1
-3.494748856914E1,6.214829789112E-1
-3.489658910123E1,6.227273683563E-1
-3.485498785054E1,6.237207133630E-1
-3.483921539699E1,6.243780530867E-1
-3.481548582702E1,6.247226735876E-1
-3.474914631026E1,6.263971072060E-1
-3.469903726790E1,6.274258475153E-1
-3.465572797496E1,6.284075923650E-1
-3.460550197502E1,6.295131700034E-1
-3.456871707608E1,6.302832264561E-1
-3.451711965828E1,6.314213932210E-1
-3.446622019038E1,6.326657826661E-1
-3.442461893968E1,6.336591276728E-1
-3.440884648614E1,6.343164673966E-1
-3.438511691617E1,6.346610878974E-1
-3.431877739940E1,6.363355215158E-1
-3.426866835705E1,6.373642618252E-1
-3.422535906410E1,6.383460066749E-1
-3.417513306417E1,6.394515843133E-1
-3.413834816523E1,6.402216407660E-1
-3.408675074743E1,6.413598075309E-1
-3.403585127952E1,6.426041969759E-1
-3.399425002883E1,6.435975419826E-1
-3.397847757529E1,6.442548817064E-1
-3.395474800531E1,6.445995022073E-1
-3.388840848855E1,6.462739358257E-1
-3.383829944619E1,6.473026761350E-1
-3.379499015325E1,6.482844209847E-1
-3.374476415332E1,6.493899986231E-1
-3.370797925438E1,6.501600550758E-1
-3.365638183657E1,6.512982218407E-1
-3.360548236867E1,6.525426112858E-1
-3.357173603794E1,6.533346186345E-1
-3.354019970792E1,6.541189840578E-1
-3.350610881075E1,6.549093592236E-1
-3.346649528582E1,6.559148497018E-1
-3.343450347523E1,6.567225038177E-1
-3.339812795625E1,6.576795872864E-1
-3.338239212449E1,6.582219358389E-1
-3.335058993247E1,6.588757216160E-1
-3.332509064810E1,6.595752728656E-1
-3.328409481631E1,6.605237875830E-1
-3.326360267346E1,6.608550592848E-1
-3.321751318239E1,6.618368041345E-1
-3.317285598714E1,6.627757407464E-1
-3.312639403346E1,6.637379535149E-1
-3.307295816816E1,6.649271508583E-1
-3.303503518799E1,6.658833080235E-1
-3.300413456437E1,6.666609181275E-1
-3.296775904540E1,6.676180015962E-1
-3.295202321363E1,6.681603501488E-1
-3.292022102162E1,6.688141359259E-1
-3.289472173725E1,6.695136871754E-1
-3.285372590546E1,6.704622018928E-1
-3.283415699821E1,6.707934735947E-1
-3.279084770527E1,6.717752184443E-1
-3.274062170533E1,6.728807960827E-1
-3.270383680639E1,6.736508525355E-1
-3.265223938859E1,6.747890193003E-1
-3.260133992069E1,6.760334087454E-1
-3.256759358996E1,6.768254160941E-1
-3.253605725994E1,6.776097815174E-1
-3.250196636276E1,6.784001566832E-1
-3.246235283783E1,6.794056471615E-1
-3.243036102725E1,6.802133012773E-1
-3.239078218231E1,6.812237503573E-1
-3.235856173649E1,6.820141255231E-1
-3.231894821156E1,6.830196160014E-1
-3.228695640097E1,6.838272701173E-1
-3.224737755603E1,6.848377191973E-1
-3.221515711021E1,6.856280943631E-1
-3.217554358528E1,6.866335848414E-1
-3.214355177470E1,6.874412389572E-1
-3.210717625572E1,6.883983224259E-1
-3.209144042395E1,6.889406709784E-1
-3.205963823194E1,6.895944567556E-1
-3.203413894757E1,6.902940080051E-1
-3.199314311578E1,6.912425227225E-1
-3.197357420853E1,6.915737944243E-1
-3.193026491559E1,6.925555392740E-1
-3.190642660889E1,6.930877943360E-1
-3.187477615042E1,6.937710394788E-1
-3.183552289177E1,6.946208506412E-1
-3.138551637712E1,7.026302792805E-1
-3.135401688588E1,7.033978666248E-1
-3.135369956742E1,7.033782794489E-1
-3.132231041659E1,7.042028992481E-1
-3.131373777104E1,7.044075457159E-1
-3.130959957755E1,7.045201384116E-1
-3.127991740646E1,7.053455292842E-1
-3.127688099925E1,7.054076282460E-1
-3.113093766503E1,7.045069795843E-1
-3.110674240797E1,7.054123857668E-1
-3.107306582674E1,7.066840117813E-1
-3.103166047395E1,7.082295854604E-1
-3.100641798345E1,7.092186781442E-1
-3.098375941075E1,7.101000136348E-1
-3.096226819835E1,7.109499356883E-1
-3.093068699265E1,7.121986973131E-1
-3.091003919878E1,7.129731923413E-1
-3.087811660399E1,7.141474113383E-1
-3.084974392224E1,7.151018542100E-1
-3.078644317176E1,7.167312700010E-1
-3.074990070153E1,7.175695099959E-1
-3.073355515801E1,7.179033001734E-1
-3.064125231813E1,7.197278524975E-1
-3.058940839419E1,7.206895241301E-1
-3.054815628976E1,7.214263657026E-1
-3.050621773796E1,7.221724324933E-1
-3.047154060225E1,7.227824063195E-1
-3.043445337286E1,7.235281183423E-1
-3.041818293374E1,7.237974285203E-1
-3.037713147291E1,7.245788141442E-1
-3.031972209921E1,7.256647610851E-1
-3.030321314135E1,7.260201954454E-1
-3.025675118767E1,7.269824082139E-1
-3.020331532237E1,7.281716055573E-1
-3.017869272915E1,7.285870955565E-1
-3.016539234221E1,7.291277627225E-1
-3.012985354381E1,7.300217448345E-1
-3.010257675707E1,7.307730773581E-1
-3.005507199058E1,7.321933071401E-1
-3.003660802834E1,7.326073221784E-1
-3.002151679082E1,7.332563934917E-1
-2.999190308953E1,7.343719554010E-1
-2.997081954112E1,7.353632871314E-1
-2.994982093735E1,7.362667793414E-1
-2.992852228201E1,7.371702715514E-1
-2.990857385873E1,7.380737637614E-1
-2.988802533232E1,7.389772559714E-1
-2.986777685748E1,7.398807481813E-1
-2.983899419245E1,7.411763811075E-1
-2.981794392122E1,7.421891605342E-1
-2.971823312014E1,7.386755439403E-1
-2.967904472383E1,7.394952985376E-1
-2.960642150728E1,7.412611386604E-1
-2.957093822524E1,7.421051151137E-1
-2.952512820585E1,7.431046378449E-1
-2.947369045081E1,7.443251284838E-1
-2.943607680682E1,7.452349205545E-1
-2.938720405406E1,7.463495014348E-1
-2.929713496732E1,7.483685555540E-1
-2.922896804997E1,7.498307603499E-1
-2.918663998299E1,7.506507534091E-1
-2.912570046222E1,7.518717743493E-1
-2.910159669122E1,7.526334494635E-1
-2.899275048538E1,7.546987048889E-1
-2.895958803832E1,7.552334232162E-1
-2.892306304052E1,7.559544677990E-1
-2.885413351195E1,7.571109132572E-1
-2.881934669181E1,7.577117145165E-1
-2.876433054433E1,7.586000168953E-1
-2.871082267433E1,7.594698387516E-1
-2.867025279278E1,7.602357236524E-1
-2.858185505938E1,7.616627993260E-1
-2.854418897706E1,7.622610031329E-1
-2.842031058508E1,7.644211024249E-1
-2.829845296541E1,7.662796041532E-1
-2.828471949353E1,7.665458149387E-1
-2.822918081967E1,7.674252140231E-1
-2.813303623644E1,7.689385634748E-1
-2.801117861677E1,7.707970652031E-1
-2.799744514489E1,7.710632759887E-1
-2.794190647104E1,7.719426750730E-1
-2.784576188780E1,7.734560245248E-1
-2.779873108669E1,7.742010114672E-1
-2.775013725892E1,7.749879191846E-1
-2.770543997012E1,7.757326985314E-1
-2.766487008857E1,7.764985834322E-1
-2.757647235517E1,7.779256591058E-1
-2.753880627285E1,7.785238629126E-1
-2.741492788086E1,7.806839622047E-1
-2.729307026120E1,7.825424639330E-1
-2.727933678932E1,7.828086747185E-1
-2.722379811546E1,7.836880738029E-1
-2.712765353223E1,7.852014232546E-1
-2.706174590621E1,7.861979062088E-1
-2.700579591256E1,7.870599249829E-1
-2.684037918359E1,7.897188843045E-1
-2.671852156393E1,7.915773860328E-1
-2.666491252446E1,7.924099221627E-1
-2.659240533551E1,7.935449244734E-1
-2.657811325383E1,7.937337056995E-1
-2.616265250079E1,8.006892874942E-1
-2.607419835255E1,8.012200264251E-1
-2.605983524520E1,8.023237718274E-1
-2.600487152354E1,8.026962722352E-1
-2.589698802353E1,8.045431837099E-1
-2.585542931977E1,8.048255250255E-1
-2.581811123416E1,8.056583056067E-1
-2.581690309171E1,8.057028935340E-1
-2.575061984520E1,8.064296419817E-1
-2.563937858374E1,8.087733981204E-1
-2.558037288478E1,8.097530939662E-1
-2.556011231834E1,8.099199727583E-1
-2.550999668072E1,8.107286011277E-1
-2.549992516270E1,8.110834709516E-1
-2.543513004634E1,8.119478095760E-1
-2.536375426263E1,8.131305717897E-1
-2.531656315937E1,8.139121567355E-1
-2.521704758440E1,8.154804588519E-1
-2.512068678118E1,8.169712209984E-1
-2.502387812583E1,8.185090155857E-1
-2.495416624608E1,8.194709805599E-1
-2.491107539766E1,8.203118606293E-1
-2.485809721348E1,8.209089412136E-1
-2.477068653845E1,8.221000451104E-1
-2.470912900447E1,8.228755425906E-1
-2.461765907417E1,8.241916295765E-1
-2.456468088998E1,8.247887101607E-1
-2.450740462215E1,8.256833695284E-1
-2.445187816182E1,8.265915552044E-1
-2.436892481868E1,8.279609716980E-1
-2.429685349016E1,8.289739324844E-1
-2.417321002922E1,8.305825136655E-1
-2.410113870070E1,8.315954744518E-1
-2.401818535756E1,8.329648909454E-1
-2.394847347782E1,8.339268559197E-1
-2.390538262940E1,8.347677359891E-1
-2.385240444521E1,8.353648165733E-1
-2.376499377018E1,8.365559204702E-1
-2.370343623621E1,8.373314179504E-1
-2.361196630590E1,8.386475049363E-1
-2.355898812171E1,8.392445855205E-1
-2.350171185388E1,8.401392448882E-1
-2.344618539355E1,8.410474305642E-1
-2.336323205041E1,8.424168470578E-1
-2.329116072189E1,8.434298078441E-1
-2.316751726095E1,8.450383890253E-1
-2.309544593243E1,8.460513498116E-1
-2.301249258929E1,8.474207663052E-1
-2.294278070955E1,8.483827312794E-1
-2.289968986113E1,8.492236113489E-1
-2.284671167694E1,8.498206919331E-1
-2.275930255223E1,8.510208307520E-1
-2.267858771051E1,8.520643642546E-1
-2.263068281373E1,8.526666923946E-1
-2.256409190657E1,8.534858586650E-1
-2.250340754744E1,8.542206989957E-1
-2.240958066311E1,8.555074453003E-1
-2.235230439528E1,8.564021046679E-1
-2.229677793495E1,8.573102903439E-1
-2.221382459181E1,8.586797068375E-1
-2.214175326329E1,8.596926676239E-1
-2.205477952411E1,8.608018868353E-1
-2.196136885120E1,8.619990140136E-1
-2.191106483378E1,8.626088712553E-1
-2.181765416087E1,8.638059984335E-1
-2.176735014345E1,8.644158556753E-1
-2.167393947054E1,8.656129828535E-1
-2.162363545312E1,8.662228400952E-1
-2.153022478020E1,8.674199672735E-1
-2.147992076279E1,8.680298245152E-1
-2.138651008987E1,8.692269516934E-1
-2.133620607245E1,8.698368089352E-1
-2.124279539954E1,8.710339361134E-1
-2.119249138212E1,8.716437933551E-1
-2.109908070921E1,8.728409205334E-1
-2.104877669179E1,8.734507777751E-1
-2.095536601888E1,8.746479049534E-1
-2.090506200146E1,8.752577621951E-1
-2.081165132854E1,8.764548893733E-1
-2.076134731113E1,8.770647466151E-1
-2.066793663821E1,8.782618737933E-1
-2.061763262079E1,8.788717310350E-1
-2.052422194788E1,8.800688582133E-1
-2.047391793046E1,8.806787154550E-1
-2.038050725755E1,8.818758426332E-1
-2.033020324013E1,8.824856998750E-1
-2.023679256722E1,8.836828270532E-1
-2.018648854980E1,8.842926842949E-1
-2.002850228039E1,8.862266367490E-1
-1.995157263438E1,8.870317182755E-1
-1.987880818593E1,8.877963077930E-1
-1.976679968968E1,8.889429997676E-1
-1.967661384477E1,8.899142234727E-1
-1.959099897567E1,8.908741915510E-1
-1.953217644811E1,8.916778965447E-1
-1.942894106129E1,8.928518388699E-1
-1.937397605515E1,8.935827294101E-1
-1.878492019528E1,9.001617777570E-1
-1.876613945680E1,9.004465318075E-1
-1.868452885620E1,9.015050854878E-1
-1.859579874377E1,9.026160082536E-1
-1.851192624415E1,9.036763567500E-1
-1.846160220176E1,9.041695129146E-1
-1.828971005268E1,9.063692654759E-1
-1.823046398166E1,9.070926866690E-1
-1.813385593171E1,9.082235235287E-1
-1.803220224108E1,9.092629502484E-1
-1.796457607623E1,9.100613392400E-1
-1.787046120165E1,9.109344108369E-1
-1.782076279962E1,9.115763922461E-1
-1.766252995490E1,9.133450923245E-1
-1.758432395683E1,9.142009762749E-1
-1.753604613494E1,9.148201878552E-1
-1.740401732141E1,9.161004013330E-1
-1.736427201890E1,9.165980328378E-1
-1.720569876806E1,9.182416094243E-1
-1.702588934470E1,9.201048567683E-1
-1.695520287632E1,9.209434009692E-1
-1.685239264937E1,9.219405886676E-1
-1.667344792889E1,9.238551099550E-1
-1.654141911537E1,9.251353234329E-1
-1.650167381286E1,9.256329549377E-1
-1.634310056201E1,9.272765315242E-1
-1.613560188986E1,9.294421407498E-1
-1.611021229457E1,9.297931680072E-1
-1.602386372987E1,9.305768961646E-1
-1.594839764512E1,9.313081601721E-1
-1.580921173564E1,9.325289502415E-1
-1.573833091188E1,9.332189141925E-1
-1.566068599495E1,9.339519225350E-1
-1.557479314100E1,9.347749692960E-1
-1.542606243050E1,9.362816452257E-1
-1.540923085569E1,9.365383761877E-1
-1.522570775754E1,9.383362344237E-1
-1.506044300453E1,9.398200150395E-1
-1.502703941443E1,9.401807665719E-1
-1.489059303834E1,9.414157739322E-1
-1.483945679255E1,9.418174172873E-1
-1.480303508288E1,9.422572537223E-1
-1.467964643039E1,9.434855924496E-1
-1.465053893216E1,9.437571876836E-1
-1.455588198604E1,9.446369342650E-1
-1.451525943760E1,9.450455196626E-1
-1.440434068625E1,9.459689429318E-1
-1.429158080767E1,9.469043522151E-1
-1.424998124162E1,9.473194795070E-1
-1.420088257983E1,9.476571345232E-1
-1.404601598475E1,9.489613765246E-1
-1.401146822008E1,9.492992910353E-1
-1.393982422206E1,9.498599496212E-1
-1.387035939331E1,9.504868357204E-1
-1.378648241189E1,9.512110510671E-1
-1.365225020162E1,9.524004009314E-1
-1.361762631586E1,9.527544793179E-1
-1.347708349823E1,9.539857995996E-1
-1.339247849224E1,9.546318281203E-1
-1.333892750374E1,9.551015884098E-1
-1.312722034133E1,9.567569046786E-1
-1.300159963083E1,9.577221269985E-1
-1.295561883646E1,9.581613860268E-1
-1.290652017468E1,9.584990410430E-1
-1.275165357959E1,9.598032830444E-1
-1.267852414604E1,9.604248182916E-1
-1.256576426746E1,9.613602275748E-1
-1.247506603962E1,9.621130098830E-1
-1.224562288638E1,9.639987091437E-1
-1.213912948366E1,9.647702848721E-1
-1.206126692366E1,9.654313856366E-1
-1.187292477207E1,9.668580689344E-1
-1.181174011949E1,9.672525710507E-1
-1.178464942744E1,9.674788015454E-1
-1.168217056318E1,9.681956937144E-1
-1.157708769327E1,9.688989118179E-1
-1.145842866864E1,9.697123285924E-1
-1.130540639558E1,9.708167793727E-1
-1.118706831745E1,9.717201738021E-1
-1.109704453421E1,9.724753028433E-1
-1.109394376947E1,9.725668694857E-1
-1.099585123190E1,9.733078203483E-1
-1.085610960340E1,9.724366561716E-1
-1.076938266073E1,9.749933714352E-1
-1.076541936788E1,9.734601046295E-1
-1.056435988214E1,9.756189042315E-1
-1.045419107855E1,9.767201940504E-1
-1.036607320790E1,9.774461534635E-1
-1.026939758395E1,9.781619885162E-1
-1.014604282710E1,9.790791700021E-1
-1.000624398742E1,9.801797877852E-1
-9.834713834214E0,9.818185310042E-1
-9.370957585898E0,9.831952158514E-1
-9.231481593528E0,9.838431126770E-1
-9.110495960935E0,9.843853423816E-1
-8.908892459229E0,9.852659078750E-1
-8.774816537342E0,9.857918769332E-1
-8.609284390961E0,9.863636966038E-1
-8.491340707009E0,9.867652728288E-1
-8.382379767959E0,9.871437446400E-1
-8.233178499968E0,9.876259299084E-1
-7.955759765191E0,9.884118463889E-1
-7.781342965674E0,9.888473552827E-1
-7.635139346686E0,9.891520787838E-1
-7.475060811912E0,9.894599842268E-1
-7.024042119350E0,9.904690183095E-1
-6.843784272141E0,9.907817571512E-1
-6.716404703396E0,9.909341268151E-1
-6.581598726849E0,9.910902434795E-1
-6.580805678396E0,9.910803149936E-1
-6.413827567471E0,9.913414116061E-1
-6.085749741884E0,9.919222029548E-1
-5.927055652988E0,9.922256953718E-1
-5.763776514690E0,9.925149471392E-1
-5.632464965950E0,9.926624518032E-1
-5.439481212342E0,9.927839482011E-1
-5.264604046139E0,9.928424331879E-1
-5.107722707109E0,9.928585669774E-1
-4.963697952720E0,9.928585669774E-1
-4.819673198332E0,9.928585669774E-1
-4.675648443943E0,9.928585669774E-1
-4.531623689554E0,9.928585669774E-1
-4.387598935165E0,9.928585669774E-1
-4.243574180777E0,9.928585669774E-1
-4.099549426388E0,9.928585669774E-1
-3.955524671999E0,9.928585669774E-1
-3.811499917610E0,9.928585669774E-1
-3.667475163221E0,9.928585669774E-1
-3.523450408833E0,9.928585669774E-1
-3.379425654444E0,9.928585669774E-1
-3.235400900055E0,9.928585669774E-1
-3.091376145666E0,9.928585669774E-1
-2.947351391278E0,9.928585669774E-1
-2.803326636889E0,9.928585669774E-1
-2.659301882500E0,9.928585669774E-1
-2.515277128111E0,9.928585669774E-1
-2.371252373723E0,9.928585669774E-1
-2.227227619334E0,9.928585669774E-1
-2.083202864945E0,9.928585669774E-1
-1.939178110556E0,9.928585669774E-1
-1.795153356167E0,9.928585669774E-1
-1.651125371945E0,9.928397442230E-1
-1.507090928054E0,9.927832759599E-1
-1.267019525623E0,9.926075969190E-1
-9.179897736016E-1,9.922539572914E-1
-6.786706388920E-1,9.919786507426E-1
-5.321450745376E-1,9.918337725725E-1
-2.661779679116E-1,9.916194023144E-1
-7.863012477053E-2,9.915284256682E-1
7.740099892922E-2,9.915033286624E-1
2.214257533180E-1,9.915033286624E-1
3.654505077068E-1,9.915033286624E-1
5.094752620955E-1,9.915033286624E-1
6.535000164843E-1,9.915033286624E-1
7.975247708731E-1,9.915033286624E-1
9.415495252618E-1,9.915033286624E-1
1.085574279651E0,9.915033286624E-1
1.229599034039E0,9.915033286624E-1
1.373623788428E0,9.915033286624E-1
1.517648542817E0,9.915033286624E-1
1.661673297206E0,9.915033286624E-1
1.805698051594E0,9.915033286624E-1
1.961727022072E0,9.914907801595E-1
2.125763827460E0,9.914405861478E-1
2.287086202119E0,9.913128195727E-1
2.489799294541E0,9.910442114088E-1
2.784319787448E0,9.904827938272E-1
2.923883458873E0,9.902191066002E-1
3.064595389562E0,9.899681365418E-1
3.531722995145E0,9.892148502879E-1
3.789726568602E0,9.886854541243E-1
3.912960001444E0,9.884529029343E-1
4.135736873619E0,9.881028222677E-1
4.558753830635E0,9.873901224603E-1
4.760202308149E0,9.867745356548E-1
4.969752214729E0,9.858905882156E-1
5.089404807176E0,9.853664692880E-1
5.233318503529E0,9.847924227319E-1
5.446213111890E0,9.839880302657E-1
5.617748945686E0,9.832621564106E-1
5.786328189508E0,9.823862709071E-1
5.936300310396E0,9.814598930358E-1
6.067627454699E0,9.805813433886E-1
6.214374756843E0,9.795471752562E-1
6.308111257728E0,9.788594245302E-1
6.425203727338E0,9.780289743853E-1
6.652749332694E0,9.764544338702E-1
6.762192736785E0,9.757811952810E-1
6.871637161001E0,9.751020116349E-1
7.011324240039E0,9.742196400220E-1
7.154569807480E0,9.733102809795E-1
7.267375758953E0,9.725710600804E-1
7.374732760798E0,9.718482663124E-1
7.477175069864E0,9.711249401837E-1
7.648410561730E0,9.698885323888E-1
7.762776584509E0,9.690202574707E-1
7.877252500533E0,9.681634291441E-1
8.046768636736E0,9.669613527661E-1
8.129371607750E0,9.663827702547E-1
8.220419209941E0,9.657481538515E-1
8.401842827953E0,9.646264888067E-1
8.577058734524E0,9.634375751940E-1
8.855609900715E0,9.613094403612E-1
8.981656593825E0,9.603173614245E-1
9.106711830763E0,9.593924234135E-1
9.197694342138E0,9.587639549967E-1
9.298959267472E0,9.580851595755E-1
9.695645792706E0,9.573705505403E-1
9.733301790518E0,9.565722900841E-1
9.779290230219E0,9.556255786656E-1
9.838793827164E0,9.545528168457E-1
9.934785063002E0,9.532093132823E-1
9.999116245240E0,9.524455429484E-1
1.012269282318E1,9.511162001803E-1
1.030292219541E1,9.491649650155E-1
1.050329111465E1,9.466548914872E-1
1.059291283438E1,9.453903070172E-1
1.064222046398E1,9.446302910383E-1
1.070552550875E1,9.435885480061E-1
1.076137991387E1,9.426370451320E-1
1.085739239834E1,9.433783858631E-1
1.095595270653E1,9.425123001428E-1
1.104339235179E1,9.417769707421E-1
1.112676904827E1,9.410229654251E-1
1.124870397555E1,9.398646420789E-1
1.141131322958E1,9.381931814905E-1
1.169670534006E1,9.356485406601E-1
1.182573318528E1,9.344436888190E-1
1.198834243931E1,9.327722282305E-1
1.216066899517E1,9.309354696355E-1
1.238352990455E1,9.284721985130E-1
1.246718268151E1,9.275065341749E-1
1.254410430959E1,9.266951395951E-1
1.261015177237E1,9.259980248600E-1
1.270441266565E1,9.250289870932E-1
1.287222833721E1,9.232657866272E-1
1.298644075226E1,9.218594797079E-1
1.314193474479E1,9.198777288655E-1
1.328626956323E1,9.180707444455E-1
1.343060438168E1,9.162637600255E-1
1.357493920012E1,9.144567756056E-1
1.373186240395E1,9.127301016043E-1
1.389237675246E1,9.110586410158E-1
1.405470303780E1,9.093194185116E-1
1.420624684557E1,9.074672594811E-1
1.441644526795E1,9.048559160242E-1
1.447286527581E1,9.041296714179E-1
1.469215662657E1,9.014853881408E-1
1.481406116352E1,8.999781560842E-1
1.555369196838E1,8.928845790548E-1
1.562120096653E1,8.920796967109E-1
1.573893871788E1,8.906962831138E-1
1.588406096368E1,8.891632145860E-1
1.602878716361E1,8.875976177312E-1
1.620111371948E1,8.857608591362E-1
1.644651491555E1,8.832571244196E-1
1.660488229362E1,8.816186685249E-1
1.676833824307E1,8.798981605478E-1
1.688255065812E1,8.784918536286E-1
1.706817473387E1,8.764179283284E-1
1.718035809920E1,8.753101236754E-1
1.728571837145E1,8.743214366759E-1
1.741145728361E1,8.731740099504E-1
1.756586101788E1,8.717505697072E-1
1.765314023279E1,8.709258763917E-1
1.773021797321E1,8.701790408329E-1
1.784983284275E1,8.690415807384E-1
1.798704624579E1,8.677530566905E-1
1.821198848085E1,8.656898872499E-1
1.830318209638E1,8.648961048083E-1
1.840801790315E1,8.640331087860E-1
1.854760951548E1,8.628685901650E-1
1.863362663241E1,8.620630715511E-1
1.874857054292E1,8.608130074916E-1
1.881246153186E1,8.600182459910E-1
1.891850789029E1,8.586314521400E-1
1.906279857746E1,8.566047548417E-1
1.926703966064E1,8.536555144244E-1
1.938936165363E1,8.516892780947E-1
1.956113083804E1,8.493915331334E-1
1.969927085459E1,8.476540217886E-1
1.983795713719E1,8.455590682396E-1
1.993395800642E1,8.441488256535E-1
2.009746527564E1,8.416208156637E-1
2.015539613061E1,8.405679147852E-1
2.021879197084E1,8.393082406535E-1
2.027163172108E1,8.382816590376E-1
2.037741543265E1,8.366809548940E-1
2.053077979503E1,8.343928779838E-1
2.058956886301E1,8.333345991755E-1
2.064877197054E1,8.322251811436E-1
2.070646009300E1,8.311334613899E-1
2.076969337051E1,8.299430647723E-1
2.084026023554E1,8.286437243340E-1
2.099173077012E1,8.261323125912E-1
2.114481852643E1,8.238225456376E-1
2.118500384849E1,8.230895309824E-1
2.123545001976E1,8.221596730222E-1
2.128625131967E1,8.211676685282E-1
2.142504528951E1,8.189043749113E-1
2.157813304583E1,8.165946079577E-1
2.161831836789E1,8.158615933025E-1
2.166876453915E1,8.149317353423E-1
2.171956583907E1,8.139397308484E-1
2.185835980890E1,8.116764372314E-1
2.202147478706E1,8.092267413075E-1
2.207617674210E1,8.083693363264E-1
2.214221140139E1,8.072796699641E-1
2.218798896251E1,8.064530658538E-1
2.223366458485E1,8.055917366136E-1
2.229411596529E1,8.044202083813E-1
2.244178311106E1,8.018452555829E-1
2.253889353896E1,8.004662007215E-1
2.305022151612E1,7.930771175070E-1
2.308735839547E1,7.921594084135E-1
2.315832042061E1,7.907410625366E-1
2.333030179531E1,7.881817155127E-1
2.346592112251E1,7.860793165186E-1
2.356109558005E1,7.845915660128E-1
2.361693604959E1,7.837121669285E-1
2.374193217853E1,7.817599638616E-1
2.378525377405E1,7.810282294420E-1
2.384532255531E1,7.800018440140E-1
2.389553594684E1,7.791562585693E-1
2.405504105866E1,7.765444620626E-1
2.418806031082E1,7.743339177888E-1
2.428323476836E1,7.728461672830E-1
2.433907523790E1,7.719667681986E-1
2.446060658321E1,7.700300094431E-1
2.450185681405E1,7.692638011143E-1
2.457195978614E1,7.679768462113E-1
2.462815458999E1,7.668976749605E-1
2.468835223469E1,7.658059552068E-1
2.474454703854E1,7.647267839560E-1
2.480074184239E1,7.636476127051E-1
2.486093948709E1,7.625558929514E-1
2.491713429094E1,7.614767217006E-1
2.497733193564E1,7.603850019469E-1
2.503568559361E1,7.592788031513E-1
2.510010595394E1,7.579948568804E-1
2.515670270471E1,7.568567007711E-1
2.519860419737E1,7.559708247286E-1
2.523840248783E1,7.551751669063E-1
2.533317859471E1,7.531570642670E-1
2.537327280229E1,7.523453227991E-1
2.542837656768E1,7.512718684506E-1
2.546584538951E1,7.505055427853E-1
2.550546531596E1,7.496448523780E-1
2.554417425475E1,7.488669755712E-1
2.558646080089E1,7.480566682179E-1
2.563973857534E1,7.470208463408E-1
2.569993622003E1,7.459291265871E-1
2.575613102389E1,7.448499553363E-1
2.581232582774E1,7.437707840855E-1
2.587910219392E1,7.425523081555E-1
2.592848373162E1,7.416950335485E-1
2.601711297405E1,7.403204477235E-1
2.607295344359E1,7.394410486392E-1
2.619448478889E1,7.375042898836E-1
2.623573501974E1,7.367380815548E-1
2.630583799183E1,7.354511266518E-1
2.636203279568E1,7.343719554010E-1
2.642223044037E1,7.332802356473E-1
2.648189002787E1,7.321856200852E-1
2.654107888777E1,7.311440943431E-1
2.659031965025E1,7.303097724648E-1
2.664053304179E1,7.294641870201E-1
2.680003815361E1,7.268523905134E-1
2.691677900923E1,7.248553989438E-1
2.695802924008E1,7.240891906150E-1
2.700003481024E1,7.233418213374E-1
2.705622961409E1,7.222626500866E-1
2.711242441795E1,7.211834788358E-1
2.717262206264E1,7.200917590821E-1
2.722881686649E1,7.190125878313E-1
2.728901451119E1,7.179208680775E-1
2.734736816916E1,7.168146692820E-1
2.741178852949E1,7.155307230110E-1
2.746838528026E1,7.143925669017E-1
2.751028677292E1,7.135066908593E-1
2.755008506339E1,7.127110330370E-1
2.764486117027E1,7.106929303976E-1
2.768495537784E1,7.098811889298E-1
2.774005914323E1,7.088077345813E-1
2.779702912177E1,7.076863090989E-1
2.784185077714E1,7.068177245424E-1
2.789702559291E1,7.057480597332E-1
2.793643413424E1,7.049959100736E-1
2.807773106158E1,7.021869148911E-1
2.848994172839E1,6.947746492486E-1
2.851774665254E1,6.939726613898E-1
2.855133650241E1,6.931608791801E-1
2.865644515562E1,6.908161017780E-1
2.869653936319E1,6.900043603101E-1
2.878195029283E1,6.883154361168E-1
2.883397039065E1,6.872814655513E-1
2.888568956749E1,6.863055505530E-1
2.893059645738E1,6.855104996805E-1
2.898570297358E1,6.845209361482E-1
2.913289009425E1,6.816347804774E-1
2.918902361282E1,6.805595068676E-1
2.923383464573E1,6.797225482576E-1
2.928768737020E1,6.786970560172E-1
2.928994316075E1,6.786655641013E-1
2.933237546080E1,6.778044538017E-1
2.937917878545E1,6.768455551250E-1
2.941880151260E1,6.760288687196E-1
2.946674461731E1,6.749872622459E-1
2.951559046122E1,6.739131542722E-1
2.955460827711E1,6.731551269155E-1
2.981599730201E1,6.733521318313E-1
2.984108938924E1,6.724186405962E-1
2.987564280464E1,6.711455484018E-1
2.989731204754E1,6.703407833839E-1
2.992329849757E1,6.693257571274E-1
2.994646178986E1,6.684314548504E-1
2.996501408923E1,6.675900777299E-1
2.999890994681E1,6.660502227669E-1
3.002536287990E1,6.649075973615E-1
3.005104109776E1,6.638945298314E-1
3.008458089901E1,6.627833897755E-1
3.012206783435E1,6.617121245412E-1
3.019431838730E1,6.601088726503E-1
3.023432051920E1,6.592528295767E-1
3.028462435748E1,6.581629616360E-1
3.034147721149E1,6.569533853024E-1
3.037946460958E1,6.561375900162E-1
3.042331748508E1,6.551783534952E-1
3.051806001231E1,6.530436021790E-1
3.059538142329E1,6.515110616662E-1
3.063878912168E1,6.507375523903E-1
3.068614771848E1,6.499029628691E-1
3.075928053429E1,6.485692362734E-1
3.082963720633E1,6.470603684299E-1
3.085920181415E1,6.461305243638E-1
3.089289927131E1,6.449717149355E-1
3.092959825929E1,6.435571849442E-1
3.095861831710E1,6.423035895029E-1
3.098037706229E1,6.414000972929E-1
3.100513632319E1,6.404966050829E-1
3.102809527467E1,6.395931128729E-1
3.105045412300E1,6.386896206629E-1
3.107221286818E1,6.377861284530E-1
3.111569896765E1,6.358290101588E-1
3.113147384054E1,6.350475670784E-1
3.126406188463E1,6.375719702616E-1
3.135181374757E1,6.356937331605E-1
3.139070441908E1,6.348585399071E-1
3.143032434554E1,6.339978494998E-1
3.146903328433E1,6.332199726930E-1
3.151131983046E1,6.324096653397E-1
3.156645103269E1,6.313333021455E-1
3.163731013971E1,6.299388497589E-1
3.168033835993E1,6.290328237166E-1
3.172419123543E1,6.280735871956E-1
3.179025748837E1,6.265878444503E-1
3.185196156676E1,6.251951887812E-1
3.190158488490E1,6.241470340198E-1
3.195095128728E1,6.231083617772E-1
3.199071239384E1,6.222539776507E-1
3.203051068431E1,6.214583198284E-1
3.212528679119E1,6.194402171891E-1
3.216538099876E1,6.186284757212E-1
3.222048476416E1,6.175550213727E-1
3.225795358598E1,6.167886957074E-1
3.230825742426E1,6.156988277667E-1
3.236511027827E1,6.144892514331E-1
3.240309767636E1,6.136734561469E-1
3.244695055186E1,6.127142196259E-1
3.254379629996E1,6.105310082730E-1
3.258818241339E1,6.095613132037E-1
3.262668167957E1,6.087840936994E-1
3.267693241451E1,6.078271481264E-1
3.272975605474E1,6.068338933787E-1
3.280589029565E1,6.054040289539E-1
3.290965763658E1,6.032275514210E-1
3.299572018684E1,6.009269498710E-1
3.337799746685E1,5.927431631570E-1
3.342131725387E1,5.918410683939E-1
3.345884460126E1,5.910304065862E-1
3.355569034937E1,5.888471952333E-1
3.360007646279E1,5.878775001640E-1
3.365405233811E1,5.868357842931E-1
3.370477815227E1,5.858353263788E-1
3.375574443471E1,5.847378150083E-1
3.379146272088E1,5.839560294871E-1
3.382722754978E1,5.831592133414E-1
3.387146348773E1,5.821869939462E-1
3.390722831663E1,5.813901778006E-1
3.396704116388E1,5.800813551568E-1
3.402386371494E1,5.789307539664E-1
3.409472282196E1,5.775363015798E-1
3.413775104219E1,5.766302755375E-1
3.418160391769E1,5.756710390164E-1
3.427844966579E1,5.734878276636E-1
3.433330909562E1,5.722949902932E-1
3.438889837708E1,5.711216253537E-1
3.442688577516E1,5.703058300676E-1
3.447073865066E1,5.693465935465E-1
3.456758439877E1,5.671633821937E-1
3.462244382859E1,5.659705448233E-1
3.467803311005E1,5.647971798838E-1
3.471602050814E1,5.639813845977E-1
3.475987338364E1,5.630221480766E-1
3.485671913175E1,5.608389367238E-1
3.491157856157E1,5.596460993534E-1
3.496716784303E1,5.584727344139E-1
3.500515524112E1,5.576569391278E-1
3.504900811662E1,5.566977026067E-1
3.514585386472E1,5.545144912539E-1
3.520071329454E1,5.533216538835E-1
3.525630257600E1,5.521482889440E-1
3.529428997409E1,5.513324936579E-1
3.533814284959E1,5.503732571368E-1
3.543288537683E1,5.482385058207E-1
3.548262147255E1,5.472286023060E-1
3.552325087619E1,5.464317723708E-1
3.558186648950E1,5.451807436686E-1
3.572570896381E1,5.419509301339E-1
3.576278988884E1,5.411378924470E-1
3.580583609655E1,5.402539474310E-1
3.585065464888E1,5.393496167041E-1
3.590671117181E1,5.381194100342E-1
3.594795975380E1,5.371411503923E-1
3.600648063887E1,5.358266903242E-1
3.604477995040E1,5.349589444239E-1
3.610556662732E1,5.336138100983E-1
3.616219118637E1,5.323872539019E-1
3.622674016502E1,5.309085599637E-1
3.629043266288E1,5.295022448543E-1
3.633291351230E1,5.286344989540E-1
3.640014285500E1,5.272893646284E-1
3.646119662975E1,5.260025434424E-1
3.651504060854E1,5.248133460990E-1
3.655329172653E1,5.238571889338E-1
3.658539443916E1,5.230795788297E-1
3.662116318818E1,5.221224953610E-1
3.666911170610E1,5.209263610314E-1
3.675777841401E1,5.189470233626E-1
3.680320465228E1,5.179652785129E-1
3.686270373031E1,5.167623114545E-1
3.691876025325E1,5.155321047845E-1
3.696000883523E1,5.145538451426E-1
3.704691314698E1,5.126225778927E-1
3.709233938526E1,5.116408330430E-1
3.715183846329E1,5.104378659846E-1
3.720789498622E1,5.092076593146E-1
3.724914356820E1,5.082293996727E-1
3.733512464435E1,5.062981324228E-1
3.737777068450E1,5.053163875731E-1
3.743149897287E1,5.041790312585E-1
3.746542527096E1,5.034407534820E-1
3.752624647474E1,5.020774115001E-1
3.759764695474E1,5.004643083450E-1
3.798821113818E1,4.915320272951E-1
3.803707379530E1,4.905288013766E-1
3.808805006112E1,4.895524561440E-1
3.813679440711E1,4.885933919925E-1
3.821016946662E1,4.869803715748E-1
3.824344089024E1,4.861310888974E-1
3.830166387697E1,4.847314679943E-1
3.833867350672E1,4.838893405961E-1
3.838981976593E1,4.827290823235E-1
3.844354805430E1,4.815917260089E-1
3.847747435239E1,4.808534482324E-1
3.852946237080E1,4.797152814675E-1
3.860496035450E1,4.779049683304E-1
3.864339089968E1,4.769478848617E-1
3.869320986897E1,4.757517505321E-1
3.878095334126E1,4.737724128633E-1
3.882359938141E1,4.727906680136E-1
3.887732766978E1,4.716533116990E-1
3.891125396787E1,4.709150339225E-1
3.896324198628E1,4.697768671576E-1
3.903873996998E1,4.679665540206E-1
3.907717051516E1,4.670094705519E-1
3.912698948444E1,4.658133362222E-1
3.918727276566E1,4.644508057353E-1
3.922722071220E1,4.635830598351E-1
3.929180024882E1,4.622379255094E-1
3.935285402357E1,4.609511043234E-1
3.940669800236E1,4.597619069800E-1
3.944494912035E1,4.588057498148E-1
3.947705183298E1,4.580281397107E-1
3.951282058200E1,4.570710562420E-1
3.956076909992E1,4.558749219124E-1
3.962105238114E1,4.545123914254E-1
3.966100032768E1,4.536446455252E-1
3.972557986430E1,4.522995111996E-1
3.978663363905E1,4.510126900136E-1
3.984047761784E1,4.498234926702E-1
3.987872873583E1,4.488673355050E-1
3.991083144846E1,4.480897254009E-1
3.994660019747E1,4.471326419322E-1
3.999454871540E1,4.459365076026E-1
4.005483199662E1,4.445739771156E-1
4.009477994316E1,4.437062312154E-1
4.015935947977E1,4.423610968898E-1
4.022041325453E1,4.410742757037E-1
4.027425723331E1,4.398850783603E-1
4.031250835130E1,4.389289211951E-1
4.034461106394E1,4.381513110911E-1
4.038037981295E1,4.371942276224E-1
4.042832833088E1,4.359980932927E-1
4.048861161210E1,4.346355628058E-1
4.052855955864E1,4.337678169055E-1
4.059313909525E1,4.324226825799E-1
4.065419287001E1,4.311358613939E-1
4.070803684879E1,4.299466640505E-1
4.074628796678E1,4.289905068853E-1
4.077839067941E1,4.282128967812E-1
4.081415942843E1,4.272558133125E-1
4.086210794636E1,4.260596789829E-1
4.092239122758E1,4.246971484959E-1
4.096233917412E1,4.238294025957E-1
4.102691871073E1,4.224842682701E-1
4.108797248549E1,4.211974470840E-1
4.114181646427E1,4.200082497406E-1
4.118006758226E1,4.190520925754E-1
4.121217029489E1,4.182744824714E-1
4.124793904391E1,4.173173990027E-1
4.129588756184E1,4.161212646730E-1
4.138363103414E1,4.141419270043E-1
4.142627707428E1,4.131601821546E-1
4.148000536265E1,4.120228258400E-1
4.151393166074E1,4.112845480635E-1
4.156591967915E1,4.101463812986E-1
4.161724620158E1,4.089019918535E-1
4.165126433655E1,4.081099845048E-1
4.168306984822E1,4.073256190815E-1
4.171743198949E1,4.065352439157E-1
4.175739058265E1,4.055297534374E-1
4.179918250892E1,4.044960156648E-1
4.182958518208E1,4.037116502416E-1
4.186207687199E1,4.029212750758E-1
4.190418751746E1,4.019005757535E-1
4.193843583170E1,4.010801652466E-1
4.232600729296E1,3.921478841967E-1
4.237326967503E1,3.911446582782E-1
4.241984518447E1,3.901683130455E-1
4.246601765985E1,3.892092488941E-1
4.255783028924E1,3.870626400575E-1
4.264185708237E1,3.849695008808E-1
4.267431049979E1,3.841683360082E-1
4.272156172206E1,3.830809336415E-1
4.279826665882E1,3.812313018620E-1
4.283669720400E1,3.802742183933E-1
4.288651617328E1,3.790780840636E-1
4.297425964558E1,3.770987463948E-1
4.301690568573E1,3.761170015452E-1
4.307063397409E1,3.749796452305E-1
4.310456027218E1,3.742413674540E-1
4.315654829059E1,3.731032006892E-1
4.320787481302E1,3.718588112441E-1
4.324189294799E1,3.710668038954E-1
4.327369845966E1,3.702824384721E-1
4.330806060093E1,3.694920633063E-1
4.334801919409E1,3.684865728280E-1
4.338122340432E1,3.676789187122E-1
4.341699215333E1,3.667218352435E-1
4.346494067126E1,3.655257009138E-1
4.352522395248E1,3.641631704269E-1
4.356352326401E1,3.632954245266E-1
4.362430994093E1,3.619502902010E-1
4.368212747996E1,3.606889843043E-1
4.373124387593E1,3.595508175394E-1
4.379106470104E1,3.580609914118E-1
4.383115949575E1,3.570635697086E-1
4.387841071802E1,3.559761673419E-1
4.393094419351E1,3.546924592543E-1
4.396496232847E1,3.539004519056E-1
4.399676784014E1,3.531160864824E-1
4.403112998142E1,3.523257113166E-1
4.407108857458E1,3.513202208383E-1
4.410429278480E1,3.505125667224E-1
4.414006153382E1,3.495554832537E-1
4.418801005174E1,3.483593489241E-1
4.424829333296E1,3.469968184371E-1
4.428659264449E1,3.461290725369E-1
4.434737932141E1,3.447839382113E-1
4.440519686044E1,3.435226323145E-1
4.445431325642E1,3.423844655497E-1
4.451413408152E1,3.408946394220E-1
4.455422887623E1,3.398972177189E-1
4.460148009851E1,3.388098153522E-1
4.465401357399E1,3.375261072646E-1
4.468803170895E1,3.367340999159E-1
4.471983722063E1,3.359497344926E-1
4.475419936190E1,3.351593593268E-1
4.479415795506E1,3.341538688486E-1
4.482736216528E1,3.333462147327E-1
4.486313091430E1,3.323891312640E-1
4.491107943223E1,3.311929969344E-1
4.499882290453E1,3.292136592656E-1
4.504146894467E1,3.282319144159E-1
4.509519723304E1,3.270945581013E-1
4.512912353113E1,3.263562803248E-1
4.518111154954E1,3.252181135599E-1
4.523243807197E1,3.239737241148E-1
4.526645620693E1,3.231817167661E-1
4.529826171861E1,3.223973513429E-1
4.533262385988E1,3.216069761770E-1
4.537258245304E1,3.206014856988E-1
4.541437437931E1,3.195677479262E-1
4.544477705247E1,3.187833825029E-1
4.547726874238E1,3.179930073371E-1
4.551722733554E1,3.169875168588E-1
4.555901926181E1,3.159537790862E-1
4.558942193497E1,3.151694136630E-1
4.562191362488E1,3.143790384972E-1
4.566187221804E1,3.133735480189E-1
4.569507642827E1,3.125658939030E-1
4.573084517729E1,3.116088104343E-1
4.577879369521E1,3.104126761047E-1
4.586653716751E1,3.084333384359E-1
4.590918320766E1,3.074515935862E-1
4.596291149603E1,3.063142372716E-1
4.599683779411E1,3.055759594951E-1
4.604882581252E1,3.044377927303E-1
4.612641687188E1,3.025511487172E-1
4.615792002037E1,3.016472418801E-1
4.619024331743E1,3.006960083204E-1
4.650950545618E1,2.929605366620E-1
4.654388480320E1,2.921788627109E-1
4.657963760084E1,2.914224650299E-1
4.664579572787E1,2.897722228191E-1
4.677353501364E1,2.867568175682E-1
4.683075240983E1,2.855469850308E-1
4.686557776620E1,2.847917220115E-1
4.691281116287E1,2.836574719006E-1
4.697263198798E1,2.821676457730E-1
4.701186949248E1,2.811702240698E-1
4.705624909232E1,2.800828217031E-1
4.711727687048E1,2.785536769330E-1
4.715651437499E1,2.775562552299E-1
4.720089397482E1,2.764688528632E-1
4.726011595284E1,2.749717067755E-1
4.728893296090E1,2.741939509408E-1
4.732523356012E1,2.731406108021E-1
4.738178246098E1,2.715173996461E-1
4.743559735369E1,2.700047767790E-1
4.746430117560E1,2.692525247423E-1
4.750214206539E1,2.683009357879E-1
4.754210065855E1,2.672954453096E-1
4.758389258482E1,2.662617075370E-1
4.761197774819E1,2.654773421138E-1
4.764104370302E1,2.646869669479E-1
4.769158635031E1,2.631619684489E-1
4.771831836011E1,2.621537664410E-1
4.773737399661E1,2.612762838552E-1
4.778027892926E1,2.596599714926E-1
4.782485759206E1,2.585724074119E-1
4.787443526932E1,2.575289032435E-1
4.792065778000E1,2.565023118496E-1
4.797752002344E1,2.550496433727E-1
4.800456787266E1,2.540976275686E-1
4.802681879364E1,2.531448539654E-1
4.806097825324E1,2.516561452103E-1
4.809974176279E1,2.505241398732E-1
4.817148773321E1,2.491559042677E-1
4.822568091562E1,2.481392056947E-1
4.827836373885E1,2.470672454455E-1
4.833733369646E1,2.457059434833E-1
4.837509868132E1,2.448395702715E-1
4.844660334305E1,2.436462668765E-1
4.850322589700E1,2.427644690976E-1
4.854744326422E1,2.419722145396E-1
4.859398310399E1,2.410871686289E-1
4.868814772781E1,2.392416546011E-1
4.872760763880E1,2.383552147536E-1
4.881181654143E1,2.365179346623E-1
4.890459967615E1,2.347064824237E-1
4.895703534744E1,2.337832399117E-1
4.899798702216E1,2.330397604307E-1
4.909802185053E1,2.311242847384E-1
4.919357937710E1,2.292855291638E-1
4.924601504839E1,2.283622866518E-1
4.928696672311E1,2.276188071708E-1
4.938700155148E1,2.257033314784E-1
4.948255907804E1,2.238645759038E-1
4.953499474934E1,2.229413333919E-1
4.957594642406E1,2.221978539109E-1
4.967598125242E1,2.202823782185E-1
4.980577233885E1,2.178417020368E-1
4.984527522203E1,2.170987528272E-1
4.993426735566E1,2.152364847930E-1
4.998580202864E1,2.135982470241E-1
5.000486452444E1,2.127556232017E-1
5.034577655249E1,2.143193296326E-1
5.042860814391E1,2.099050856103E-1
5.044749716491E1,2.090880840774E-1
5.047474621234E1,2.079858313142E-1
5.050568127410E1,2.066998379735E-1
5.052527669535E1,2.058503194051E-1
5.054547012151E1,2.046479474648E-1
5.055153145395E1,2.034222097000E-1
5.055754593533E1,2.022197045919E-1
5.056741884861E1,2.013382977471E-1
5.092362436091E1,1.946339001563E-1
5.096875879556E1,1.938768806914E-1
5.103760898893E1,1.926739986686E-1
5.112762632655E1,1.903316114575E-1
5.129428176384E1,1.871444742404E-1
5.135547862127E1,1.859099753389E-1
5.140559014059E1,1.844623344116E-1
5.143690230388E1,1.832040618009E-1
5.145707369336E1,1.822252785735E-1
5.149052172299E1,1.808837295344E-1
5.151827398477E1,1.798322627705E-1
5.154095575217E1,1.790604483574E-1
5.157201584860E1,1.779085935702E-1
5.160382732292E1,1.767567387830E-1
5.162665496228E1,1.758175566751E-1
5.164581806574E1,1.750049460469E-1
5.166848490847E1,1.740687516778E-1
5.190453519649E1,1.748017083542E-1
5.208872263227E1,1.710262925127E-1
5.214376506596E1,1.699742422765E-1
5.218856427739E1,1.691817887250E-1
5.224520612895E1,1.683099067373E-1
5.244493193949E1,1.655707751287E-1
5.251377445979E1,1.645440794355E-1
5.267521594332E1,1.614587896163E-1
5.273618892415E1,1.605584759561E-1
5.287565163041E1,1.587299088190E-1
5.296650251441E1,1.574820111073E-1
5.301818589347E1,1.567539026793E-1
5.309636514136E1,1.555817066634E-1
5.320685941014E1,1.540261562800E-1
5.326819595295E1,1.531391312425E-1
5.331511954747E1,1.524216521346E-1
5.339836304133E1,1.510982847458E-1
5.352316215049E1,1.491889213328E-1
5.358009868323E1,1.482730562341E-1
5.362613190189E1,1.474850240405E-1
5.376378710435E1,1.446365828263E-1
5.382714769604E1,1.432900168932E-1
5.386953523153E1,1.425305267032E-1
5.391048690625E1,1.417870472221E-1
5.401052173462E1,1.398715715298E-1
5.410607926118E1,1.380328159552E-1
5.415851493247E1,1.371095734432E-1
5.419946660720E1,1.363660939622E-1
5.429950143556E1,1.344506182699E-1
5.442929252198E1,1.320099420882E-1
5.446879540517E1,1.312669928786E-1
5.454104997474E1,1.298555495558E-1
5.465599429826E1,1.271566561593E-1
5.471221588510E1,1.261077341967E-1
5.476001805221E1,1.253168858350E-1
5.484326154607E1,1.239935184462E-1
5.496806065523E1,1.220841550333E-1
5.504884272113E1,1.207994247851E-1
5.513208621499E1,1.194760573963E-1
5.528537884072E1,1.170376612455E-1
5.535250625996E1,1.160834871219E-1
5.547836284004E1,1.145637094212E-1
5.557473556498E1,1.133798867964E-1
5.562641894405E1,1.126517783684E-1
5.570958052080E1,1.113446275064E-1
5.586287314653E1,1.089062313556E-1
5.593000056577E1,1.079520572321E-1
5.605585714585E1,1.064322795314E-1
5.617522848137E1,1.049593335591E-1
5.621972891997E1,1.042220530884E-1
5.628999866282E1,1.027628813000E-1
5.632170485481E1,1.018169815853E-1
5.687489967426E1,9.415782356592E-2
5.691353208696E1,9.321655139894E-2
5.707905967603E1,9.039044927782E-2
5.715386984303E1,8.908772047207E-2
5.720381108550E1,8.818327109922E-2
5.726606203701E1,8.727668150252E-2
5.735517539125E1,8.626269602625E-2
5.759276766867E1,8.407214361113E-2
5.771142071303E1,8.269627557169E-2
5.778273517506E1,8.191421175196E-2
5.786971161114E1,8.116293483438E-2
5.795638725597E1,8.051753758908E-2
5.816979687840E1,7.865119035122E-2
5.828844992276E1,7.727532231177E-2
5.835976438479E1,7.649325849205E-2
5.844674082087E1,7.574198157447E-2
5.853341646570E1,7.509658432917E-2
5.874682608812E1,7.323023709130E-2
5.881872194521E1,7.241046132220E-2
5.888869906563E1,7.156346495447E-2
5.894602939859E1,7.081288740953E-2
5.902566086565E1,6.972808155497E-2
5.917155823129E1,6.800470952736E-2
5.923469903548E1,6.719891856959E-2
5.931433050255E1,6.611411271503E-2
5.950843811417E1,6.379336156809E-2
5.955913166223E1,6.309174582389E-2
5.962198611103E1,6.229231634701E-2
5.975855361770E1,6.079245058134E-2
5.983384938163E1,6.001592891260E-2
5.989778263982E1,5.930004371600E-2
6.000711291045E1,5.804683026346E-2
6.006929491035E1,5.735940081641E-2
6.016853006747E1,5.631523356702E-2
6.024427310243E1,5.554342058656E-2
6.047440505761E1,5.386353582829E-2
6.058080780226E1,5.297944482921E-2
6.073501190359E1,5.186008682891E-2
6.084422098324E1,5.113591425778E-2
6.098675034467E1,5.033704965157E-2
6.112110689060E1,4.973037487397E-2
6.127237347095E1,4.912291325552E-2
6.141227118094E1,4.855630886054E-2
6.160708062066E1,4.776128535818E-2
6.188842272090E1,4.671846339713E-2
6.200792892522E1,4.632935435712E-2
6.226396615414E1,4.553773160450E-2
6.244866221165E1,4.495314211584E-2
6.257872308305E1,4.453515833791E-2
6.271314586238E1,4.411430430288E-2
6.282292052962E1,4.376467704650E-2
6.306631437834E1,4.297170858088E-2
6.334439795967E1,4.219932387341E-2
6.351811834538E1,4.177685670277E-2
6.380191279862E1,4.110145873980E-2
6.394446867778E1,4.071199837009E-2
6.432218051657E1,3.951058684607E-2
6.446521972920E1,3.914033348051E-2
6.460483804698E1,3.892188485444E-2
6.474249807595E1,3.873639516588E-2
6.490012658027E1,3.854881917901E-2
6.511739436163E1,3.829645982215E-2
6.534835360895E1,3.806592589714E-2
6.547580411065E1,3.793255323757E-2
6.569003760454E1,3.765218382955E-2
6.606042757659E1,3.741555491741E-2
6.620445233098E1,3.741555491741E-2
6.634847708537E1,3.741555491741E-2
6.649250183976E1,3.741555491741E-2
6.664424220599E1,3.741555491741E-2
6.680498411937E1,3.741555491741E-2
6.705196192742E1,3.730786594693E-2
6.720254947080E1,3.710226677652E-2
6.738846557109E1,3.686695593177E-2
6.752135846160E1,3.671907808392E-2
6.764789724733E1,3.662157691470E-2
6.788998618673E1,3.652232966436E-2
6.807893166710E1,3.649951420451E-2
6.826117483100E1,3.643049743847E-2
6.842579014858E1,3.629417506588E-2
6.864686815887E1,3.601553311410E-2
6.879908099168E1,3.574068597861E-2
6.894872255950E1,3.542554161919E-2
6.910559930871E1,3.514039726136E-2
6.924565073113E1,3.493483462434E-2
6.937650436406E1,3.481459249472E-2
6.961859330345E1,3.471534524438E-2
6.980753878382E1,3.469252978454E-2
6.998157730826E1,3.464233577287E-2
7.016602860196E1,3.452814439633E-2
7.034226155467E1,3.434608866728E-2
7.047174425646E1,3.416029399655E-2
7.199038181991E1,3.289809386748E-2
7.212256608926E1,3.288905894538E-2
7.231954993220E1,3.281419816227E-2
7.251974273455E1,3.267821802157E-2
7.280816638953E1,3.234481896616E-2
7.296276892832E1,3.214047800390E-2
7.309472195331E1,3.193710669868E-2
7.325251811688E1,3.168848408970E-2
7.343843544759E1,3.144600267185E-2
7.357132833810E1,3.129812482401E-2
7.369786712383E1,3.120062365478E-2
7.393995606323E1,3.110137640444E-2
7.411689732751E1,3.109110944751E-2
7.427092380095E1,3.109110944751E-2
7.441494855534E1,3.109110944751E-2
7.455897330973E1,3.109110944751E-2
7.470299806412E1,3.109110944751E-2
7.484702281851E1,3.109110944751E-2
7.499104757290E1,3.109110944751E-2
7.513507232729E1,3.109110944751E-2
7.527909708167E1,3.109110944751E-2
7.542312183606E1,3.109110944751E-2
7.556714659045E1,3.109110944751E-2
7.571117134484E1,3.109110944751E-2
7.585519609923E1,3.109110944751E-2
7.599922085362E1,3.109110944751E-2
7.614324560801E1,3.109110944751E-2
7.628727036240E1,3.109110944751E-2
7.643129511678E1,3.109110944751E-2
7.657531987117E1,3.109110944751E-2
7.673134884165E1,3.107856094459E-2
7.689538564704E1,3.102836693293E-2
7.703942547399E1,3.094052741251E-2
7.720928067447E1,3.078894149728E-2
7.743056477892E1,3.052040353487E-2
7.757187113282E1,3.033349358393E-2
7.770382415780E1,3.013012227871E-2
7.786162032138E1,2.988149966973E-2
7.804753765209E1,2.963901825188E-2
7.818043054260E1,2.949114040404E-2
7.831483863925E1,2.938611013306E-2
7.858067403541E1,2.923415917047E-2
7.875783062195E1,2.913479784283E-2
7.893788779119E1,2.898195707731E-2
7.915917189564E1,2.871341911490E-2
7.930047824954E1,2.852650916396E-2
7.943243127453E1,2.832313785874E-2
7.959022743810E1,2.807451524976E-2
7.977614476881E1,2.783203383191E-2
7.990903765932E1,2.768415598407E-2
8.003557644505E1,2.758665481484E-2
8.027766538445E1,2.748740756450E-2
8.046661086482E1,2.746459210465E-2
8.064064938926E1,2.741439809298E-2
8.078468921621E1,2.732655857257E-2
8.095454441669E1,2.717497265734E-2
8.117582852114E1,2.690643469493E-2
8.131713487504E1,2.671952474399E-2
8.149729066228E1,2.643693114203E-2
8.169421327173E1,2.614538372568E-2
8.183427182205E1,2.597499172891E-2
8.201122984603E1,2.576282205529E-2
8.213774114894E1,2.559949846348E-2
8.252231036877E1,2.511371971541E-2
8.265964678307E1,2.478925128286E-2
8.309588820636E1,2.367817098177E-2
8.322910240149E1,2.343820624883E-2
8.338435180114E1,2.324419272953E-2
8.372408798493E1,2.295089560560E-2
8.385700299427E1,2.267106399056E-2
8.424376847509E1,2.185786396292E-2
8.437787157108E1,2.163789046183E-2
8.453685990031E1,2.143720830956E-2
8.490661219753E1,2.109520017885E-2
8.506440836110E1,2.084657756987E-2
8.525032569181E1,2.060409615202E-2
8.538321858232E1,2.045621830418E-2
8.550975736805E1,2.035871713495E-2
8.575184630745E1,2.025946988461E-2
8.594079178782E1,2.023665442476E-2
8.611483031226E1,2.018646041310E-2
8.625887013921E1,2.009862089268E-2
8.642872533969E1,1.994703497745E-2
8.665000944414E1,1.967849701504E-2
8.679131579804E1,1.949158706410E-2
8.692326882303E1,1.928821575888E-2
8.708106498660E1,1.903959314990E-2
8.726698231731E1,1.879711173205E-2
8.739987520782E1,1.864923388421E-2
8.752641399355E1,1.855173271498E-2
8.776850293295E1,1.845248546464E-2
8.794544419723E1,1.844221850771E-2
8.826475622214E1,1.844221850771E-2
8.843569988895E1,1.844221850771E-2
