Line 14 x;Line 14 y
"-8,894617346759E1";1,185470669047E0
"-8,894617346759E1";1,185824708628E0
"-8,894617346759E1";1,186178748209E0
"-8,894617346759E1";1,186532787789E0
"-8,894617346759E1";1,186886827370E0
"-8,894617346759E1";1,187240866950E0
"-8,894617346759E1";1,187594906531E0
"-8,894617346759E1";1,187948946111E0
"-8,894617346759E1";1,188302985692E0
"-8,894617346759E1";1,188657025273E0
"-8,894617346759E1";1,189011064853E0
"-8,894617346759E1";1,189365104434E0
"-8,894617346759E1";1,189719144014E0
"-8,894617346759E1";1,190073183595E0
"-8,894617346759E1";1,190427223175E0
"-8,894617346759E1";1,190781262756E0
"-8,894617346759E1";1,191135302337E0
"-8,894617346759E1";1,191489341917E0
"-8,894617346759E1";1,191843381498E0
"-8,894617346759E1";1,192197421078E0
"-8,894617346759E1";1,192551460659E0
"-8,894617346759E1";1,192905500239E0
"-8,894617346759E1";1,193259539820E0
"-8,894617346759E1";1,193613579401E0
"-8,894617346759E1";1,193967618981E0
"-8,894617346759E1";1,194321658562E0
"-8,894617346759E1";1,194675698142E0
"-8,894617346759E1";1,195029737723E0
"-8,894617346759E1";1,195383777303E0
"-8,894617346759E1";1,195737816884E0
"-8,894617346759E1";1,196091856465E0
"-8,894617346759E1";1,196445896045E0
"-8,894617346759E1";1,196799935626E0
"-8,894617346759E1";1,197153975206E0
"-8,894617346759E1";1,197508014787E0
"-8,894617346759E1";1,197862054367E0
"-8,894617346759E1";1,198216093948E0
"-8,894617346759E1";1,198570133529E0
"-8,894617346759E1";1,199002848571E0
"-8,894207494237E1";1,184762574678E0
"-8,891502467597E1";1,184430857233E0
"-8,888367095809E1";1,184116973314E0
"-8,885327356275E1";1,183782735668E0
"-8,884780886247E1";1,158917335515E0
"-8,884780886247E1";1,159271375096E0
"-8,884780886247E1";1,159625414677E0
"-8,884780886247E1";1,159979454257E0
"-8,884780886247E1";1,160333493838E0
"-8,884780886247E1";1,160687533418E0
"-8,884780886247E1";1,161041572999E0
"-8,884780886247E1";1,161395612579E0
"-8,884780886247E1";1,161749652160E0
"-8,884780886247E1";1,162103691741E0
"-8,884780886247E1";1,162457731321E0
"-8,884780886247E1";1,162811770902E0
"-8,884780886247E1";1,163165810482E0
"-8,884780886247E1";1,163519850063E0
"-8,884780886247E1";1,163873889643E0
"-8,884780886247E1";1,164227929224E0
"-8,884780886247E1";1,164581968805E0
"-8,884780886247E1";1,164936008385E0
"-8,884780886247E1";1,165290047966E0
"-8,884780886247E1";1,165644087546E0
"-8,884780886247E1";1,165998127127E0
"-8,884780886247E1";1,166352166707E0
"-8,884780886247E1";1,166706206288E0
"-8,884780886247E1";1,167060245869E0
"-8,884780886247E1";1,167414285449E0
"-8,884780886247E1";1,167768325030E0
"-8,884780886247E1";1,168122364610E0
"-8,884780886247E1";1,168476404191E0
"-8,884780886247E1";1,168830443771E0
"-8,884780886247E1";1,169184483352E0
"-8,884780886247E1";1,169538522933E0
"-8,884780886247E1";1,169892562513E0
"-8,884780886247E1";1,170246602094E0
"-8,884780886247E1";1,170600641674E0
"-8,884780886247E1";1,170954681255E0
"-8,884780886247E1";1,171308720835E0
"-8,884780886247E1";1,171662760416E0
"-8,884780886247E1";1,172016799997E0
"-8,884780886247E1";1,172370839577E0
"-8,884780886247E1";1,172724879158E0
"-8,884780886247E1";1,173078918738E0
"-8,884780886247E1";1,173432958319E0
"-8,884780886247E1";1,173786997899E0
"-8,884780886247E1";1,174141037480E0
"-8,884780886247E1";1,174495077061E0
"-8,884780886247E1";1,174849116641E0
"-8,884780886247E1";1,175203156222E0
"-8,884780886247E1";1,175557195802E0
"-8,884780886247E1";1,175911235383E0
"-8,884780886247E1";1,176265274963E0
"-8,884780886247E1";1,176619314544E0
"-8,884780886247E1";1,176973354125E0
"-8,884780886247E1";1,177327393705E0
"-8,884780886247E1";1,177681433286E0
"-8,884780886247E1";1,178035472866E0
"-8,884780886247E1";1,178389512447E0
"-8,884780886247E1";1,178743552027E0
"-8,884780886247E1";1,179097591608E0
"-8,884780886247E1";1,179451631188E0
"-8,884780886247E1";1,179805670769E0
"-8,884780886247E1";1,180159710350E0
"-8,884780886247E1";1,180513749930E0
"-8,884780886247E1";1,180867789511E0
"-8,884780886247E1";1,181221829091E0
"-8,884780886247E1";1,181575868672E0
"-8,884780886247E1";1,181929908252E0
"-8,884780886247E1";1,182283947833E0
"-8,884780886247E1";1,182637987414E0
"-8,884780886247E1";1,182992026994E0
"-8,884780886247E1";1,183346066575E0
"-8,882321771119E1";1,158563204688E0
"-8,877403540863E1";1,158208982612E0
"-8,874944425735E1";1,138028635273E0
"-8,874944425735E1";1,138382674853E0
"-8,874944425735E1";1,138736714434E0
"-8,874944425735E1";1,139090754014E0
"-8,874944425735E1";1,139444793595E0
"-8,874944425735E1";1,139798833175E0
"-8,874944425735E1";1,140152872756E0
"-8,874944425735E1";1,140506912337E0
"-8,874944425735E1";1,140860951917E0
"-8,874944425735E1";1,141214991498E0
"-8,874944425735E1";1,141569031078E0
"-8,874944425735E1";1,141923070659E0
"-8,874944425735E1";1,142277110239E0
"-8,874944425735E1";1,142631149820E0
"-8,874944425735E1";1,142985189401E0
"-8,874944425735E1";1,143339228981E0
"-8,874944425735E1";1,143693268562E0
"-8,874944425735E1";1,144047308142E0
"-8,874944425735E1";1,144401347723E0
"-8,874944425735E1";1,144755387303E0
"-8,874944425735E1";1,145109426884E0
"-8,874944425735E1";1,145463466465E0
"-8,874944425735E1";1,145817506045E0
"-8,874944425735E1";1,146171545626E0
"-8,874944425735E1";1,146525585206E0
"-8,874944425735E1";1,146879624787E0
"-8,874944425735E1";1,147233664367E0
"-8,874944425735E1";1,147587703948E0
"-8,874944425735E1";1,147941743529E0
"-8,874944425735E1";1,148295783109E0
"-8,874944425735E1";1,148649822690E0
"-8,874944425735E1";1,149003862270E0
"-8,874944425735E1";1,149357901851E0
"-8,874944425735E1";1,149711941431E0
"-8,874944425735E1";1,150065981012E0
"-8,874944425735E1";1,150420020593E0
"-8,874944425735E1";1,150774060173E0
"-8,874944425735E1";1,151128099754E0
"-8,874944425735E1";1,151482139334E0
"-8,874944425735E1";1,151836178915E0
"-8,874944425735E1";1,152190218495E0
"-8,874944425735E1";1,152544258076E0
"-8,874944425735E1";1,152898297656E0
"-8,874944425735E1";1,153252337237E0
"-8,874944425735E1";1,153606376818E0
"-8,874944425735E1";1,153960416398E0
"-8,874944425735E1";1,154314455979E0
"-8,874944425735E1";1,154668495559E0
"-8,874944425735E1";1,155022535140E0
"-8,874944425735E1";1,155376574720E0
"-8,874944425735E1";1,155730614301E0
"-8,874944425735E1";1,156084653882E0
"-8,874944425735E1";1,156438693462E0
"-8,874944425735E1";1,156792733043E0
"-8,874944425735E1";1,157146772623E0
"-8,874944425735E1";1,157500812204E0
"-8,874944425735E1";1,157854851784E0
"-8,874534573214E1";1,137320540904E0
"-8,871829546573E1";1,136988823458E0
"-8,868694174785E1";1,136674939539E0
"-8,865654435252E1";1,136340701893E0
"-8,865107965224E1";1,130239399511E0
"-8,865107965224E1";1,130593439091E0
"-8,865107965224E1";1,130947478672E0
"-8,865107965224E1";1,131301518252E0
"-8,865107965224E1";1,131655557833E0
"-8,865107965224E1";1,132009597414E0
"-8,865107965224E1";1,132363636994E0
"-8,865107965224E1";1,132717676575E0
"-8,865107965224E1";1,133071716155E0
"-8,865107965224E1";1,133425755736E0
"-8,865107965224E1";1,133779795316E0
"-8,865107965224E1";1,134133834897E0
"-8,865107965224E1";1,134487874478E0
"-8,865107965224E1";1,134841914058E0
"-8,865107965224E1";1,135195953639E0
"-8,865107965224E1";1,135549993219E0
"-8,865107965224E1";1,135904032800E0
"-8,862648850096E1";1,129885268683E0
"-8,857730619840E1";1,129531046608E0
"-8,855271504712E1";1,114307253396E0
"-8,855271504712E1";1,114661292976E0
"-8,855271504712E1";1,115015332557E0
"-8,855271504712E1";1,115369372138E0
"-8,855271504712E1";1,115723411718E0
"-8,855271504712E1";1,116077451299E0
"-8,855271504712E1";1,116431490879E0
"-8,855271504712E1";1,116785530460E0
"-8,855271504712E1";1,117139570040E0
"-8,855271504712E1";1,117493609621E0
"-8,855271504712E1";1,117847649202E0
"-8,855271504712E1";1,118201688782E0
"-8,855271504712E1";1,118555728363E0
"-8,855271504712E1";1,118909767943E0
"-8,855271504712E1";1,119263807524E0
"-8,855271504712E1";1,119617847104E0
"-8,855271504712E1";1,119971886685E0
"-8,855271504712E1";1,120325926266E0
"-8,855271504712E1";1,120679965846E0
"-8,855271504712E1";1,121034005427E0
"-8,855271504712E1";1,121388045007E0
"-8,855271504712E1";1,121742084588E0
"-8,855271504712E1";1,122096124168E0
"-8,855271504712E1";1,122450163749E0
"-8,855271504712E1";1,122804203330E0
"-8,855271504712E1";1,123158242910E0
"-8,855271504712E1";1,123512282491E0
"-8,855271504712E1";1,123866322071E0
"-8,855271504712E1";1,124220361652E0
"-8,855271504712E1";1,124574401232E0
"-8,855271504712E1";1,124928440813E0
"-8,855271504712E1";1,125282480394E0
"-8,855271504712E1";1,125636519974E0
"-8,855271504712E1";1,125990559555E0
"-8,855271504712E1";1,126344599135E0
"-8,855271504712E1";1,126698638716E0
"-8,855271504712E1";1,127052678296E0
"-8,855271504712E1";1,127406717877E0
"-8,855271504712E1";1,127760757458E0
"-8,855271504712E1";1,128114797038E0
"-8,855271504712E1";1,128468836619E0
"-8,855271504712E1";1,128822876199E0
"-8,855271504712E1";1,129176915780E0
"-8,854861652191E1";1,113599159027E0
"-8,852156625550E1";1,113267441581E0
"-8,849021253762E1";1,112953557662E0
"-8,845981514229E1";1,112619320016E0
"-8,845435044200E1";1,110766492601E0
"-8,845435044200E1";1,111120532181E0
"-8,845435044200E1";1,111474571762E0
"-8,845435044200E1";1,111828611343E0
"-8,845435044200E1";1,112182650923E0
"-8,842975929072E1";1,110412361773E0
"-8,838057698816E1";1,110058139698E0
"-8,835598583688E1";1,093772227744E0
"-8,835598583688E1";1,094126267325E0
"-8,835598583688E1";1,094480306905E0
"-8,835598583688E1";1,094834346486E0
"-8,835598583688E1";1,095188386067E0
"-8,835598583688E1";1,095542425647E0
"-8,835598583688E1";1,095896465228E0
"-8,835598583688E1";1,096250504808E0
"-8,835598583688E1";1,096604544389E0
"-8,835598583688E1";1,096958583969E0
"-8,835598583688E1";1,097312623550E0
"-8,835598583688E1";1,097666663131E0
"-8,835598583688E1";1,098020702711E0
"-8,835598583688E1";1,098374742292E0
"-8,835598583688E1";1,098728781872E0
"-8,835598583688E1";1,099082821453E0
"-8,835598583688E1";1,099436861033E0
"-8,835598583688E1";1,099790900614E0
"-8,835598583688E1";1,100144940195E0
"-8,835598583688E1";1,100498979775E0
"-8,835598583688E1";1,100853019356E0
"-8,835598583688E1";1,101207058936E0
"-8,835598583688E1";1,101561098517E0
"-8,835598583688E1";1,101915138097E0
"-8,835598583688E1";1,102269177678E0
"-8,835598583688E1";1,102623217259E0
"-8,835598583688E1";1,102977256839E0
"-8,835598583688E1";1,103331296420E0
"-8,835598583688E1";1,103685336000E0
"-8,835598583688E1";1,104039375581E0
"-8,835598583688E1";1,104393415161E0
"-8,835598583688E1";1,104747454742E0
"-8,835598583688E1";1,105101494323E0
"-8,835598583688E1";1,105455533903E0
"-8,835598583688E1";1,105809573484E0
"-8,835598583688E1";1,106163613064E0
"-8,835598583688E1";1,106517652645E0
"-8,835598583688E1";1,106871692225E0
"-8,835598583688E1";1,107225731806E0
"-8,835598583688E1";1,107579771387E0
"-8,835598583688E1";1,107933810967E0
"-8,835598583688E1";1,108287850548E0
"-8,835598583688E1";1,108641890128E0
"-8,835598583688E1";1,108995929709E0
"-8,835598583688E1";1,109349969289E0
"-8,835598583688E1";1,109704008870E0
"-8,835188731167E1";1,093064133375E0
"-8,832483704526E1";1,092732415929E0
"-8,829348332738E1";1,092418532011E0
"-8,826308593205E1";1,092084294365E0
"-8,825762123177E1";1,090939546110E0
"-8,825762123177E1";1,091293585691E0
"-8,825762123177E1";1,091647625272E0
"-8,823303008049E1";1,090585415283E0
"-8,818384777793E1";1,090231193207E0
"-8,815925662665E1";1,078193756221E0
"-8,815925662665E1";1,078547795801E0
"-8,815925662665E1";1,078901835382E0
"-8,815925662665E1";1,079255874962E0
"-8,815925662665E1";1,079609914543E0
"-8,815925662665E1";1,079963954124E0
"-8,815925662665E1";1,080317993704E0
"-8,815925662665E1";1,080672033285E0
"-8,815925662665E1";1,081026072865E0
"-8,815925662665E1";1,081380112446E0
"-8,815925662665E1";1,081734152026E0
"-8,815925662665E1";1,082088191607E0
"-8,815925662665E1";1,082442231188E0
"-8,815925662665E1";1,082796270768E0
"-8,815925662665E1";1,083150310349E0
"-8,815925662665E1";1,083504349929E0
"-8,815925662665E1";1,083858389510E0
"-8,815925662665E1";1,084212429090E0
"-8,815925662665E1";1,084566468671E0
"-8,815925662665E1";1,084920508252E0
"-8,815925662665E1";1,085274547832E0
"-8,815925662665E1";1,085628587413E0
"-8,815925662665E1";1,085982626993E0
"-8,815925662665E1";1,086336666574E0
"-8,815925662665E1";1,086690706154E0
"-8,815925662665E1";1,087044745735E0
"-8,815925662665E1";1,087398785316E0
"-8,815925662665E1";1,087752824896E0
"-8,815925662665E1";1,088106864477E0
"-8,815925662665E1";1,088460904057E0
"-8,815925662665E1";1,088814943638E0
"-8,815925662665E1";1,089168983218E0
"-8,815925662665E1";1,089523022799E0
"-8,815925662665E1";1,089877062380E0
"-8,815515810144E1";1,077485661852E0
"-8,812810783503E1";1,077153944406E0
"-8,809675411715E1";1,076840060487E0
"-8,806635672182E1";1,076505822841E0
"-8,806089202153E1";1,075361074587E0
"-8,806089202153E1";1,075715114167E0
"-8,806089202153E1";1,076069153748E0
"-8,803630087025E1";1,075006943759E0
"-8,798711856770E1";1,074652721684E0
"-8,796252741642E1";1,068987997147E0
"-8,796252741642E1";1,069342036728E0
"-8,796252741642E1";1,069696076309E0
"-8,796252741642E1";1,070050115889E0
"-8,796252741642E1";1,070404155470E0
"-8,796252741642E1";1,070758195050E0
"-8,796252741642E1";1,071112234631E0
"-8,796252741642E1";1,071466274211E0
"-8,796252741642E1";1,071820313792E0
"-8,796252741642E1";1,072174353372E0
"-8,796252741642E1";1,072528392953E0
"-8,796252741642E1";1,072882432534E0
"-8,796252741642E1";1,073236472114E0
"-8,796252741642E1";1,073590511695E0
"-8,796252741642E1";1,073944551275E0
"-8,796252741642E1";1,074298590856E0
"-8,795842889120E1";1,068279902778E0
"-8,793137862480E1";1,067948185332E0
"-8,790002490691E1";1,067634301414E0
"-8,786962751158E1";1,067300063768E0
"-8,786416281130E1";1,051639692710E0
"-8,786416281130E1";1,051993732291E0
"-8,786416281130E1";1,052347771871E0
"-8,786416281130E1";1,052701811452E0
"-8,786416281130E1";1,053055851032E0
"-8,786416281130E1";1,053409890613E0
"-8,786416281130E1";1,053763930194E0
"-8,786416281130E1";1,054117969774E0
"-8,786416281130E1";1,054472009355E0
"-8,786416281130E1";1,054826048935E0
"-8,786416281130E1";1,055180088516E0
"-8,786416281130E1";1,055534128096E0
"-8,786416281130E1";1,055888167677E0
"-8,786416281130E1";1,056242207258E0
"-8,786416281130E1";1,056596246838E0
"-8,786416281130E1";1,056950286419E0
"-8,786416281130E1";1,057304325999E0
"-8,786416281130E1";1,057658365580E0
"-8,786416281130E1";1,058012405160E0
"-8,786416281130E1";1,058366444741E0
"-8,786416281130E1";1,058720484322E0
"-8,786416281130E1";1,059074523902E0
"-8,786416281130E1";1,059428563483E0
"-8,786416281130E1";1,059782603063E0
"-8,786416281130E1";1,060136642644E0
"-8,786416281130E1";1,060490682224E0
"-8,786416281130E1";1,060844721805E0
"-8,786416281130E1";1,061198761386E0
"-8,786416281130E1";1,061552800966E0
"-8,786416281130E1";1,061906840547E0
"-8,786416281130E1";1,062260880127E0
"-8,786416281130E1";1,062614919708E0
"-8,786416281130E1";1,062968959288E0
"-8,786416281130E1";1,063322998869E0
"-8,786416281130E1";1,063677038450E0
"-8,786416281130E1";1,064031078030E0
"-8,786416281130E1";1,064385117611E0
"-8,786416281130E1";1,064739157191E0
"-8,786416281130E1";1,065093196772E0
"-8,786416281130E1";1,065447236352E0
"-8,786416281130E1";1,065801275933E0
"-8,786416281130E1";1,066155315514E0
"-8,786416281130E1";1,066509355094E0
"-8,786416281130E1";1,066863394675E0
"-8,783957166002E1";1,051285561882E0
"-8,779038935746E1";1,050931339807E0
"-8,776579820618E1";1,049515090238E0
"-8,776579820618E1";1,049869129818E0
"-8,776579820618E1";1,050223169399E0
"-8,776579820618E1";1,050577208979E0
"-8,776169968097E1";1,048806995868E0
"-8,772227577177E1";1,048365705026E0
"-8,766977561547E1";1,047938414854E0
"-8,762918069907E1";1,047646041077E0
"-8,756906899595E1";1,037831054100E0
"-8,756906899595E1";1,038185093681E0
"-8,756906899595E1";1,038539133261E0
"-8,756906899595E1";1,038893172842E0
"-8,756906899595E1";1,039247212422E0
"-8,756906899595E1";1,039601252003E0
"-8,756906899595E1";1,039955291584E0
"-8,756906899595E1";1,040309331164E0
"-8,756906899595E1";1,040663370745E0
"-8,756906899595E1";1,041017410325E0
"-8,756906899595E1";1,041371449906E0
"-8,756906899595E1";1,041725489486E0
"-8,756906899595E1";1,042079529067E0
"-8,756906899595E1";1,042433568648E0
"-8,756906899595E1";1,042787608228E0
"-8,756906899595E1";1,043141647809E0
"-8,756906899595E1";1,043495687389E0
"-8,756906899595E1";1,043849726970E0
"-8,756906899595E1";1,044203766550E0
"-8,756906899595E1";1,044557806131E0
"-8,756906899595E1";1,044911845712E0
"-8,756906899595E1";1,045265885292E0
"-8,756906899595E1";1,045619924873E0
"-8,756906899595E1";1,045973964453E0
"-8,756906899595E1";1,046328004034E0
"-8,756906899595E1";1,046682043614E0
"-8,756906899595E1";1,047036083195E0
"-8,749927696660E1";1,036974356527E0
"-8,747070439083E1";1,033582214144E0
"-8,747070439083E1";1,033936253725E0
"-8,747070439083E1";1,034290293305E0
"-8,747070439083E1";1,034644332886E0
"-8,747070439083E1";1,034998372466E0
"-8,747070439083E1";1,035352412047E0
"-8,747070439083E1";1,035706451628E0
"-8,747070439083E1";1,036060491208E0
"-8,747070439083E1";1,036414530789E0
"-8,744611323955E1";1,033228083316E0
"-8,739693093699E1";1,032873861241E0
"-8,737233978571E1";1,025792978382E0
"-8,737233978571E1";1,026147017963E0
"-8,737233978571E1";1,026501057543E0
"-8,737233978571E1";1,026855097124E0
"-8,737233978571E1";1,027209136705E0
"-8,737233978571E1";1,027563176285E0
"-8,737233978571E1";1,027917215866E0
"-8,737233978571E1";1,028271255446E0
"-8,737233978571E1";1,028625295027E0
"-8,737233978571E1";1,028979334607E0
"-8,737233978571E1";1,029333374188E0
"-8,737233978571E1";1,029687413769E0
"-8,737233978571E1";1,030041453349E0
"-8,737233978571E1";1,030395492930E0
"-8,737233978571E1";1,030749532510E0
"-8,737233978571E1";1,031103572091E0
"-8,737233978571E1";1,031457611671E0
"-8,737233978571E1";1,031811651252E0
"-8,737233978571E1";1,032165690833E0
"-8,737233978571E1";1,032519730413E0
"-8,734774863443E1";1,025438847554E0
"-8,727514618780E1";1,024862210150E0
"-8,720734487070E1";1,024253558408E0
"-8,718107527576E1";1,023886355606E0
"-8,717561057548E1";1,019065496373E0
"-8,717561057548E1";1,019419535954E0
"-8,717561057548E1";1,019773575534E0
"-8,717561057548E1";1,020127615115E0
"-8,717561057548E1";1,020481654695E0
"-8,717561057548E1";1,020835694276E0
"-8,717561057548E1";1,021189733856E0
"-8,717561057548E1";1,021543773437E0
"-8,717561057548E1";1,021897813018E0
"-8,717561057548E1";1,022251852598E0
"-8,717561057548E1";1,022605892179E0
"-8,717561057548E1";1,022959931759E0
"-8,717561057548E1";1,023313971340E0
"-8,710581854613E1";1,018208798800E0
"-8,707724597036E1";1,016940893900E0
"-8,707724597036E1";1,017294933481E0
"-8,707724597036E1";1,017648973061E0
"-8,705265481908E1";1,015524644331E0
"-8,705265481908E1";1,015878683911E0
"-8,705265481908E1";1,016586763072E0
"-8,702806366780E1";1,016232632245E0
"-8,700347251652E1";1,015170422255E0
"-8,697888136525E1";1,011629935202E0
"-8,697888136525E1";1,011983974783E0
"-8,697888136525E1";1,012338014364E0
"-8,697888136525E1";1,012692053944E0
"-8,697888136525E1";1,013046093525E0
"-8,697888136525E1";1,013400133105E0
"-8,697888136525E1";1,013754172686E0
"-8,697888136525E1";1,014108212266E0
"-8,697888136525E1";1,014462251847E0
"-8,697888136525E1";1,014816291428E0
"-8,691330496183E1";1,010880308097E0
"-8,670100135579E1";1,009994421378E0
"-8,665919639861E1";1,009504511504E0
"-8,653132241196E1";1,008866765773E0
"-8,638869373454E1";1,008485643989E0
"-8,629032912943E1";1,008175494367E0
"-8,604441761663E1";1,007450065181E0
"-8,577883318282E1";1,006961010860E0
"-8,505154639175E1";1,005191171126E0
"-8,455310090905E1";1,007627498819E0
"-8,450707677744E1";1,007935737558E0
"-8,449916183329E1";1,007996231460E0
"-8,446225913809E1";1,008294962304E0
"-8,443662472585E1";1,008578501167E0
"-8,442140163220E1";1,009875536120E0
"-8,442140163220E1";1,009496207998E0
"-8,442140163220E1";1,008951872143E0
"-8,442140163220E1";1,009875536120E0
"-8,442140163220E1";1,009496207998E0
"-8,442140163220E1";1,008951872143E0
"-8,433199913555E1";1,010494661258E0
"-8,429463477963E1";1,010701732837E0
"-8,426184342370E1";1,010898671625E0
"-8,424012971706E1";1,011085341682E0
"-8,422467242197E1";1,011302555046E0
"-8,420008127069E1";1,011973663836E0
"-8,415089896813E1";1,012327520922E0
"-8,412630781685E1";1,012681469256E0
"-8,412084311657E1";1,013118097795E0
"-8,409044572123E1";1,013452109857E0
"-8,403340791202E1";1,014014673630E0
"-8,399515501003E1";1,014451180506E0
"-8,392957860662E1";1,014852182038E0
"-8,385088692252E1";1,015123320392E0
"-8,374268585689E1";1,015649552780E0
"-8,355579310717E1";1,016827516070E0
"-8,349677434410E1";1,017246243914E0
"-8,332627569523E1";1,018083504940E0
"-8,314266176568E1";1,019003326536E0
"-8,312298884466E1";1,019590369176E0
"-8,293609609493E1";1,020324307826E0
"-8,274920334521E1";1,021229955673E0
"-8,257214705600E1";1,022488499467E0
"-8,251312829293E1";1,022907227310E0
"-8,234918728440E1";1,023756313988E0
"-8,220573890194E1";1,024543519779E0
"-8,197408021968E1";1,025584186836E0
"-8,169834148054E1";1,026416571655E0
"-8,083109354543E1";1,026270262669E0
"-8,064958742884E1";1,025651073600E0
"-8,058518203263E1";1,024351635801E0
"-8,058518203263E1";1,024705675382E0
"-8,058518203263E1";1,025132489765E0
"-8,056059088136E1";1,023997504973E0
"-8,051140857880E1";1,023643282898E0
"-8,048681742752E1";1,023289152070E0
"-8,039173164257E1";1,022455120330E0
"-8,032506229910E1";1,022090717951E0
"-8,029008821728E1";1,021518224189E0
"-8,016682019230E1";1,020781448761E0
"-7,969072164948E1";1,018158292370E0
"-7,886597938144E1";1,018897347130E0
"-7,834246903596E1";1,016955688132E0
"-7,825105712527E1";1,016145971262E0
"-7,822787902054E1";1,015903338454E0
"-7,819842641511E1";1,015761239755E0
"-7,815719913663E1";1,015582829087E0
"-7,811482523555E1";1,015383582065E0
"-7,808141249667E1";1,014963106329E0
"-7,807888832559E1";1,014476760846E0
"-7,807888832559E1";1,014476760846E0
"-7,805598212356E1";1,014131528237E0
"-7,805598212356E1";1,014131528237E0
"-7,800356654000E1";1,013554737438E0
"-7,800122452559E1";1,013554728747E0
"-7,791950123396E1";1,012923968119E0
"-7,784422498755E1";1,012509905041E0
"-7,784299542998E1";1,012500311907E0
"-7,778634470370E1";1,012195726005E0
"-7,773260848424E1";1,011536619615E0
"-7,773260848424E1";1,011536619615E0
"-7,769951359017E1";1,010997509686E0
"-7,768834441194E1";1,010915200201E0
"-7,744571171931E1";1,010022035856E0
"-7,724570368891E1";1,009251257624E0
"-7,711431668065E1";1,008668290697E0
"-7,701243905392E1";1,008256973874E0
"-7,686653155633E1";1,007195578159E0
"-7,680798119614E1";1,006853965593E0
"-7,674896243307E1";1,006281382611E0
"-7,664731900778E1";1,005424566851E0
"-7,652100636407E1";1,004702812759E0
"-7,645058979755E1";1,004361718131E0
"-7,632271581089E1";1,003777921288E0
"-7,597938144330E1";1,001075875524E0
"-7,507282956187E1";1,003272907551E0
"-7,507282956187E1";1,003272907551E0
"-7,364348255552E1";1,003278618416E0
"-7,363736209120E1";1,003276825508E0
"-7,249763053816E1";1,002462571098E0
"-7,246004564255E1";1,002306163936E0
"-7,241085979148E1";1,002111355449E0
"-7,221839288369E1";1,001433399114E0
"-7,212655512880E1";1,001116866690E0
"-7,211341942063E1";1,001074745083E0
"-7,199593427042E1";1,000719849429E0
"-7,191358544075E1";1,000491188338E0
"-7,180887337608E1";1,000276605849E0
"-7,168711985374E1";1,000053926153E0
"-7,168711985374E1";1,000053926153E0
"-7,143938156971E1";9,997252252560E-1
"-7,143938156971E1";9,997252252560E-1
"-7,120901517755E1";9,995577821973E-1
"-7,105064621163E1";9,994203905726E-1
"-7,070937567888E1";9,988949489947E-1
"-7,052510598529E1";9,983313423151E-1
"-7,037446761860E1";9,972583806115E-1
"-7,025689849534E1";9,966982246446E-1
"-7,014841638798E1";9,961062388335E-1
"-6,979381443299E1";9,936317732341E-1
"-6,919817415373E1";9,962216796021E-1
"-6,915287290362E1";9,964320085108E-1
"-6,912453125374E1";9,966073050243E-1
"-6,906991973597E1";9,969817559576E-1
"-6,906991973597E1";9,969792271035E-1
"-6,899736787830E1";9,973533520981E-1
"-6,878142941858E1";9,979318883377E-1
"-6,878142941858E1";9,979318883377E-1
"-6,834010607866E1";9,984095564426E-1
"-6,827906732816E1";9,984352682702E-1
"-6,770082397094E1";9,977925849732E-1
"-6,759184775374E1";9,975418240482E-1
"-6,757357540859E1";9,974977647220E-1
"-6,751853718289E1";9,973823747044E-1
"-6,735767006827E1";9,970032750628E-1
"-6,729612388132E1";9,968170529808E-1
"-6,670103092784E1";9,947334697703E-1
"-6,612558508042E1";9,966828950958E-1
"-6,612558508042E1";9,966828950958E-1
"-6,441570597725E1";9,980408014176E-1
"-6,441570597725E1";9,980408014176E-1
"-6,441570597725E1";9,980408014176E-1
"-6,430247278966E1";9,984385665665E-1
"-6,430247278966E1";9,984385665665E-1
"-6,430020283723E1";9,984543537557E-1
"-6,360824742268E1";1,000287856473E0
"-6,308993955622E1";9,985147301014E-1
"-6,306164139321E1";9,984298961029E-1
"-6,302652393282E1";9,983098791380E-1
"-6,288346165518E1";9,979273981996E-1
"-6,285119876895E1";9,978468875240E-1
"-6,268528301645E1";9,975631944384E-1
"-6,268528301645E1";9,975596540426E-1
"-6,199501685191E1";9,973273693485E-1
"-6,192047960062E1";9,973837307455E-1
"-6,183970526570E1";9,974518563856E-1
"-6,181447702099E1";9,974830286073E-1
"-6,168871599459E1";9,976549017296E-1
"-6,152601515989E1";9,979178742710E-1
"-6,151269495295E1";9,979528600122E-1
"-6,125489771704E1";9,987743078786E-1
"-6,101062561433E1";9,993192125086E-1
"-6,081389640410E1";9,996725221107E-1
"-6,064175834514E1";1,000025922960E0
"-6,049421143747E1";1,000379415057E0
"-6,020087413292E1";1,000845110935E0
"-5,998306679302E1";1,000960793942E0
"-5,978376787253E1";1,000960991041E0
"-5,960073294099E1";1,000880465648E0
"-5,935810024837E1";1,000481411305E0
"-5,914169811711E1";1,000020356874E0
"-5,892529598585E1";9,995947064008E-1
"-5,877447025800E1";9,993109150861E-1
"-5,834834073655E1";9,988256905449E-1
"-5,805968746082E1";9,988362100568E-1
"-5,786576866788E1";9,989804781443E-1
"-5,763344083865E1";9,992476746140E-1
"-5,732195292244E1";9,998587122561E-1
"-5,659793814433E1";1,001003959222E0
"-5,607928007780E1";9,997670664949E-1
"-5,598091547268E1";9,993595559880E-1
"-5,582189269441E1";9,986744893996E-1
"-5,572423069361E1";9,984013479501E-1
"-5,555685473062E1";9,978828175597E-1
"-5,542023722351E1";9,972848688379E-1
"-5,531250456076E1";9,969509764472E-1
"-5,513989809893E1";9,966148413278E-1
"-5,413493971665E1";9,965352818527E-1
"-5,409777975472E1";9,966252929352E-1
"-5,394249118830E1";9,970222151327E-1
"-5,384766376844E1";9,972779398562E-1
"-5,379854280435E1";9,973902113176E-1
"-5,354782597986E1";9,978952776339E-1
"-5,354782597986E1";9,978952776339E-1
"-5,319825105435E1";9,982676187101E-1
"-5,319825105435E1";9,982634039532E-1
"-5,297751619644E1";9,983846372355E-1
"-5,256532166071E1";9,986050849540E-1
"-5,225289693874E1";9,988913721000E-1
"-5,207256182936E1";9,990500207643E-1
"-5,176435273333E1";9,991078837280E-1
"-5,156762352309E1";9,991071537495E-1
"-5,137089431286E1";9,991064237710E-1
"-5,117416510262E1";9,991056937925E-1
"-5,074677089339E1";9,993218422562E-1
"-5,053479516936E1";9,995679983118E-1
"-5,025609545486E1";1,000134902669E0
"-5,000000000000E1";1,001350534591E0
"-4,876288659794E1";9,991195991049E-1
"-4,752577319588E1";1,000970296272E0
"-4,702594527120E1";9,999477411203E-1
"-4,702594527120E1";9,999449751861E-1
"-4,572346529014E1";9,995864882101E-1
"-4,572346529014E1";9,995864882101E-1
"-4,566763050534E1";9,995531934476E-1
"-4,548407077116E1";9,994351330971E-1
"-4,501645975257E1";9,989377035256E-1
"-4,501645975257E1";9,989377035256E-1
"-4,494104653468E1";9,988576116846E-1
"-4,482567296765E1";9,987608434987E-1
"-4,480442180643E1";9,987420050057E-1
"-4,470241203246E1";9,986837069155E-1
"-4,425210731967E1";9,986734956729E-1
"-4,381321381970E1";9,988718573410E-1
"-4,362304224980E1";9,989714629096E-1
"-4,330499669326E1";9,990764946518E-1
"-4,310826748302E1";9,990757646733E-1
"-4,265487951610E1";9,993260077299E-1
"-4,248529165061E1";9,995307541996E-1
"-4,220659193612E1";1,000133062515E0
"-4,204592974776E1";1,000558789028E0
"-4,166207358636E1";1,001230461379E0
"-4,149447318032E1";1,001315715158E0
"-4,094846179638E1";1,001196202792E0
"-4,071267949590E1";1,001027001050E0
"-4,039996202213E1";1,000845747638E0
"-4,015732932951E1";1,000835012898E0
"-3,985731728390E1";1,000940111555E0
"-3,959173285009E1";1,001319718633E0
"-3,929336021457E1";1,001741983831E0
"-3,912122215561E1";1,001997532074E0
"-3,870293838242E1";1,002532378064E0
"-3,838676643740E1";1,002598640995E0
"-3,808394397451E1";1,002534295995E0
"-3,760640723681E1";1,002029282084E0
"-3,721458822642E1";1,001617732363E0
"-3,691129736065E1";1,001177007833E0
"-3,671456815041E1";1,000822238274E0
"-3,651783894018E1";1,000511723663E0
"-3,622643379752E1";1,000099071370E0
"-3,527188727536E1";1,000012920218E0
"-3,527188727536E1";1,000012920218E0
"-3,501988652511E1";1,000500927057E0
"-3,501787908419E1";1,000497306960E0
"-3,453608247423E1";1,002035269590E0
"-3,392101336509E1";1,000624737373E0
"-3,392101336509E1";1,000624737373E0
"-3,376362999690E1";1,000280229226E0
"-3,376362999690E1";1,000280229226E0
"-3,356136777763E1";9,998734395726E-1
"-3,346252501124E1";9,997347058520E-1
"-3,332498185081E1";9,995698801790E-1
"-3,310610945198E1";9,994274622395E-1
"-3,244624689265E1";9,998391136364E-1
"-3,214108241535E1";1,000430997598E0
"-3,202093707624E1";1,000747290772E0
"-3,181027288028E1";1,001413283630E0
"-3,158977222381E1";1,002077764824E0
"-3,139304301358E1";1,002785114007E0
"-3,119631380334E1";1,003492463189E0
"-3,096679639140E1";1,004326554892E0
"-3,079629774253E1";1,004871733264E0
"-3,058317443145E1";1,005316020784E0
"-3,036536709154E1";1,005586221463E0
"-3,020084057941E1";1,005688767150E0
"-2,986054588600E1";1,005621648884E0
"-2,970445062573E1";1,005457747851E0
"-2,951427905584E1";1,005008592069E0
"-2,943558737175E1";1,004736869733E0
"-2,931536396549E1";1,004173613095E0
"-2,923557934134E1";1,003832483706E0
"-2,906262157735E1";1,002873827687E0
"-2,897596704427E1";1,002586902679E0
"-2,885781241741E1";1,002201446214E0
"-2,784870532389E1";1,001777851847E0
"-2,779471352746E1";1,001915534268E0
"-2,771654879661E1";1,002103854604E0
"-2,753387167282E1";1,002440357320E0
"-2,747239379462E1";1,002558142395E0
"-2,739288240548E1";1,002717165173E0
"-2,734916480321E1";1,002805512851E0
"-2,725025372806E1";1,003005768263E0
"-2,689590694820E1";1,003602948914E0
"-2,687904444447E1";1,003623117177E0
"-2,661580202506E1";1,003895256645E0
"-2,640033669956E1";1,003970322769E0
"-2,640033669956E1";1,003970322769E0
"-2,618955540288E1";1,003969540649E0
"-2,618955540288E1";1,003969540649E0
"-2,582150783874E1";1,004062831396E0
"-2,574113771098E1";1,004107244723E0
"-2,564701995866E1";1,004191752598E0
"-2,538296564092E1";1,004497607108E0
"-2,520590935171E1";1,004850989708E0
"-2,503377129276E1";1,005204390557E0
"-2,487638792457E1";1,005637505060E0
"-2,443298969072E1";1,006079413959E0
"-2,372470233966E1";1,005664210108E0
"-2,336375888588E1";1,005382589465E0
"-2,312507834257E1";1,005322609419E0
"-2,275557677781E1";1,005491496974E0
"-2,256528810720E1";1,005606169864E0
"-2,231398996127E1";1,005725357975E0
"-2,205824198797E1";1,005724409003E0
"-2,186151277773E1";1,005723679024E0
"-2,166478356750E1";1,005722949046E0
"-2,118888623988E1";1,005904103643E0
"-2,084976255367E1";1,006099252971E0
"-2,058605173138E1";1,006261807021E0
"-2,026308794458E1";1,006647101848E0
"-1,999996262589E1";1,007119653441E0
"-1,926140838247E1";1,007094785506E0
"-1,900893922934E1";1,006598193287E0
"-1,874936596583E1";1,005889150960E0
"-1,859674469361E1";1,004999270939E0
"-1,851711620375E1";1,004649150648E0
"-1,829667409764E1";1,004322742709E0
"-1,807125521091E1";1,004085879889E0
"-1,783962998601E1";1,003975436746E0
"-1,764495003838E1";1,003914232610E0
"-1,733674094235E1";1,003848181720E0
"-1,714001173211E1";1,003891706690E0
"-1,694328252188E1";1,003935231659E0
"-1,674655331164E1";1,003934501680E0
"-1,654982410141E1";1,003933771702E0
"-1,605308284557E1";1,003781461684E0
"-1,564486973433E1";1,003381652450E0
"-1,527846158027E1";1,002997487569E0
"-1,497599041954E1";1,002511773551E0
"-1,477926120930E1";1,002157003992E0
"-1,448963209423E1";1,001742883124E0
"-1,405920887970E1";1,001265439951E0
"-1,380465533374E1";1,001154068780E0
"-1,361282093362E1";1,001112684560E0
"-1,312131017662E1";1,001385346816E0
"-1,290752329479E1";1,001611412835E0
"-1,264878925311E1";1,001941100462E0
"-1,249407968471E1";1,002109678645E0
"-1,213615742952E1";1,002243405408E0
"-1,188078417852E1";1,002119274531E0
"-1,120612789485E1";1,001622520674E0
"-1,085931459466E1";1,001503396219E0
"-1,064014107969E1";1,001441995828E0
"-1,034372012284E1";1,001337002178E0
"-1,018579028463E1";1,001187424511E0
"-9,959395558564E0";1,000767216144E0
"-9,690532304577E0";1,000462334533E0
"-9,520033655707E0";1,000343688691E0
"-8,869187851849E0";1,000546462095E0
"-8,828955390062E0";1,000619870353E0
"-8,716078659956E0";1,000859015287E0
"-8,624593722161E0";1,001053871755E0
"-8,505512047930E0";1,001257968534E0
"-8,320492909734E0";1,001455797057E0
"-8,120767872737E0";1,001548026475E0
"-7,762586044282E0";1,001550736557E0
"-7,303551220402E0";1,001348902566E0
"-7,071984545856E0";1,001213803313E0
"-6,822794212893E0";1,001102241305E0
"-6,628114265265E0";1,001064639807E0
"-6,319905169231E0";1,001063496174E0
"-6,123175958997E0";1,001062766196E0
"-5,926446748763E0";1,001062036217E0
"-5,670698775459E0";1,001061087245E0
"-5,302534110592E0";1,000855726908E0
"-5,024771201856E0";1,000380114619E0
"-4,844436092475E0";9,999959025935E-1
"-4,616558090620E0";9,996705207529E-1
"-4,200121906576E0";9,992198697709E-1
"-3,987206774547E0";9,990532056335E-1
"-3,797567662631E0";9,989681347780E-1
"-3,567474251131E0";9,988862104759E-1
"-3,379399625352E0";9,987887434802E-1
"-3,052014399230E0";9,982583915065E-1
"-2,901735141413E0";9,978644565723E-1
"-2,739433542969E0";9,975098147594E-1
"-2,530994260697E0";9,971578115872E-1
"-1,517765640041E0";9,970874412056E-1
"-1,431886899234E0";9,972647218654E-1
"-1,363031675652E0";9,973972312156E-1
"-1,120164781589E0";9,978865062686E-1
"-1,085112632623E0";9,979574651049E-1
"-9,918223920557E-1";9,981622371141E-1
"-5,134659493136E-1";9,989253000241E-1
"-2,441017644675E-1";9,989939845090E-1
2,109883920959E-2;9,988777971067E-1
2,901962946371E-1;9,984898839159E-1
4,918437351271E-1;9,980288842331E-1
6,639817940820E-1;9,976742059214E-1
1,016864814940E0;9,971020076987E-1
2,090268568280E0;9,970832731043E-1
2,254144520853E0;9,974859001901E-1
2,299748745844E0;9,975872949061E-1
2,386494357261E0;9,977931331812E-1
2,459838441791E0;9,979627859820E-1
2,531064954961E0;9,981231039290E-1
2,657914310310E0;9,983542341372E-1
2,696686358827E0;9,984313889124E-1
3,198634256628E0;9,988688537942E-1
3,336560889737E0;9,989181409810E-1
3,413847365186E0;9,989330273286E-1
3,560819414780E0;9,989763537657E-1
3,720661898096E0;9,990664833006E-1
4,038239051759E0;9,993364191451E-1
4,303472183414E0;9,997849388022E-1
4,500201393648E0;1,000138248404E0
4,716603524906E0;1,000562292925E0
4,847756331729E0;1,000809633979E0
5,041206721792E0;1,000991836616E0
5,422076814820E0;1,001155852578E0
5,617927769652E0;1,001147750034E0
6,028131593134E0;1,001027512289E0
6,537285525335E0;1,001186907733E0
6,739635570148E0;1,001306136978E0
7,057681126693E0;1,001367897216E0
7,254410336927E0;1,001411422185E0
7,461678611995E0;1,001461757028E0
7,678168568793E0;1,001451207100E0
7,970012839154E0;1,001318360352E0
8,110026267152E0;1,001127966023E0
8,356093914238E0;1,000619596238E0
8,535882553591E0;1,000275707414E0
8,742516533091E0;1,000052805433E0
8,907300016246E0;9,999370081972E-1
9,145196635289E0;1,000006933380E0
9,320750131921E0;1,000223008288E0
9,533658758354E0;1,000643887142E0
1,006271981302E1;1,001339044815E0
1,046109646374E1;1,001355268587E0
1,076930555978E1;1,001518500474E0
1,094074101441E1;1,001656951328E0
1,139437619396E1;1,002034069358E0
1,172681212792E1;1,002148800183E0
1,189577545624E1;1,002110989709E0
1,207271464473E1;1,001995551283E0
1,222650692416E1;1,001829200187E0
1,242183092574E1;1,001564350656E0
1,281692875630E1;1,001055708868E0
1,303567290196E1;1,000969548374E0
1,321226078829E1;1,000975004528E0
1,340336916395E1;1,001057747593E0
1,366942200065E1;1,001269605608E0
1,385795416045E1;1,001460677485E0
1,413993269512E1;1,001872677360E0
1,433666190536E1;1,002225986962E0
1,453339111559E1;1,002535041616E0
1,470552917455E1;1,002755677623E0
1,485307608222E1;1,002932149929E0
1,499037667686E1;1,003108660256E0
1,522194335141E1;1,003363496263E0
1,559900767103E1;1,003643361915E0
1,578917924092E1;1,003750835030E0
1,610722479747E1;1,003812595268E0
1,630395400770E1;1,003811865289E0
1,650068321793E1;1,003811135311E0
1,669741242817E1;1,003810405332E0
1,689414163840E1;1,003809675354E0
1,709087084864E1;1,003808945375E0
1,734661882194E1;1,003807996403E0
1,768867002616E1;1,003978267803E0
1,787778768957E1;1,004301680874E0
1,817124209484E1;1,005029323459E0
1,839771488805E1;1,005959944392E0
1,856477858245E1;1,006516374862E0
1,894875184457E1;1,007028447984E0
1,920141616557E1;1,007073814242E0
1,945942808614E1;1,006919076780E0
1,987786799362E1;1,006306384375E0
2,008927382748E1;1,006086432579E0
2,038624125435E1;1,005911682674E0
2,058047231589E1;1,005793791723E0
2,091602443013E1;1,005607360750E0
2,111070437775E1;1,005564227384E0
2,141891347379E1;1,005563083751E0
2,161564268402E1;1,005562353772E0
2,192385178006E1;1,005549408820E0
2,212058099029E1;1,005463119276E0
2,238792193491E1;1,005311344359E0
2,256832730473E1;1,005237022074E0
2,274355682270E1;1,005218880631E0
2,328722619223E1;1,005528491894E0
2,343503657653E1;1,005703269793E0
2,429607817346E1;1,005760406068E0
2,439444277858E1;1,005466483260E0
2,456658083753E1;1,004887579881E0
2,466494544265E1;1,004621685206E0
2,485152592379E1;1,004232532790E0
2,512007690919E1;1,003939313165E0
2,544079626551E1;1,003809309604E0
2,563547621314E1;1,003777239975E0
2,600270407224E1;1,003740473390E0
2,637648957169E1;1,003503060044E0
2,652075765919E1;1,003337306256E0
2,682896675523E1;1,002887712487E0
2,712488027562E1;1,002293598180E0
2,733226565141E1;1,001887158309E0
2,834685556794E1;1,001952726348E0
2,838804574633E1;1,002078257560E0
2,844624480436E1;1,002256241530E0
2,858550910317E1;1,002744208010E0
2,858970422662E1;1,002759093099E0
2,881376797808E1;1,003857135386E0
2,881486091813E1;1,003855164444E0
2,894380576525E1;1,004473043331E0
2,944126426300E1;1,005197101544E0
2,955194883974E1;1,005237170069E0
2,991754704715E1;1,005187343784E0
3,017575413558E1;1,004902943285E0
3,037887509347E1;1,004493006940E0
3,037887509347E1;1,004493006940E0
3,054223059840E1;1,004039314429E0
3,062747992283E1;1,003779369079E0
3,078814211119E1;1,003359826093E0
3,096028017015E1;1,002742568425E0
3,102913539373E1;1,002103074801E0
3,118323994174E1;1,001679622375E0
3,137832974189E1;1,001233398674E0
3,156030426136E1;1,000751819680E0
3,166317724421E1;1,000454192231E0
3,181277341449E1;1,000056571919E0
3,198730227982E1;9,996951235636E-1
3,216462855125E1;9,993991691750E-1
3,232523544205E1;9,992168118392E-1
3,263247845714E1;9,992077691217E-1
3,282639725008E1;9,993520372092E-1
3,303374359230E1;9,995603197779E-1
3,336037653500E1;1,000137372430E0
3,347841406114E1;1,000398923733E0
3,454075179641E1;1,000387901057E0
3,467846224357E1;1,000073474977E0
3,580122395055E1;9,997703889593E-1
3,580707898657E1;9,997872262614E-1
3,594511146071E1;1,000042467872E0
3,609700085344E1;1,000291921314E0
3,617061166739E1;1,000404158770E0
3,622704770901E1;1,000486020043E0
3,633286122106E1;1,000628460842E0
3,638703982103E1;1,000703844449E0
3,655810055335E1;1,000952779521E0
3,670266529602E1;1,001165172622E0
3,670407050466E1;1,001166010359E0
3,686625500238E1;1,001388714046E0
3,689855138106E1;1,001434512069E0
3,732742602728E1;1,001974297282E0
3,737010450852E1;1,002022357442E0
3,759657316181E1;1,002257692507E0
3,787859073005E1;1,002362014982E0
3,823352301351E1;1,002234676748E0
3,837697139597E1;1,002077776990E0
3,852123948348E1;1,001888420563E0
3,907863891248E1;1,001097139059E0
3,946226087243E1;1,000701846568E0
3,965580494307E1;1,000622396749E0
3,984324806618E1;1,000567404621E0
4,012092900441E1;1,000610976930E0
4,035737877900E1;1,000785770633E0
4,082113666527E1;1,001166691214E0
4,099304052278E1;1,001154029587E0
4,142627415460E1;1,000603098724E0
4,159431368835E1;1,000087642644E0
4,177492203274E1;9,995475538441E-1
4,189787778914E1;9,993110712204E-1
4,232994041376E1;9,988017303037E-1
4,260664941601E1;9,987577130336E-1
4,305912659955E1;9,987162046302E-1
4,329069327409E1;9,985726231787E-1
4,355094962513E1;9,983743541701E-1
4,384009082053E1;9,981937150840E-1
4,408258689565E1;9,981284524338E-1
4,426838670531E1;9,982851139343E-1
4,449507418318E1;9,985800082367E-1
4,482461512711E1;9,990078477039E-1
4,516417468822E1;9,992153587016E-1
4,542397564757E1;9,991775155677E-1
4,591170014794E1;9,990489118922E-1
4,641230572756E1;9,992734658304E-1
4,641647744072E1;9,992833286874E-1
4,773195876289E1;1,000245777786E0
4,876288659794E1;1,000241952451E0
4,969943804755E1;9,998602531052E-1
4,971466447740E1;9,998334671224E-1
4,971466447740E1;9,998334671224E-1
5,011152103279E1;9,991552942658E-1
5,011301140559E1;9,991579708537E-1
5,029053336807E1;9,989629759917E-1
5,053870467910E1;9,987632079129E-1
5,056102638748E1;9,987496317404E-1
5,072453975546E1;9,987275909915E-1
5,112502421915E1;9,987261049638E-1
5,155127084132E1;9,985947088308E-1
5,173980300113E1;9,983697842004E-1
5,206276678793E1;9,982014004615E-1
5,240868231593E1;9,981548785251E-1
5,288739006083E1;9,977430063966E-1
5,323002676865E1;9,972667319134E-1
5,338741013684E1;9,969947175855E-1
5,360381226810E1;9,965572657931E-1
5,374316212535E1;9,962715501739E-1
5,478049885681E1;9,964056289780E-1
5,478828605472E1;9,964269899743E-1
5,498774761509E1;9,969312479812E-1
5,498774761509E1;9,969312479812E-1
5,514977597852E1;9,974204015159E-1
5,518256418023E1;9,975235413971E-1
5,536438256540E1;9,982775189713E-1
5,536438256540E1;9,982747091334E-1
5,542847569302E1;9,986785260070E-1
5,543667274345E1;9,987058915111E-1
5,564979605454E1;9,993465867030E-1
5,573635690704E1;9,996507395517E-1
5,664163915613E1;9,999300220324E-1
5,675093316182E1;9,996739212362E-1
5,696788176310E1;9,991646760566E-1
5,714156555157E1;9,988856047483E-1
5,732515606098E1;9,986396668173E-1
5,747568903702E1;9,985052370369E-1
5,774868009140E1;9,983822595550E-1
5,795316722436E1;9,983688565194E-1
5,818760286656E1;9,985228789448E-1
5,840400499781E1;9,988761155490E-1
5,857614305677E1;9,992295163984E-1
5,875811757624E1;9,996890926230E-1
5,897662752046E1;1,000177193627E0
5,915735296558E1;1,000393161537E0
5,934133120848E1;1,000510246205E0
5,954661527690E1;1,000519318916E0
5,975827482898E1;1,000399993499E0
6,011554912685E1;9,998256716035E-1
6,030572069674E1;9,994060191205E-1
6,044507055399E1;9,990455618122E-1
6,056802631039E1;9,987353209426E-1
6,066639091551E1;9,984251713204E-1
6,090683772802E1;9,977948754256E-1
6,129850060410E1;9,970386996601E-1
6,144525122688E1;9,968570891740E-1
6,168048315398E1;9,966887218886E-1
6,198611603416E1;9,966648281275E-1
6,215759832908E1;9,968347208942E-1
6,228815782559E1;9,970428481782E-1
6,245100589406E1;9,975127981121E-1
6,266647121955E1;9,982997366786E-1
6,319587628866E1;1,000188397758E0
6,383597953411E1;9,982470117208E-1
6,396188622866E1;9,978641817875E-1
6,484536082474E1;9,961006445690E-1
6,578528496580E1;9,960093293189E-1
6,578528496580E1;9,960093293189E-1
6,649484536082E1;9,942392364631E-1
6,681277352668E1;9,960783477448E-1
6,681277352668E1;9,960783477448E-1
6,681277352668E1;9,960783477448E-1
6,696172564300E1;9,963973232061E-1
6,696172564300E1;9,963973232061E-1
6,696172564300E1;9,963973232061E-1
6,718827513855E1;9,969233611149E-1
6,719681981855E1;9,969420351952E-1
6,719681981855E1;9,969420351952E-1
6,732504782458E1;9,972249792236E-1
6,735688079559E1;9,972659339438E-1
6,735688079559E1;9,972659339438E-1
6,753895007188E1;9,975047513856E-1
6,781913214970E1;9,976837834976E-1
6,807579262149E1;9,975971377877E-1
6,842626531919E1;9,968523717747E-1
6,855406975511E1;9,963563136571E-1
6,855603704721E1;9,963580765552E-1
6,979381443299E1;9,934848803626E-1
6,987527520936E1;9,963503060829E-1
6,987527520936E1;9,963503060829E-1
6,999135548061E1;9,967973922261E-1
7,009409184595E1;9,974051663788E-1
7,010310860142E1;9,975023298989E-1
7,013066630428E1;9,977481778677E-1
7,014026856335E1;9,978434647128E-1
7,032121519872E1;9,984834759404E-1
7,066505366747E1;9,989472921411E-1
7,083737188138E1;9,990485388407E-1
7,083737188138E1;9,990485388407E-1
7,102844103735E1;9,992033848952E-1
7,107694771748E1;9,992397872826E-1
7,126845745783E1;9,995110608086E-1
7,134567122058E1;9,996529966889E-1
7,142479604427E1;9,998126746678E-1
7,148240959869E1;9,999492489081E-1
7,154607832491E1;1,000129205013E0
7,160640861605E1;1,000293019492E0
7,170444675856E1;1,000589170249E0
7,177337513597E1;1,000805979378E0
7,187665206543E1;1,001302272530E0
7,187746499606E1;1,001315436275E0
7,200642467686E1;1,001910844808E0
7,220783791591E1;1,002424297792E0
7,316416046566E1;1,002725616702E0
7,344873082961E1;1,002839483154E0
7,473252944725E1;1,002886982509E0
7,556701030928E1;1,000513551250E0
7,596328241440E1;1,003413782404E0
7,596328241440E1;1,003413782404E0
7,606492273475E1;1,003815415639E0
7,619734235845E1;1,004576511702E0
7,619734235845E1;1,004576511702E0
7,620799852401E1;1,004993100882E0
7,620799852401E1;1,004986778747E0
7,626420686979E1;1,005334287627E0
7,639770169102E1;1,005921750874E0
7,639770169102E1;1,005921750874E0
7,644688399358E1;1,006503204833E0
7,655867614796E1;1,007022048071E0
7,657599144115E1;1,007103244335E0
7,660754618194E1;1,007388972062E0
7,670709643185E1;1,008064307233E0
7,671685319881E1;1,008110827508E0
7,677785746965E1;1,008356778854E0
7,682004495585E1;1,008556982492E0
7,698268809806E1;1,009346862505E0
7,698268809806E1;1,009346862505E0
7,702213950818E1;1,009658761925E0
7,708781526978E1;1,010214729908E0
7,712852728689E1;1,010581403186E0
7,719164457518E1;1,010902754937E0
7,739657083584E1;1,011627775683E0
7,744766578350E1;1,012029814392E0
7,748127369024E1;1,012353242527E0
7,750313249138E1;1,012789810234E0
7,754029245332E1;1,013226321165E0
7,760149709650E1;1,013560218915E0
7,766297497470E1;1,014008440932E0
7,769658288145E1;1,014358667896E0
7,775724105460E1;1,014913104828E0
7,778183220588E1;1,015267053162E0
7,779494748656E1;1,015880673103E0
7,796618219710E1;1,016769833118E0
7,845360824742E1;1,018684658493E0
7,969072164948E1;1,017195838035E0
7,983314584935E1;1,020332252781E0
7,985033718137E1;1,020519160291E0
7,989038681057E1;1,020876657223E0
7,993116713644E1;1,021231651859E0
7,993116713644E1;1,021231651859E0
7,994585351846E1;1,021985775429E0
7,994585351846E1;1,021631735848E0
7,994585351846E1;1,021985775429E0
7,994585351846E1;1,021631735848E0
7,996245254557E1;1,022400603970E0
7,996245254557E1;1,022400603970E0
7,999904326789E1;1,022777249904E0
8,001552844708E1;1,022929622443E0
8,004093930340E1;1,023171455201E0
8,008574984573E1;1,023550898034E0
8,012218118096E1;1,023799246188E0
8,014882810044E1;1,023965677041E0
8,018138108685E1;1,024167039877E0
8,021953387026E1;1,024440248557E0
8,025809844942E1;1,024715827549E0
8,027677711267E1;1,024853381102E0
8,092783505155E1;1,025725570453E0
8,139263291872E1;1,025317230092E0
8,142747038303E1;1,025218264775E0
8,150739162469E1;1,025004069308E0
8,168792190194E1;1,024390854766E0
8,171231788535E1;1,024265726455E0
8,179510809466E1;1,023855323408E0
8,198296692532E1;1,022905989932E0
8,209348073018E1;1,022184329585E0
8,214922067308E1;1,021841884497E0
8,230988286144E1;1,020766525335E0
8,238857454553E1;1,020206513626E0
8,247698558942E1;1,019620334359E0
8,254065910612E1;1,019278175940E0
8,265298797214E1;1,018686955585E0
8,272160899428E1;1,018340669419E0
8,289679167197E1;1,017513927036E0
8,308860265195E1;1,016799235486E0
8,326167751667E1;1,015806439502E0
8,331484124372E1;1,015246522516E0
8,345840672690E1;1,014389551201E0
8,348697930267E1;1,013475685882E0
8,348697930267E1;1,013829725462E0
8,351157045395E1;1,013121555054E0
8,365513593713E1;1,012264583739E0
8,370829966419E1;1,011704666753E0
8,375748196674E1;1,011350444678E0
8,378207311802E1;1,010996313850E0
8,385186514737E1;1,010139616277E0
8,390502887442E1;1,009579699291E0
8,395421117698E1;1,009225477216E0
8,397880232826E1;1,008517306808E0
8,397880232826E1;1,008871346388E0
8,408044575354E1;1,007660491048E0
8,427553555369E1;1,006729781040E0
8,484536082474E1;1,004931813400E0
8,545017287980E1;1,006345506028E0
8,550228270037E1;1,006456257365E0
8,561001536312E1;1,006667297920E0
8,582492306613E1;1,007172070616E0
8,584167962160E1;1,007220561770E0
8,605554457058E1;1,008073935527E0
8,607331265322E1;1,008157068898E0
8,615511921647E1;1,008553486368E0
8,615511921647E1;1,008553486368E0
8,621900156280E1;1,008894897523E0
8,622877556959E1;1,008994498109E0
8,625953402548E1;1,009311345405E0
8,626538906149E1;1,009326602173E0
8,641332630491E1;1,010437789037E0
8,644338215647E1;1,011069048098E0
8,647377955180E1;1,011403060161E0
8,651886332915E1;1,011851343009E0
8,653628206130E1;1,014632701831E0
8,653628206130E1;1,014172450376E0
8,653628206130E1;1,013818410795E0
8,653628206130E1;1,013464371215E0
8,653628206130E1;1,013110331634E0
8,653628206130E1;1,012756292054E0
8,653628206130E1;1,012201630044E0
8,655033414775E1;1,015216814997E0
8,659522275722E1;1,015830738517E0
8,663978608692E1;1,016474377279E0
8,665748130689E1;1,016781988874E0
8,670842012026E1;1,017358167870E0
8,673301127154E1;1,022314630751E0
8,673301127154E1;1,021960591170E0
8,673301127154E1;1,021606551589E0
8,673301127154E1;1,021252512009E0
8,673301127154E1;1,020898472428E0
8,673301127154E1;1,020544432848E0
8,673301127154E1;1,020190393267E0
8,673301127154E1;1,019836353687E0
8,673301127154E1;1,019482314106E0
8,673301127154E1;1,019128274525E0
8,673301127154E1;1,018774234945E0
8,673301127154E1;1,018420195364E0
8,673301127154E1;1,018066155784E0
8,673301127154E1;1,017712116203E0
8,675760242281E1;1,022668579084E0
8,680678472537E1;1,023022436170E0
8,683137587665E1;1,023376384503E0
8,683684057694E1;1,023813013042E0
8,686723797227E1;1,024147025104E0
8,691232174961E1;1,024595307953E0
8,692974048177E1;1,033997206931E0
8,692974048177E1;1,033643167350E0
8,692974048177E1;1,033289127770E0
8,692974048177E1;1,032935088189E0
8,692974048177E1;1,032581048609E0
8,692974048177E1;1,032227009028E0
8,692974048177E1;1,031872969447E0
8,692974048177E1;1,031518929867E0
8,692974048177E1;1,031164890286E0
8,692974048177E1;1,030810850706E0
8,692974048177E1;1,030456811125E0
8,692974048177E1;1,030102771545E0
8,692974048177E1;1,029748731964E0
8,692974048177E1;1,029394692383E0
8,692974048177E1;1,029040652803E0
8,692974048177E1;1,028686613222E0
8,692974048177E1;1,028332573642E0
8,692974048177E1;1,027978534061E0
8,692974048177E1;1,027624494481E0
8,692974048177E1;1,027270454900E0
8,692974048177E1;1,026916415319E0
8,692974048177E1;1,026562375739E0
8,692974048177E1;1,026208336158E0
8,692974048177E1;1,025854296578E0
8,692974048177E1;1,025500256997E0
8,692974048177E1;1,024945594988E0
8,697482425912E1;1,034705118805E0
8,704449918774E1;1,035121594361E0
8,710597706594E1;1,035569816378E0
8,712646969200E1;1,041431308144E0
8,712646969200E1;1,041077268564E0
8,712646969200E1;1,040723228983E0
8,712646969200E1;1,040369189403E0
8,712646969200E1;1,040015149822E0
8,712646969200E1;1,039661110241E0
8,712646969200E1;1,039307070661E0
8,712646969200E1;1,038953031080E0
8,712646969200E1;1,038598991500E0
8,712646969200E1;1,038244951919E0
8,712646969200E1;1,037890912339E0
8,712646969200E1;1,037536872758E0
8,712646969200E1;1,037182833177E0
8,712646969200E1;1,036828793597E0
8,712646969200E1;1,036474754016E0
8,712646969200E1;1,035920092007E0
8,715106084328E1;1,041785256478E0
8,720024314584E1;1,042139113563E0
8,722483429712E1;1,051344051411E0
8,722483429712E1;1,050990011830E0
8,722483429712E1;1,050635972250E0
8,722483429712E1;1,050281932669E0
8,722483429712E1;1,049927893089E0
8,722483429712E1;1,049573853508E0
8,722483429712E1;1,049219813928E0
8,722483429712E1;1,048865774347E0
8,722483429712E1;1,048511734766E0
8,722483429712E1;1,048157695186E0
8,722483429712E1;1,047803655605E0
8,722483429712E1;1,047449616025E0
8,722483429712E1;1,047095576444E0
8,722483429712E1;1,046741536864E0
8,722483429712E1;1,046387497283E0
8,722483429712E1;1,046033457702E0
8,722483429712E1;1,045679418122E0
8,722483429712E1;1,045325378541E0
8,722483429712E1;1,044971338961E0
8,722483429712E1;1,044617299380E0
8,722483429712E1;1,044263259800E0
8,722483429712E1;1,043909220219E0
8,722483429712E1;1,043555180638E0
8,722483429712E1;1,043201141058E0
8,722483429712E1;1,042847101477E0
8,722483429712E1;1,042493061897E0
8,723029899741E1;1,051780679950E0
8,726069639274E1;1,052114692012E0
8,730578017008E1;1,052562974861E0
8,732319890224E1;1,059132557194E0
8,732319890224E1;1,058778517614E0
8,732319890224E1;1,058424478033E0
8,732319890224E1;1,058070438453E0
8,732319890224E1;1,057716398872E0
8,732319890224E1;1,057362359291E0
8,732319890224E1;1,057008319711E0
8,732319890224E1;1,056654280130E0
8,732319890224E1;1,056300240550E0
8,732319890224E1;1,055946200969E0
8,732319890224E1;1,055592161389E0
8,732319890224E1;1,055238121808E0
8,732319890224E1;1,054884082227E0
8,732319890224E1;1,054530042647E0
8,732319890224E1;1,054176003066E0
8,732319890224E1;1,053821963486E0
8,732319890224E1;1,053467923905E0
8,732319890224E1;1,052913261896E0
8,734779005352E1;1,059486505527E0
8,739697235608E1;1,059840362613E0
8,742156350736E1;1,060902390108E0
8,742156350736E1;1,060548350527E0
8,742156350736E1;1,060194310947E0
8,742702820764E1;1,061339018647E0
8,745742560297E1;1,061673030709E0
8,750250938032E1;1,062121313558E0
8,751992811247E1;1,071523212536E0
8,751992811247E1;1,071169172955E0
8,751992811247E1;1,070815133375E0
8,751992811247E1;1,070461093794E0
8,751992811247E1;1,070107054213E0
8,751992811247E1;1,069753014633E0
8,751992811247E1;1,069398975052E0
8,751992811247E1;1,069044935472E0
8,751992811247E1;1,068690895891E0
8,751992811247E1;1,068336856311E0
8,751992811247E1;1,067982816730E0
8,751992811247E1;1,067628777149E0
8,751992811247E1;1,067274737569E0
8,751992811247E1;1,066920697988E0
8,751992811247E1;1,066566658408E0
8,751992811247E1;1,066212618827E0
8,751992811247E1;1,065858579247E0
8,751992811247E1;1,065504539666E0
8,751992811247E1;1,065150500085E0
8,751992811247E1;1,064796460505E0
8,751992811247E1;1,064442420924E0
8,751992811247E1;1,064088381344E0
8,751992811247E1;1,063734341763E0
8,751992811247E1;1,063380302183E0
8,751992811247E1;1,063026262602E0
8,751992811247E1;1,062471600592E0
8,754451926375E1;1,071877160869E0
8,759370156631E1;1,072231017955E0
8,761829271759E1;1,075063243352E0
8,761829271759E1;1,074709203772E0
8,761829271759E1;1,074355164191E0
8,761829271759E1;1,074001124610E0
8,761829271759E1;1,073647085030E0
8,761829271759E1;1,073293045449E0
8,761829271759E1;1,072939005869E0
8,761829271759E1;1,072584966288E0
8,762375741787E1;1,075499871891E0
8,765415481321E1;1,075833883953E0
8,769923859055E1;1,076282166802E0
8,771665732271E1;1,089224461586E0
8,771665732271E1;1,088870422005E0
8,771665732271E1;1,088516382424E0
8,771665732271E1;1,088162342844E0
8,771665732271E1;1,087808303263E0
8,771665732271E1;1,087454263683E0
8,771665732271E1;1,087100224102E0
8,771665732271E1;1,086746184522E0
8,771665732271E1;1,086392144941E0
8,771665732271E1;1,086038105361E0
8,771665732271E1;1,085684065780E0
8,771665732271E1;1,085330026199E0
8,771665732271E1;1,084975986619E0
8,771665732271E1;1,084621947038E0
8,771665732271E1;1,084267907458E0
8,771665732271E1;1,083913867877E0
8,771665732271E1;1,083559828297E0
8,771665732271E1;1,083205788716E0
8,771665732271E1;1,082851749135E0
8,771665732271E1;1,082497709555E0
8,771665732271E1;1,082143669974E0
8,771665732271E1;1,081789630394E0
8,771665732271E1;1,081435590813E0
8,771665732271E1;1,081081551233E0
8,771665732271E1;1,080727511652E0
8,771665732271E1;1,080373472071E0
8,771665732271E1;1,080019432491E0
8,771665732271E1;1,079665392910E0
8,771665732271E1;1,079311353330E0
8,771665732271E1;1,078957313749E0
8,771665732271E1;1,078603274169E0
8,771665732271E1;1,078249234588E0
8,771665732271E1;1,077895195007E0
8,771665732271E1;1,077541155427E0
8,771665732271E1;1,077187115846E0
8,771665732271E1;1,076632453837E0
8,774124847399E1;1,089578409919E0
8,779043077654E1;1,089932267005E0
8,781502192782E1;1,093826611144E0
8,781502192782E1;1,093472571563E0
8,781502192782E1;1,093118531983E0
8,781502192782E1;1,092764492402E0
8,781502192782E1;1,092410452822E0
8,781502192782E1;1,092056413241E0
8,781502192782E1;1,091702373660E0
8,781502192782E1;1,091348334080E0
8,781502192782E1;1,090994294499E0
8,781502192782E1;1,090640254919E0
8,781502192782E1;1,090286215338E0
8,782048662811E1;1,094263239683E0
8,785088402344E1;1,094597251745E0
8,789596780078E1;1,095045534594E0
8,791338653294E1;1,103739354410E0
8,791338653294E1;1,103385314830E0
8,791338653294E1;1,103031275249E0
8,791338653294E1;1,102677235669E0
8,791338653294E1;1,102323196088E0
8,791338653294E1;1,101969156508E0
8,791338653294E1;1,101615116927E0
8,791338653294E1;1,101261077346E0
8,791338653294E1;1,100907037766E0
8,791338653294E1;1,100552998185E0
8,791338653294E1;1,100198958605E0
8,791338653294E1;1,099844919024E0
8,791338653294E1;1,099490879444E0
8,791338653294E1;1,099136839863E0
8,791338653294E1;1,098782800283E0
8,791338653294E1;1,098428760702E0
8,791338653294E1;1,098074721121E0
8,791338653294E1;1,097720681541E0
8,791338653294E1;1,097366641960E0
8,791338653294E1;1,097012602380E0
8,791338653294E1;1,096658562799E0
8,791338653294E1;1,096304523219E0
8,791338653294E1;1,095950483638E0
8,791338653294E1;1,095395821628E0
8,793797768422E1;1,104093302744E0
8,798715998678E1;1,104447159830E0
8,801175113806E1;1,109403622710E0
8,801175113806E1;1,109049583130E0
8,801175113806E1;1,108695543549E0
8,801175113806E1;1,108341503969E0
8,801175113806E1;1,107987464388E0
8,801175113806E1;1,107633424807E0
8,801175113806E1;1,107279385227E0
8,801175113806E1;1,106925345646E0
8,801175113806E1;1,106571306066E0
8,801175113806E1;1,106217266485E0
8,801175113806E1;1,105863226905E0
8,801175113806E1;1,105509187324E0
8,801175113806E1;1,105155147744E0
8,801175113806E1;1,104801108163E0
8,801721583834E1;1,109840251249E0
8,804761323367E1;1,110174263312E0
8,809269701102E1;1,110622546160E0
8,811011574317E1;1,127459276330E0
8,811011574317E1;1,127105236750E0
8,811011574317E1;1,126751197169E0
8,811011574317E1;1,126397157588E0
8,811011574317E1;1,126043118008E0
8,811011574317E1;1,125689078427E0
8,811011574317E1;1,125335038847E0
8,811011574317E1;1,124980999266E0
8,811011574317E1;1,124626959686E0
8,811011574317E1;1,124272920105E0
8,811011574317E1;1,123918880524E0
8,811011574317E1;1,123564840944E0
8,811011574317E1;1,123210801363E0
8,811011574317E1;1,122856761783E0
8,811011574317E1;1,122502722202E0
8,811011574317E1;1,122148682622E0
8,811011574317E1;1,121794643041E0
8,811011574317E1;1,121440603460E0
8,811011574317E1;1,121086563880E0
8,811011574317E1;1,120732524299E0
8,811011574317E1;1,120378484719E0
8,811011574317E1;1,120024445138E0
8,811011574317E1;1,119670405558E0
8,811011574317E1;1,119316365977E0
8,811011574317E1;1,118962326396E0
8,811011574317E1;1,118608286816E0
8,811011574317E1;1,118254247235E0
8,811011574317E1;1,117900207655E0
8,811011574317E1;1,117546168074E0
8,811011574317E1;1,117192128494E0
8,811011574317E1;1,116838088913E0
8,811011574317E1;1,116484049332E0
8,811011574317E1;1,116130009752E0
8,811011574317E1;1,115775970171E0
8,811011574317E1;1,115421930591E0
8,811011574317E1;1,115067891010E0
8,811011574317E1;1,114713851430E0
8,811011574317E1;1,114359811849E0
8,811011574317E1;1,114005772268E0
8,811011574317E1;1,113651732688E0
8,811011574317E1;1,113297693107E0
8,811011574317E1;1,112943653527E0
8,811011574317E1;1,112589613946E0
8,811011574317E1;1,112235574366E0
8,811011574317E1;1,111881534785E0
8,811011574317E1;1,111527495205E0
8,811011574317E1;1,110972833195E0
8,813470689445E1;1,127813224663E0
8,818388919701E1;1,128167081749E0
8,820848034829E1;1,137726059177E0
8,820848034829E1;1,137372019597E0
8,820848034829E1;1,137017980016E0
8,820848034829E1;1,136663940436E0
8,820848034829E1;1,136309900855E0
8,820848034829E1;1,135955861275E0
8,820848034829E1;1,135601821694E0
8,820848034829E1;1,135247782113E0
8,820848034829E1;1,134893742533E0
8,820848034829E1;1,134539702952E0
8,820848034829E1;1,134185663372E0
8,820848034829E1;1,133831623791E0
8,820848034829E1;1,133477584211E0
8,820848034829E1;1,133123544630E0
8,820848034829E1;1,132769505049E0
8,820848034829E1;1,132415465469E0
8,820848034829E1;1,132061425888E0
8,820848034829E1;1,131707386308E0
8,820848034829E1;1,131353346727E0
8,820848034829E1;1,130999307147E0
8,820848034829E1;1,130645267566E0
8,820848034829E1;1,130291227985E0
8,820848034829E1;1,129937188405E0
8,820848034829E1;1,129583148824E0
8,820848034829E1;1,129229109244E0
8,820848034829E1;1,128875069663E0
8,820848034829E1;1,128521030083E0
8,821394504858E1;1,138162687716E0
8,824434244391E1;1,138496699779E0
8,828942622125E1;1,138944982627E0
8,830684495341E1;1,158614029442E0
8,830684495341E1;1,158259989861E0
8,830684495341E1;1,157905950281E0
8,830684495341E1;1,157551910700E0
8,830684495341E1;1,157197871119E0
8,830684495341E1;1,156843831539E0
8,830684495341E1;1,156489791958E0
8,830684495341E1;1,156135752378E0
8,830684495341E1;1,155781712797E0
8,830684495341E1;1,155427673217E0
8,830684495341E1;1,155073633636E0
8,830684495341E1;1,154719594056E0
8,830684495341E1;1,154365554475E0
8,830684495341E1;1,154011514894E0
8,830684495341E1;1,153657475314E0
8,830684495341E1;1,153303435733E0
8,830684495341E1;1,152949396153E0
8,830684495341E1;1,152595356572E0
8,830684495341E1;1,152241316992E0
8,830684495341E1;1,151887277411E0
8,830684495341E1;1,151533237830E0
8,830684495341E1;1,151179198250E0
8,830684495341E1;1,150825158669E0
8,830684495341E1;1,150471119089E0
8,830684495341E1;1,150117079508E0
8,830684495341E1;1,149763039928E0
8,830684495341E1;1,149409000347E0
8,830684495341E1;1,149054960766E0
8,830684495341E1;1,148700921186E0
8,830684495341E1;1,148346881605E0
8,830684495341E1;1,147992842025E0
8,830684495341E1;1,147638802444E0
8,830684495341E1;1,147284762864E0
8,830684495341E1;1,146930723283E0
8,830684495341E1;1,146576683702E0
8,830684495341E1;1,146222644122E0
8,830684495341E1;1,145868604541E0
8,830684495341E1;1,145514564961E0
8,830684495341E1;1,145160525380E0
8,830684495341E1;1,144806485800E0
8,830684495341E1;1,144452446219E0
8,830684495341E1;1,144098406638E0
8,830684495341E1;1,143744367058E0
8,830684495341E1;1,143390327477E0
8,830684495341E1;1,143036287897E0
8,830684495341E1;1,142682248316E0
8,830684495341E1;1,142328208736E0
8,830684495341E1;1,141974169155E0
8,830684495341E1;1,141620129574E0
8,830684495341E1;1,141266089994E0
8,830684495341E1;1,140912050413E0
8,830684495341E1;1,140558010833E0
8,830684495341E1;1,140203971252E0
8,830684495341E1;1,139849931672E0
8,830684495341E1;1,139295269662E0
8,833143610469E1;1,158967977775E0
8,838061840725E1;1,159321834861E0
8,840520955853E1;1,162862139419E0
8,840520955853E1;1,162508099839E0
8,840520955853E1;1,162154060258E0
8,840520955853E1;1,161800020678E0
8,840520955853E1;1,161445981097E0
8,840520955853E1;1,161091941517E0
8,840520955853E1;1,160737901936E0
8,840520955853E1;1,160383862355E0
8,840520955853E1;1,160029822775E0
8,840520955853E1;1,159675783194E0
8,841613895909E1;1,163339068855E0
8,843022227240E1;1,163818627836E0
8,843940296888E1;1,164157839555E0
8,848615543149E1;1,164789142030E0
8,850357416364E1;1,198069043831E0
8,850357416364E1;1,197557653326E0
8,850357416364E1;1,197203613745E0
8,850357416364E1;1,196849574165E0
8,850357416364E1;1,196495534584E0
8,850357416364E1;1,196141495004E0
8,850357416364E1;1,195787455423E0
8,850357416364E1;1,195433415843E0
8,850357416364E1;1,195079376262E0
8,850357416364E1;1,194725336681E0
8,850357416364E1;1,194371297101E0
8,850357416364E1;1,194017257520E0
8,850357416364E1;1,193663217940E0
8,850357416364E1;1,193309178359E0
8,850357416364E1;1,192955138779E0
8,850357416364E1;1,192601099198E0
8,850357416364E1;1,192247059617E0
8,850357416364E1;1,191893020037E0
8,850357416364E1;1,191538980456E0
8,850357416364E1;1,191184940876E0
8,850357416364E1;1,190830901295E0
8,850357416364E1;1,190476861715E0
8,850357416364E1;1,190122822134E0
8,850357416364E1;1,189768782553E0
8,850357416364E1;1,189414742973E0
8,850357416364E1;1,189060703392E0
8,850357416364E1;1,188706663812E0
8,850357416364E1;1,188352624231E0
8,850357416364E1;1,187998584651E0
8,850357416364E1;1,187644545070E0
8,850357416364E1;1,187290505489E0
8,850357416364E1;1,186936465909E0
8,850357416364E1;1,186582426328E0
8,850357416364E1;1,186228386748E0
8,850357416364E1;1,185874347167E0
8,850357416364E1;1,185520307587E0
8,850357416364E1;1,185166268006E0
8,850357416364E1;1,184812228425E0
8,850357416364E1;1,184458188845E0
8,850357416364E1;1,184104149264E0
8,850357416364E1;1,183750109684E0
8,850357416364E1;1,183396070103E0
8,850357416364E1;1,183042030523E0
8,850357416364E1;1,182687990942E0
8,850357416364E1;1,182333951361E0
8,850357416364E1;1,181979911781E0
8,850357416364E1;1,181625872200E0
8,850357416364E1;1,181271832620E0
8,850357416364E1;1,180917793039E0
8,850357416364E1;1,180563753459E0
8,850357416364E1;1,180209713878E0
8,850357416364E1;1,179855674297E0
8,850357416364E1;1,179501634717E0
8,850357416364E1;1,179147595136E0
8,850357416364E1;1,178793555556E0
8,850357416364E1;1,178439515975E0
8,850357416364E1;1,178085476395E0
8,850357416364E1;1,177731436814E0
8,850357416364E1;1,177377397233E0
8,850357416364E1;1,177023357653E0
8,850357416364E1;1,176669318072E0
8,850357416364E1;1,176315278492E0
8,850357416364E1;1,175961238911E0
8,850357416364E1;1,175607199331E0
8,850357416364E1;1,175253159750E0
8,850357416364E1;1,174899120169E0
8,850357416364E1;1,174545080589E0
8,850357416364E1;1,174191041008E0
8,850357416364E1;1,173837001428E0
8,850357416364E1;1,173482961847E0
8,850357416364E1;1,173128922267E0
8,850357416364E1;1,172774882686E0
8,850357416364E1;1,172420843105E0
8,850357416364E1;1,172066803525E0
8,850357416364E1;1,171712763944E0
8,850357416364E1;1,171358724364E0
8,850357416364E1;1,171004684783E0
8,850357416364E1;1,170650645203E0
8,850357416364E1;1,170296605622E0
8,850357416364E1;1,169942566041E0
8,850357416364E1;1,169588526461E0
8,850357416364E1;1,169234486880E0
8,850357416364E1;1,168880447300E0
8,850357416364E1;1,168526407719E0
8,850357416364E1;1,168172368139E0
8,850357416364E1;1,167818328558E0
8,850357416364E1;1,167464288978E0
8,850357416364E1;1,167110249397E0
8,850357416364E1;1,166756209816E0
8,850357416364E1;1,166402170236E0
8,850357416364E1;1,166048130655E0
8,850357416364E1;1,165694091075E0
8,850357416364E1;1,165139429065E0
