Line 11 x;Line 11 y
3,034449148171E2;3,410449469791E-3
3,050041344236E2;3,417150460614E-3
3,065633540301E2;3,423851451437E-3
3,081225736365E2;3,430552442260E-3
3,096817932430E2;3,437253433082E-3
3,112410128495E2;3,443954423905E-3
3,128002324560E2;3,450655414728E-3
3,143594520625E2;3,457356405550E-3
3,159186716690E2;3,464057396373E-3
3,174778912755E2;3,470758387196E-3
3,190371108819E2;3,477459378018E-3
3,205963304884E2;3,484160368841E-3
3,221555500949E2;3,490861359664E-3
3,237147697014E2;3,497562350486E-3
3,252739893079E2;3,504263341309E-3
3,268332089144E2;3,510964332132E-3
3,283924285208E2;3,517665322954E-3
3,296927182111E2;4,363106998415E-3
3,315136877885E2;6,050639853925E-3
3,328139774788E2;6,896081529386E-3
3,346349470561E2;8,583614384895E-3
3,369765965205E2;1,111323842045E-2
3,393182459849E2;1,364286245601E-2
3,406185356751E2;1,448830413147E-2
3,424395052525E2;1,617583698698E-2
3,439987248590E2;1,618253797781E-2
3,455579444654E2;1,618923896863E-2
3,471171640719E2;1,619593995945E-2
3,486763836784E2;1,620264095028E-2
3,507321597963E2;1,484671407117E-2
3,517934128641E2;1,495625665726E-2
3,530047291973E2;1,370168226435E-2
3,549104420497E2;1,370987236424E-2
3,564696616562E2;1,371657335506E-2
3,580288812627E2;1,372327434589E-2
3,595881008692E2;1,372997533671E-2
3,611501405303E2;1,625624887686E-2
3,627093601368E2;1,626294986768E-2
3,642685797433E2;1,626965085850E-2
3,658277993497E2;1,627635184932E-2
3,673870189562E2;1,628305284015E-2
3,689462385627E2;1,628975383097E-2
3,702446482166E2;1,545548047355E-2
3,717153644751E2;1,378209415422E-2
3,736210773275E2;1,379028425411E-2
3,749194869814E2;1,295601089669E-2
3,763902032399E2;1,128262457736E-2
3,782959160923E2;1,129081467726E-2
3,790741158682E2;1,003437889800E-2
3,798523156441E2;8,777943118753E-3
3,814115352506E2;8,784644109576E-3
3,829707548571E2;8,791345100398E-3
3,842691645110E2;7,957071742975E-3
3,857398807696E2;6,283685423647E-3
3,876455936219E2;6,291875523541E-3
3,892048132284E2;6,298576514364E-3
3,907640328349E2;6,305277505186E-3
3,923232524414E2;6,311978496009E-3
3,938824720479E2;6,318679486832E-3
3,954416916543E2;6,325380477654E-3
3,970009112608E2;6,332081468477E-3
3,985601308673E2;6,338782459300E-3
4,001193504738E2;6,345483450122E-3
4,016785700803E2;6,352184440945E-3
4,032377896868E2;6,358885431768E-3
4,047970092933E2;6,365586422591E-3
4,063590489544E2;8,891859962738E-3
4,079182685609E2;8,898560953561E-3
4,094774881674E2;8,905261944384E-3
4,110367077738E2;8,911962935206E-3
4,125959273803E2;8,918663926029E-3
4,141551469868E2;8,925364916852E-3
4,157143665933E2;8,932065907674E-3
4,172735861998E2;8,938766898497E-3
4,188356258609E2;1,146504043865E-2
4,203948454674E2;1,147174142947E-2
4,219540650739E2;1,147844242029E-2
4,235132846804E2;1,148514341111E-2
4,250725042869E2;1,149184440194E-2
4,266317238933E2;1,149854539276E-2
4,281909434998E2;1,150524638358E-2
4,297501631063E2;1,151194737440E-2
4,313093827128E2;1,151864836523E-2
4,326096724031E2;1,236409004069E-2
4,344306419804E2;1,405162289620E-2
4,359898615869E2;1,405832388702E-2
4,375490811934E2;1,406502487784E-2
4,391083007999E2;1,407172586867E-2
4,406703404610E2;1,659799940881E-2
4,422295600675E2;1,660470039964E-2
4,435298497578E2;1,745014207510E-2
4,453508193351E2;1,913767493061E-2
4,476924687995E2;2,166729896617E-2
4,492545084606E2;2,419357250631E-2
4,515961579250E2;2,672319654187E-2
4,531581975862E2;2,924947008202E-2
4,554998470505E2;3,177909411758E-2
4,558469669752E2;3,234048823761E-2
4,570626700602E2;3,500524892143E-2
4,578471366242E2;3,934786325179E-2
4,586287831336E2;4,117090503282E-2
4,594119963400E2;4,439370934126E-2
4,609740360012E2;4,691998288141E-2
4,622743256914E2;4,776542455687E-2
4,633160379724E2;4,976455348564E-2
4,633199155475E2;5,322896574096E-2
4,648819552087E2;5,575523928111E-2
4,648847752633E2;5,827481183043E-2
4,648875953180E2;6,079438437976E-2
4,648904153726E2;6,331395692908E-2
4,659331851740E2;6,625792556384E-2
4,664552750884E2;6,835980301855E-2
4,664580951431E2;7,087937556788E-2
4,664609151977E2;7,339894811721E-2
4,664637352524E2;7,591852066653E-2
4,676800650161E2;7,914318636131E-2
4,683743048655E2;8,026597460137E-2
4,695900079505E2;8,293073528519E-2
4,706334044307E2;8,643460893091E-2
4,711554943451E2;8,853648638563E-2
4,711583143997E2;9,105605893495E-2
4,722010842012E2;9,400002756971E-2
4,727231741155E2;9,610190502442E-2
4,727259941702E2;9,862147757375E-2
4,727288142248E2;1,011410501231E-1
4,727316342795E2;1,036606226724E-1
4,727344543341E2;1,061801952217E-1
4,727372743888E2;1,086997677710E-1
4,737800441902E2;1,116437364058E-1
4,743021341046E2;1,137456138605E-1
4,743049541592E2;1,162651864098E-1
4,743077742139E2;1,187847589592E-1
4,743105942685E2;1,213043315085E-1
4,743134143232E2;1,238239040578E-1
4,743162343778E2;1,263434766071E-1
4,743190544325E2;1,288630491565E-1
4,743218744872E2;1,313826217058E-1
4,753646442886E2;1,343265903406E-1
4,758867342029E2;1,364284677953E-1
4,758895542576E2;1,389480403446E-1
4,769099632175E2;1,412620227727E-1
4,802137275116E2;1,472503218150E-1
4,802454907677E2;1,471990387220E-1
4,810977631554E2;1,486287384198E-1
4,821401804500E2;1,512577604858E-1
4,821405329568E2;1,515727070545E-1
4,821433530115E2;1,540922796038E-1
4,821461730661E2;1,566118521532E-1
4,821489931208E2;1,591314247025E-1
4,821518131754E2;1,616509972518E-1
4,821546332301E2;1,641705698011E-1
4,821574532847E2;1,666901423505E-1
4,821602733394E2;1,692097148998E-1
4,829427031973E2;1,717326379445E-1
4,832058631954E2;1,746732560839E-1
4,837279531098E2;1,767751335386E-1
4,837307731645E2;1,792947060879E-1
4,837335932191E2;1,818142786372E-1
4,837364132738E2;1,843338511866E-1
4,837392333284E2;1,868534237359E-1
4,837434634104E2;1,906327825599E-1
4,845244832410E2;1,918959193300E-1
4,845915187647E2;1,937438850741E-1
4,894056221775E2;1,995805597638E-1
4,898897421213E2;2,025851165239E-1
4,899958521369E2;2,045172355445E-1
4,899986721916E2;2,070368080938E-1
4,907839221041E2;2,120793036878E-1
4,908469703839E2;2,103648737997E-1
4,915657252832E2;2,140423217216E-1
4,915691720167E2;2,171217992819E-1
4,915719920713E2;2,196413718312E-1
4,915748121260E2;2,221609443806E-1
4,915776321807E2;2,246805169299E-1
4,915804522353E2;2,272000894792E-1
4,915832722900E2;2,297196620285E-1
4,915860923446E2;2,322392345779E-1
4,915889123993E2;2,347588071272E-1
4,915917324539E2;2,372783796765E-1
4,915945525086E2;2,397979522258E-1
4,915973725632E2;2,423175247752E-1
4,923812124484E2;2,461002340946E-1
4,931622322790E2;2,473633708646E-1
4,931650523337E2;2,498829434140E-1
4,931678723883E2;2,524025159633E-1
4,931706924430E2;2,549220885126E-1
4,931735124976E2;2,574416610619E-1
4,931763325523E2;2,599612336113E-1
4,936984224667E2;2,620631110660E-1
4,947405655893E2;2,644471746898E-1
4,947440123227E2;2,675266522501E-1
4,947468323774E2;2,700462247994E-1
4,947496524320E2;2,725657973487E-1
4,947524724867E2;2,750853698980E-1
4,952745624011E2;2,771872473527E-1
4,963167055237E2;2,795713109765E-1
4,978807818909E2;2,839172758023E-1
4,982279018156E2;2,844786699224E-1
4,994436049006E2;2,871434306062E-1
4,994470516341E2;2,902229081665E-1
4,994498716887E2;2,927424807158E-1
4,994526917434E2;2,952620532651E-1
4,994555117980E2;2,977816258144E-1
4,994583318527E2;3,003011983638E-1
4,999804217670E2;3,024030758185E-1
5,010225648896E2;3,047871394423E-1
5,010260116231E2;3,078666170026E-1
5,010288316778E2;3,103861895519E-1
5,010316517324E2;3,129057621012E-1
5,010344717871E2;3,154253346505E-1
5,010372918417E2;3,179449071999E-1
5,010401118964E2;3,204644797492E-1
5,010429319510E2;3,229840522985E-1
5,010457520057E2;3,255036248478E-1
5,010485720603E2;3,280231973972E-1
5,010513921150E2;3,305427699465E-1
5,010542121696E2;3,330623424958E-1
5,010570322243E2;3,355819150451E-1
5,018394620822E2;3,381048380899E-1
5,018422821368E2;3,406244106392E-1
5,021054421350E2;3,435650287785E-1
5,026275320494E2;3,456669062333E-1
5,026303521040E2;3,481864787826E-1
5,026331721587E2;3,507060513319E-1
5,026359922134E2;3,532256238812E-1
5,026388122680E2;3,557451964306E-1
5,026416323227E2;3,582647689799E-1
5,026444523773E2;3,607843415292E-1
5,026472724320E2;3,633039140785E-1
5,026500924866E2;3,658234866279E-1
5,026529125413E2;3,683430591772E-1
5,026557325959E2;3,708626317265E-1
5,026585526506E2;3,733822042758E-1
5,034409825085E2;3,759051273206E-1
5,037041425066E2;3,788457454599E-1
5,042262324210E2;3,809476229146E-1
5,042290524757E2;3,834671954640E-1
5,042318725303E2;3,859867680133E-1
5,042346925850E2;3,885063405626E-1
5,042375126396E2;3,910259131119E-1
5,042403326943E2;3,935454856613E-1
5,052831024957E2;3,964894542960E-1
5,058051924101E2;3,985913317507E-1
5,058080124647E2;4,011109043001E-1
5,058108325194E2;4,036304768494E-1
5,068536023208E2;4,065744454841E-1
5,073756922352E2;4,086763229389E-1
5,073785122898E2;4,111958954882E-1
5,073813323445E2;4,137154680375E-1
5,073841523991E2;4,162350405868E-1
5,073869724538E2;4,187546131362E-1
5,073897925084E2;4,212741856855E-1
5,073926125631E2;4,237937582348E-1
5,081750424210E2;4,263166812795E-1
5,081778624756E2;4,288362538289E-1
5,084410224738E2;4,317768719682E-1
5,089631123882E2;4,338787494229E-1
5,089631123882E2;4,338787494229E-1
5,089659324428E2;4,363983219723E-1
5,089659324428E2;4,363983219723E-1
5,089687524975E2;4,389178945216E-1
5,089687524975E2;4,389178945216E-1
5,089715725521E2;4,414374670709E-1
5,089715725521E2;4,414374670709E-1
5,089743926068E2;4,439570396202E-1
5,089743926068E2;4,439570396202E-1
5,089772126615E2;4,464766121696E-1
5,089772126615E2;4,464766121696E-1
5,089800327161E2;4,489961847189E-1
5,089800327161E2;4,489961847189E-1
5,089828527708E2;4,515157572682E-1
5,089828527708E2;4,515157572682E-1
5,089856728254E2;4,540353298175E-1
5,089856728254E2;4,540353298175E-1
5,089884928801E2;4,565549023669E-1
5,089884928801E2;4,565549023669E-1
5,089913129347E2;4,590744749162E-1
5,089913129347E2;4,590744749162E-1
5,089941329894E2;4,615940474655E-1
5,089941329894E2;4,615940474655E-1
5,089969530440E2;4,641136200148E-1
5,089969530440E2;4,641136200148E-1
5,089997730987E2;4,666331925642E-1
5,089997730987E2;4,666331925642E-1
5,090025931533E2;4,691527651135E-1
5,090025931533E2;4,691527651135E-1
5,090054132080E2;4,716723376628E-1
5,097878430659E2;4,741952607075E-1
5,097906631205E2;4,767148332569E-1
5,097934831752E2;4,792344058062E-1
5,100566431734E2;4,821750239455E-1
5,105787330877E2;4,842769014003E-1
5,105787330877E2;4,842769014003E-1
5,105815531424E2;4,867964739496E-1
5,105815531424E2;4,867964739496E-1
5,105843731970E2;4,893160464989E-1
5,105843731970E2;4,893160464989E-1
5,105871932517E2;4,918356190482E-1
5,105871932517E2;4,918356190482E-1
5,105900133063E2;4,943551915976E-1
5,105900133063E2;4,943551915976E-1
5,105928333610E2;4,968747641469E-1
5,105928333610E2;4,968747641469E-1
5,105956534157E2;4,993943366962E-1
5,105956534157E2;4,993943366962E-1
5,105984734703E2;5,019139092455E-1
5,105984734703E2;5,019139092455E-1
5,106012935250E2;5,044334817949E-1
5,106012935250E2;5,044334817949E-1
5,106041135796E2;5,069530543442E-1
5,106041135796E2;5,069530543442E-1
5,106069336343E2;5,094726268935E-1
5,106069336343E2;5,094726268935E-1
5,106097536889E2;5,119921994428E-1
5,106097536889E2;5,119921994428E-1
5,106125737436E2;5,145117719922E-1
5,106125737436E2;5,145117719922E-1
5,106153937982E2;5,170313445415E-1
5,106153937982E2;5,170313445415E-1
5,106182138529E2;5,195509170908E-1
5,106182138529E2;5,195509170908E-1
5,106210339075E2;5,220704896401E-1
5,106210339075E2;5,220704896401E-1
5,106238539622E2;5,245900621895E-1
5,106238539622E2;5,245900621895E-1
5,106266740168E2;5,271096347388E-1
5,106266740168E2;5,271096347388E-1
5,106294940715E2;5,296292072881E-1
5,106294940715E2;5,296292072881E-1
5,106323141261E2;5,321487798374E-1
5,106323141261E2;5,321487798374E-1
5,106351341808E2;5,346683523868E-1
5,106351341808E2;5,346683523868E-1
5,114175640387E2;5,371912754315E-1
5,114203840933E2;5,397108479808E-1
5,114232041480E2;5,422304205301E-1
5,114260242026E2;5,447499930795E-1
5,116891842008E2;5,476906112188E-1
5,122112741152E2;5,497924886735E-1
5,122112741152E2;5,497924886735E-1
5,122140941699E2;5,523120612229E-1
5,122140941699E2;5,523120612229E-1
5,122169142245E2;5,548316337722E-1
5,122169142245E2;5,548316337722E-1
5,122197342792E2;5,573512063215E-1
5,122197342792E2;5,573512063215E-1
5,122225543338E2;5,598707788708E-1
5,122225543338E2;5,598707788708E-1
5,122253743885E2;5,623903514202E-1
5,122253743885E2;5,623903514202E-1
5,122281944431E2;5,649099239695E-1
5,122310144978E2;5,674294965188E-1
5,122338345524E2;5,699490690681E-1
5,122366546071E2;5,724686416175E-1
5,122394746617E2;5,749882141668E-1
5,122422947164E2;5,775077867161E-1
5,122451147710E2;5,800273592654E-1
5,122479348257E2;5,825469318148E-1
5,122507548803E2;5,850665043641E-1
5,122535749350E2;5,875860769134E-1
5,122563949896E2;5,901056494627E-1
5,122592150443E2;5,926252220121E-1
5,122620350990E2;5,951447945614E-1
5,122648551536E2;5,976643671107E-1
5,122676752083E2;6,001839396600E-1
5,122704952629E2;6,027035122094E-1
5,122733153176E2;6,052230847587E-1
5,130557451755E2;6,077460078034E-1
5,130585652301E2;6,102655803528E-1
5,133217252283E2;6,132061984921E-1
5,138438151427E2;6,153080759468E-1
5,138466351973E2;6,178276484961E-1
5,138494552520E2;6,203472210455E-1
5,138522753066E2;6,228667935948E-1
5,138550953613E2;6,253863661441E-1
5,138579154159E2;6,279059386934E-1
5,138607354706E2;6,304255112428E-1
5,138635555252E2;6,329450837921E-1
5,138663755799E2;6,354646563414E-1
5,146488054378E2;6,379875793862E-1
5,149119654360E2;6,409281975255E-1
5,154340553503E2;6,430300749802E-1
5,164768251517E2;6,459740436150E-1
5,169989150661E2;6,480759210697E-1
5,177813449240E2;6,505988441144E-1
5,177841649787E2;6,531184166638E-1
5,180473249768E2;6,560590348031E-1
5,185694148912E2;6,581609122578E-1
5,185722349459E2;6,606804848071E-1
5,193546648038E2;6,632034078519E-1
5,193574848584E2;6,657229804012E-1
5,196206448566E2;6,686635985406E-1
5,201427347710E2;6,707654759953E-1
5,201427347710E2;6,707654759953E-1
5,201455548256E2;6,732850485446E-1
5,201455548256E2;6,732850485446E-1
5,201483748803E2;6,758046210939E-1
5,201483748803E2;6,758046210939E-1
5,201511949349E2;6,783241936432E-1
5,201511949349E2;6,783241936432E-1
5,201540149896E2;6,808437661926E-1
5,201540149896E2;6,808437661926E-1
5,201568350442E2;6,833633387419E-1
5,201568350442E2;6,833633387419E-1
5,201596550989E2;6,858829112912E-1
5,201596550989E2;6,858829112912E-1
5,201624751535E2;6,884024838405E-1
5,201624751535E2;6,884024838405E-1
5,201652952082E2;6,909220563899E-1
5,201652952082E2;6,909220563899E-1
5,201681152628E2;6,934416289392E-1
5,201681152628E2;6,934416289392E-1
5,201709353175E2;6,959612014885E-1
5,201709353175E2;6,959612014885E-1
5,201737553722E2;6,984807740378E-1
5,201737553722E2;6,984807740378E-1
5,201765754268E2;7,010003465872E-1
5,201765754268E2;7,010003465872E-1
5,201793954815E2;7,035199191365E-1
5,201793954815E2;7,035199191365E-1
5,201822155361E2;7,060394916858E-1
5,209646453940E2;7,085624147306E-1
5,209674654487E2;7,110819872799E-1
5,209702855033E2;7,136015598292E-1
5,212334455015E2;7,165421779686E-1
5,217555354159E2;7,186440554233E-1
5,217555354159E2;7,186440554233E-1
5,217583554705E2;7,211636279726E-1
5,217583554705E2;7,211636279726E-1
5,217611755252E2;7,236832005219E-1
5,217611755252E2;7,236832005219E-1
5,217639955798E2;7,262027730712E-1
5,217639955798E2;7,262027730712E-1
5,217668156345E2;7,287223456206E-1
5,217668156345E2;7,287223456206E-1
5,217696356891E2;7,312419181699E-1
5,217696356891E2;7,312419181699E-1
5,217724557438E2;7,337614907192E-1
5,217724557438E2;7,337614907192E-1
5,217752757984E2;7,362810632685E-1
5,217752757984E2;7,362810632685E-1
5,217780958531E2;7,388006358179E-1
5,217780958531E2;7,388006358179E-1
5,217809159077E2;7,413202083672E-1
5,217809159077E2;7,413202083672E-1
5,217837359624E2;7,438397809165E-1
5,217837359624E2;7,438397809165E-1
5,217865560170E2;7,463593534658E-1
5,217865560170E2;7,463593534658E-1
5,217893760717E2;7,488789260152E-1
5,217893760717E2;7,488789260152E-1
5,217921961264E2;7,513984985645E-1
5,217921961264E2;7,513984985645E-1
5,217950161810E2;7,539180711138E-1
5,217950161810E2;7,539180711138E-1
5,217978362357E2;7,564376436631E-1
5,217978362357E2;7,564376436631E-1
5,218006562903E2;7,589572162125E-1
5,218006562903E2;7,589572162125E-1
5,218034763450E2;7,614767887618E-1
5,218034763450E2;7,614767887618E-1
5,218062963996E2;7,639963613111E-1
5,218062963996E2;7,639963613111E-1
5,218091164543E2;7,665159338604E-1
5,218091164543E2;7,665159338604E-1
5,223312063686E2;7,686178113152E-1
5,225915463122E2;7,690388569052E-1
5,225943663668E2;7,715584294545E-1
5,225943663668E2;7,715584294545E-1
5,225971864215E2;7,740780020038E-1
5,225971864215E2;7,740780020038E-1
5,226000064761E2;7,765975745532E-1
5,226000064761E2;7,765975745532E-1
5,226028265308E2;7,791171471025E-1
5,228631664743E2;7,795381926925E-1
5,233852563887E2;7,816400701472E-1
5,233880764433E2;7,841596426965E-1
5,233880764433E2;7,841596426965E-1
5,233908964980E2;7,866792152459E-1
5,233908964980E2;7,866792152459E-1
5,233937165526E2;7,891987877952E-1
5,233937165526E2;7,891987877952E-1
5,233965366073E2;7,917183603445E-1
5,233965366073E2;7,917183603445E-1
5,233993566619E2;7,942379328938E-1
5,233993566619E2;7,942379328938E-1
5,234021767166E2;7,967575054432E-1
5,234021767166E2;7,967575054432E-1
5,234049967712E2;7,992770779925E-1
5,234049967712E2;7,992770779925E-1
5,234078168259E2;8,017966505418E-1
5,234078168259E2;8,017966505418E-1
5,234106368805E2;8,043162230911E-1
5,234106368805E2;8,043162230911E-1
5,234134569352E2;8,068357956405E-1
5,234134569352E2;8,068357956405E-1
5,234162769899E2;8,093553681898E-1
5,234190970445E2;8,118749407391E-1
5,234219170992E2;8,143945132884E-1
5,234247371538E2;8,169140858378E-1
5,234275572085E2;8,194336583871E-1
5,234303772631E2;8,219532309364E-1
5,234331973178E2;8,244728034857E-1
5,234360173724E2;8,269923760351E-1
5,234388374271E2;8,295119485844E-1
5,234416574817E2;8,320315211337E-1
5,234444775364E2;8,345510936830E-1
5,234472975910E2;8,370706662324E-1
5,234501176457E2;8,395902387817E-1
5,234529377003E2;8,421098113310E-1
5,234557577550E2;8,446293838804E-1
5,234585778097E2;8,471489564297E-1
5,234613978643E2;8,496685289790E-1
5,234642179190E2;8,521881015283E-1
5,242466477769E2;8,547110245731E-1
5,242494678315E2;8,572305971224E-1
5,245126278297E2;8,601712152617E-1
5,250347177441E2;8,622730927165E-1
5,250375377987E2;8,647926652658E-1
5,250403578534E2;8,673122378151E-1
5,250431779080E2;8,698318103644E-1
5,250459979627E2;8,723513829138E-1
5,250488180173E2;8,748709554631E-1
5,250516380720E2;8,773905280124E-1
5,250544581266E2;8,799101005617E-1
5,250572781813E2;8,824296731111E-1
5,261000479827E2;8,853736417458E-1
5,266221378971E2;8,874755192005E-1
5,266249579517E2;8,899950917499E-1
5,266277780064E2;8,925146642992E-1
5,266305980610E2;8,950342368485E-1
5,266334181157E2;8,975538093978E-1
5,276761879171E2;9,004977780326E-1
5,281982778315E2;9,025996554873E-1
5,282010978861E2;9,051192280366E-1
5,297631375473E2;9,076455015768E-1
5,297659576019E2;9,101650741261E-1
5,297687776566E2;9,126846466754E-1
5,297715977112E2;9,152042192247E-1
5,297744177659E2;9,177237917741E-1
5,297772378205E2;9,202433643234E-1
5,297800578752E2;9,227629368727E-1
5,297828779298E2;9,252825094220E-1
5,308256477313E2;9,282264780568E-1
5,313477376456E2;9,303283555115E-1
5,313505577003E2;9,328479280608E-1
5,313533777549E2;9,353675006102E-1
5,313561978096E2;9,378870731595E-1
5,313590178642E2;9,404066457088E-1
5,324017876657E2;9,433506143436E-1
5,329238775800E2;9,454524917983E-1
5,329266976347E2;9,479720643476E-1
5,329295176893E2;9,504916368969E-1
5,329323377440E2;9,530112094463E-1
5,329351577986E2;9,555307819956E-1
5,329379778533E2;9,580503545449E-1
5,339807476547E2;9,609943231797E-1
5,345028375691E2;9,630962006344E-1
5,345056576237E2;9,656157731837E-1
5,345084776784E2;9,681353457330E-1
5,345112977330E2;9,706549182824E-1
5,345141177877E2;9,731744908317E-1
5,345169378424E2;9,756940633810E-1
5,345197578970E2;9,782136359303E-1
5,345225779517E2;9,807332084797E-1
5,345253980063E2;9,832527810290E-1
5,345282180610E2;9,857723535783E-1
5,355709878624E2;9,887163222131E-1
5,360930777768E2;9,908181996678E-1
5,373085301902E2;9,932589983472E-1
5,392171570990E2;9,958707467481E-1
5,401467371776E2;9,938740908040E-1
5,407707365962E2;9,908383026403E-1
5,407718646181E2;9,918461316600E-1
5,413526238940E2;9,883212429625E-1
5,415461163175E2;9,870622943117E-1
5,423130358748E2;9,757275683351E-1
5,423158559294E2;9,782471408845E-1
5,423186759841E2;9,807667134338E-1
5,423214960387E2;9,832862859831E-1
5,423218485456E2;9,836012325518E-1
5,438412348801E2;9,480189712834E-1
5,438440549347E2;9,505385438327E-1
5,438468749894E2;9,530581163820E-1
5,438496950440E2;9,555776889314E-1
5,438525150987E2;9,580972614807E-1
5,438553351533E2;9,606168340300E-1
5,438581552080E2;9,631364065793E-1
5,438609752626E2;9,656559791287E-1
5,438637953173E2;9,681755516780E-1
5,438672420508E2;9,712550292383E-1
5,444866012993E2;9,441724164125E-1
5,453919943226E2;9,404669546262E-1
5,459712965703E2;9,356402867782E-1
5,459731766067E2;9,373200018111E-1
5,459731766067E2;9,373200018111E-1
5,485047934263E2;9,354412115092E-1
5,485047934263E2;9,354412115092E-1
5,516320453100E2;9,433282777075E-1
5,518055289880E2;9,391183578865E-1
5,531191481433E2;9,346253882132E-1
5,531191481433E2;9,346253882132E-1
5,537804680281E2;9,324284141259E-1
5,541513243905E2;9,304263575023E-1
5,547106512510E2;9,077527174299E-1
5,547123432838E2;9,092644609595E-1
5,547134713057E2;9,102722899793E-1
5,547162913603E2;9,127918625286E-1
5,547162913603E2;9,127918625286E-1
5,547191114150E2;9,153114350779E-1
5,547191114150E2;9,153114350779E-1
5,547219314696E2;9,178310076272E-1
5,547219314696E2;9,178310076272E-1
5,547247515243E2;9,203505801766E-1
5,547247515243E2;9,203505801766E-1
5,547275715789E2;9,228701527259E-1
5,547275715789E2;9,228701527259E-1
5,547303916336E2;9,253897252752E-1
5,547303916336E2;9,253897252752E-1
5,547332116882E2;9,279092978245E-1
5,547332116882E2;9,279092978245E-1
5,562662611875E2;9,045343655576E-1
5,562670508029E2;9,052398458714E-1
5,578178102454E2;8,976878292143E-1
5,578206303000E2;9,002074017636E-1
5,578240770335E2;9,032868793239E-1
5,579894890748E2;8,935237936302E-1
5,583140231021E2;8,911810973235E-1
5,588652801379E2;9,048310854313E-1
5,597340199678E2;9,070744282478E-1
5,601707399284E2;9,102957434471E-1
5,601735599830E2;9,128153159965E-1
5,609559898409E2;9,153382390412E-1
5,609588098956E2;9,178578115905E-1
5,609616299502E2;9,203773841399E-1
5,609644500049E2;9,228969566892E-1
5,609672700595E2;9,254165292385E-1
5,609700901142E2;9,279361017878E-1
5,609729101688E2;9,304556743372E-1
5,609757302235E2;9,329752468865E-1
5,609785502781E2;9,354948194358E-1
5,609813703328E2;9,380143919851E-1
5,609841903875E2;9,405339645345E-1
5,609870104421E2;9,430535370838E-1
5,609898304968E2;9,455731096331E-1
5,609926505514E2;9,480926821824E-1
5,609954706061E2;9,506122547318E-1
5,625591552991E2;9,546082789257E-1
5,648204937376E2;9,550379241206E-1
5,672069685401E2;9,279629057511E-1
5,672097885948E2;9,304824783004E-1
5,672126086494E2;9,330020508498E-1
5,672154287041E2;9,355216233991E-1
5,672182487587E2;9,380411959484E-1
5,672210688134E2;9,405607684977E-1
5,672238888680E2;9,430803410471E-1
5,672267089227E2;9,455999135964E-1
5,672295289773E2;9,481194861457E-1
5,687633680920E2;9,254500341926E-1
5,695401578405E2;9,229338121387E-1
5,703072340676E2;9,117390624149E-1
5,706237154121E2;9,158836996942E-1
5,710332109892E2;9,195472207235E-1
5,711007874744E2;9,242002994042E-1
5,726585970535E2;9,229472141203E-1
5,734410269114E2;9,254701371651E-1
5,734438469661E2;9,279897097144E-1
5,734466670207E2;9,305092822637E-1
5,734494870754E2;9,330288548131E-1
5,734523071300E2;9,355484273624E-1
5,734551271847E2;9,380679999117E-1
5,734579472393E2;9,405875724610E-1
5,734613939728E2;9,436670500213E-1
5,750250003310E2;9,475930860889E-1
5,776219763084E2;9,460645156268E-1
5,781377994346E2;9,425673429719E-1
5,791746157873E2;9,401922140025E-1
5,796772786585E2;9,249370361174E-1
5,796807253920E2;9,280165136777E-1
5,796835454467E2;9,305360862270E-1
5,796863655013E2;9,330556587764E-1
5,796891855560E2;9,355752313257E-1
5,796920056106E2;9,380948038750E-1
5,807140950112E2;9,225619071480E-1
5,812202046159E2;9,103862068232E-1
5,812223979918E2;9,123458743616E-1
5,812258447252E2;9,154253519219E-1
5,812286647799E2;9,179449244712E-1
5,812314848345E2;9,204644970205E-1
5,827675173250E2;8,997547126058E-1
5,827709640584E2;9,028341901661E-1
5,827737841131E2;9,053537627154E-1
5,827766041677E2;9,078733352647E-1
5,835449337524E2;8,977983955629E-1
5,843182767675E2;8,922026959487E-1
5,843217235010E2;8,952821735089E-1
5,850956931949E2;8,902463789057E-1
5,858696628888E2;8,852105843025E-1
5,858718562647E2;8,871702518408E-1
5,866478626648E2;8,839541485232E-1
5,874226157072E2;8,796182351837E-1
5,874260624407E2;8,826977127440E-1
5,884594320599E2;8,772431062143E-1
5,889711817739E2;8,701065509882E-1
5,889740018285E2;8,726261235375E-1
5,889768218832E2;8,751456960868E-1
5,897423314132E2;8,625511838356E-1
5,897479715225E2;8,675903289342E-1
5,898737547426E2;8,638815166525E-1
5,900017313385E2;8,621323719092E-1
5,905128543736E2;8,544359116721E-1
5,905163011071E2;8,575153892324E-1
5,905191211618E2;8,600349617817E-1
5,915496707264E2;8,520607827027E-1
5,920445001124E2;8,298067921806E-1
5,920473201671E2;8,323263647299E-1
5,920501402217E2;8,348459372792E-1
5,920529602764E2;8,373655098286E-1
5,920557803310E2;8,398850823779E-1
5,920586003857E2;8,424046549272E-1
5,920614204403E2;8,449242274765E-1
5,920642404950E2;8,474438000259E-1
5,920670605496E2;8,499633725752E-1
5,929498931357E2;8,261013303943E-1
5,930778697317E2;8,243521856509E-1
5,935698790631E2;7,995786225795E-1
5,935726991177E2;8,020981951288E-1
5,935755191724E2;8,046177676782E-1
5,935783392270E2;8,071373402275E-1
5,935811592817E2;8,096569127768E-1
5,935839793363E2;8,121764853261E-1
5,935867993910E2;8,146960578755E-1
5,935896194456E2;8,172156304248E-1
5,935924395003E2;8,197352029741E-1
5,935952595549E2;8,222547755234E-1
5,944752720864E2;7,958731607932E-1
5,946032486823E2;7,941240160499E-1
5,950811577404E2;7,567525902318E-1
5,950839777951E2;7,592721627811E-1
5,950867978497E2;7,617917353305E-1
5,950896179044E2;7,643113078798E-1
5,950924379591E2;7,668308804291E-1
5,950952580137E2;7,693504529784E-1
5,950980780684E2;7,718700255278E-1
5,951008981230E2;7,743895980771E-1
5,951037181777E2;7,769091706264E-1
5,951065382323E2;7,794287431757E-1
5,951093582870E2;7,819483157251E-1
5,951121783416E2;7,844678882744E-1
5,951149983963E2;7,869874608237E-1
5,951178184509E2;7,895070333730E-1
5,951206385056E2;7,920266059224E-1
5,966008965818E2;7,214852755321E-1
5,966037166364E2;7,240048480814E-1
5,966065366911E2;7,265244206307E-1
5,966093567457E2;7,290439931801E-1
5,966121768004E2;7,315635657294E-1
5,966149968551E2;7,340831382787E-1
5,966178169097E2;7,366027108280E-1
5,966206369644E2;7,391222833774E-1
5,966234570190E2;7,416418559267E-1
5,966262770737E2;7,441614284760E-1
5,966290971283E2;7,466810010253E-1
5,966319171830E2;7,492005735747E-1
5,966347372376E2;7,517201461240E-1
5,966375572923E2;7,542397186733E-1
5,973776863304E2;7,189690534782E-1
5,976342662010E2;7,160306690024E-1
5,981347356964E2;6,988158235790E-1
5,981375557510E2;7,013353961283E-1
5,981403758057E2;7,038549686776E-1
5,981431958604E2;7,063745412269E-1
5,981460159150E2;7,088941137763E-1
5,981488359697E2;7,114136863256E-1
5,981516560243E2;7,139332588749E-1
5,989115254450E2;6,962996015251E-1
5,991681053156E2;6,933612170493E-1
5,996488344284E2;6,585093637806E-1
5,996516544831E2;6,610289363299E-1
5,996544745377E2;6,635485088792E-1
5,996572945924E2;6,660680814286E-1
5,996601146470E2;6,685876539779E-1
5,996629347017E2;6,711072265272E-1
5,996657547563E2;6,736267990765E-1
5,996685748110E2;6,761463716259E-1
5,996713948657E2;6,786659441752E-1
5,996742149203E2;6,811855167245E-1
5,996770349750E2;6,837050892738E-1
5,996798550296E2;6,862246618232E-1
5,996826750843E2;6,887442343725E-1
5,996854951389E2;6,912638069218E-1
6,004256241770E2;6,559931417267E-1
6,021714035726E2;6,485469448829E-1
6,021715210749E2;6,486519270725E-1
6,027503533135E2;6,434053304663E-1
6,027531733681E2;6,459249030156E-1
6,027531733681E2;6,459249030156E-1
6,037865429874E2;6,404702964860E-1
6,042644520455E2;6,030988706679E-1
6,042672721002E2;6,056184432172E-1
6,042700921548E2;6,081380157666E-1
6,042729122095E2;6,106575883159E-1
6,042757322641E2;6,131771608652E-1
6,042785523188E2;6,156967334145E-1
6,042813723734E2;6,182163059639E-1
6,042841924281E2;6,207358785132E-1
6,042870124827E2;6,232554510625E-1
6,042898325374E2;6,257750236118E-1
6,042926525920E2;6,282945961612E-1
6,042954726467E2;6,308141687105E-1
6,042982927014E2;6,333337412598E-1
6,043011127560E2;6,358533138091E-1
6,043039328107E2;6,383728863585E-1
6,050412417941E2;6,005826486140E-1
6,052978216648E2;5,976442641382E-1
6,057672705589E2;5,527141206722E-1
6,057700906136E2;5,552336932215E-1
6,057729106682E2;5,577532657709E-1
6,057757307229E2;5,602728383202E-1
6,057785507776E2;5,627924108695E-1
6,057813708322E2;5,653119834188E-1
6,057841908869E2;5,678315559682E-1
6,057870109415E2;5,703511285175E-1
6,057898309962E2;5,728707010668E-1
6,057926510508E2;5,753902736161E-1
6,057954711055E2;5,779098461655E-1
6,057982911601E2;5,804294187148E-1
6,058011112148E2;5,829489912641E-1
6,058039312694E2;5,854685638135E-1
6,058067513241E2;5,879881363628E-1
6,058095713787E2;5,905077089121E-1
6,058123914334E2;5,930272814614E-1
6,058152114880E2;5,955468540108E-1
6,065356001436E2;5,426391809703E-1
6,065384201982E2;5,451587535197E-1
6,065412402529E2;5,476783260690E-1
6,065440603075E2;5,501978986183E-1
6,067921800142E2;5,397007964946E-1
6,072559887991E2;4,897315079299E-1
6,072588088538E2;4,922510804792E-1
6,072616289084E2;4,947706530286E-1
6,072644489631E2;4,972902255779E-1
6,072672690177E2;4,998097981272E-1
6,072700890724E2;5,023293706765E-1
6,072729091270E2;5,048489432259E-1
6,072757291817E2;5,073685157752E-1
6,072785492363E2;5,098880883245E-1
6,072813692910E2;5,124076608738E-1
6,072841893456E2;5,149272334232E-1
6,072870094003E2;5,174468059725E-1
6,072898294549E2;5,199663785218E-1
6,072926495096E2;5,224859510711E-1
6,072954695642E2;5,250055236205E-1
6,072982896189E2;5,275250961698E-1
6,073011096735E2;5,300446687191E-1
6,073039297282E2;5,325642412684E-1
6,073067497829E2;5,350838138178E-1
6,073095698375E2;5,376033863671E-1
6,080271384384E2;4,821761407773E-1
6,080299584930E2;4,846957133267E-1
6,080327785477E2;4,872152858760E-1
6,082837183090E2;4,792377563016E-1
6,087390669300E2;4,217097500890E-1
6,087418869846E2;4,242293226383E-1
6,087447070393E2;4,267488951876E-1
6,087475270939E2;4,292684677369E-1
6,087503471486E2;4,317880402863E-1
6,087531672032E2;4,343076128356E-1
6,087559872579E2;4,368271853849E-1
6,087588073125E2;4,393467579342E-1
6,087616273672E2;4,418663304836E-1
6,087644474218E2;4,443859030329E-1
6,087672674765E2;4,469054755822E-1
6,087700875311E2;4,494250481315E-1
6,087729075858E2;4,519446206809E-1
6,087757276404E2;4,544641932302E-1
6,087785476951E2;4,569837657795E-1
6,087813677497E2;4,595033383288E-1
6,087841878044E2;4,620229108782E-1
6,087870078591E2;4,645424834275E-1
6,087898279137E2;4,670620559768E-1
6,087926479684E2;4,695816285261E-1
6,087954680230E2;4,721012010755E-1
6,087982880777E2;4,746207736248E-1
6,088011081323E2;4,771403461741E-1
6,097752566038E2;4,187747161086E-1
6,102475255527E2;3,763641451919E-1
6,102503456073E2;3,788837177412E-1
6,102531656620E2;3,814032902906E-1
6,102559857166E2;3,839228628399E-1
6,102588057713E2;3,864424353892E-1
6,102616258259E2;3,889620079385E-1
6,102644458806E2;3,914815804879E-1
6,102672659353E2;3,940011530372E-1
6,102700859899E2;3,965207255865E-1
6,102729060446E2;3,990402981358E-1
6,102757260992E2;4,015598706852E-1
6,102785461539E2;4,040794432345E-1
6,102813662085E2;4,065990157838E-1
6,102841862632E2;4,091185883332E-1
6,102870063178E2;4,116381608825E-1
6,102898263725E2;4,141577334318E-1
6,102926464271E2;4,166773059811E-1
6,110214952466E2;3,713283505887E-1
6,110243153013E2;3,738479231380E-1
6,112780751173E2;3,683899661129E-1
6,117757245580E2;3,486555481402E-1
6,117785446126E2;3,511751206895E-1
6,117813646673E2;3,536946932388E-1
6,117841847219E2;3,562142657881E-1
6,117870047766E2;3,587338383375E-1
6,117898248312E2;3,612534108868E-1
6,117926448859E2;3,637729834361E-1
6,117954649406E2;3,662925559854E-1
6,128119142319E2;3,457205141598E-1
6,133236639459E2;3,385839589337E-1
6,133264840005E2;3,411035314830E-1
6,133293040552E2;3,436231040323E-1
6,143598536197E2;3,356489249534E-1
6,148716033337E2;3,285123697272E-1
6,148744233884E2;3,310319422765E-1
6,148772434430E2;3,335515148259E-1
6,164082625030E2;3,083624903234E-1
6,164110825576E2;3,108820628728E-1
6,164139026123E2;3,134016354221E-1
6,164167226669E2;3,159212079714E-1
6,164195427216E2;3,184407805207E-1
6,164223627763E2;3,209603530701E-1
6,164251828309E2;3,234799256194E-1
6,164280028856E2;3,259994981687E-1
6,171850522516E2;3,058462682695E-1
6,174416321222E2;3,029078837938E-1
6,179590219455E2;3,008104736663E-1
6,187329916394E2;2,957746790630E-1
6,187358116941E2;2,982942516124E-1
6,189895715101E2;2,928362945873E-1
6,194674805682E2;2,554648687692E-1
6,194703006229E2;2,579844413186E-1
6,194731206775E2;2,605040138679E-1
6,194759407322E2;2,630235864172E-1
6,194787607869E2;2,655431589665E-1
6,194815808415E2;2,680627315159E-1
6,194844008962E2;2,705823040652E-1
6,194872209508E2;2,731018766145E-1
6,194900410055E2;2,756214491638E-1
6,194928610601E2;2,781410217132E-1
6,194956811148E2;2,806605942625E-1
6,194985011694E2;2,831801668118E-1
6,195013212241E2;2,856997393611E-1
6,195041412787E2;2,882193119105E-1
6,195069613334E2;2,907388844598E-1
6,202414502622E2;2,504290741660E-1
6,202442703168E2;2,529486467153E-1
6,204980301328E2;2,474906896903E-1
6,209815793003E2;2,151584089709E-1
6,209843993549E2;2,176779815202E-1
6,209872194096E2;2,201975540695E-1
6,209900394642E2;2,227171266188E-1
6,209928595189E2;2,252366991682E-1
6,209956795735E2;2,277562717175E-1
6,209984996282E2;2,302758442668E-1
6,210013196829E2;2,327954168161E-1
6,210041397375E2;2,353149893655E-1
6,210069597922E2;2,378345619148E-1
6,210097798468E2;2,403541344641E-1
6,210125999015E2;2,428737070134E-1
6,210154199561E2;2,453932795628E-1
6,217555489942E2;2,101226143676E-1
6,217583690489E2;2,126421869170E-1
6,220121288649E2;2,071842298919E-1
6,224928579777E2;1,723323766232E-1
6,224956780323E2;1,748519491725E-1
6,224984980870E2;1,773715217218E-1
6,225013181416E2;1,798910942711E-1
6,225041381963E2;1,824106668205E-1
6,225069582509E2;1,849302393698E-1
6,225097783056E2;1,874498119191E-1
6,225125983602E2;1,899693844684E-1
6,225154184149E2;1,924889570178E-1
6,225182384695E2;1,950085295671E-1
6,225210585242E2;1,975281021164E-1
6,225238785788E2;2,000476746657E-1
6,225266986335E2;2,025672472151E-1
6,225295186882E2;2,050868197644E-1
6,232668276716E2;1,672965820199E-1
6,232696477263E2;1,698161545692E-1
6,235234075423E2;1,643581975442E-1
6,240154168737E2;1,395846344728E-1
6,240182369283E2;1,421042070221E-1
6,240210569830E2;1,446237795714E-1
6,240238770376E2;1,471433521207E-1
6,240266970923E2;1,496629246701E-1
6,240295171469E2;1,521824972194E-1
6,240323372016E2;1,547020697687E-1
6,240351572562E2;1,572216423180E-1
6,240379773109E2;1,597412148674E-1
6,240407973655E2;1,622607874167E-1
6,250516065476E2;1,366496004924E-1
6,255605362069E2;1,269934727169E-1
6,255633562615E2;1,295130452663E-1
6,255661763162E2;1,320326178156E-1
6,255689963708E2;1,345521903649E-1
6,265967258808E2;1,240584387366E-1
6,271141157041E2;1,219610286091E-1
6,283673236860E2;1,184705243708E-1
6,297952082777E2;1,181932103804E-1
6,317833143596E2;1,144224139336E-1
6,328195040334E2;1,114873799533E-1
6,333284336928E2;1,018312521778E-1
6,333312537474E2;1,043508247271E-1
6,333340738021E2;1,068703972765E-1
6,333368938567E2;1,093899698258E-1
6,343646233667E2;9,889621819748E-2
6,348707329713E2;8,672051787268E-2
6,348735530260E2;8,924009042201E-2
6,348763730806E2;9,175966297133E-2
6,348791931353E2;9,427923552066E-2
6,348820131899E2;9,679880806998E-2
6,356475227199E2;8,420429581877E-2
6,359041025906E2;8,126591134302E-2
6,364130322499E2;7,160978356755E-2
6,364158523046E2;7,412935611688E-2
6,364186723592E2;7,664892866620E-2
6,364214924139E2;7,916850121553E-2
6,371898219985E2;6,909356151364E-2
6,374464018691E2;6,615517703790E-2
6,379525114738E2;5,397947671310E-2
6,379553315285E2;5,649904926242E-2
6,379581515831E2;5,901862181175E-2
6,379609716378E2;6,153819436107E-2
6,379637916924E2;6,405776691040E-2
6,395089110256E2;5,146660515459E-2
6,402857007742E2;4,895038310068E-2
6,410610804955E2;4,517437477210E-2
6,426174800473E2;4,266150321360E-2
6,447474264904E2;4,178881084213E-2
6,465155290635E2;4,267825569066E-2
6,492526377024E2;4,252204814904E-2
6,504107580251E2;4,017543561839E-2
6,504112280342E2;4,059536437661E-2
6,519657475496E2;3,640277778522E-2
6,530019372235E2;3,346774380489E-2
6,535165069921E2;2,885076112807E-2
6,535193270468E2;3,137033367740E-2
6,545526966660E2;2,591572714774E-2
6,550700864893E2;2,381831702024E-2
6,558476595864E2;2,200197623003E-2
6,566264860411E2;2,130544546174E-2
6,574046858171E2;2,004900968249E-2
6,581828855930E2;1,879257390324E-2
6,589610853689E2;1,753613812399E-2
6,600236309617E2;1,880048479518E-2
6,628619544398E2;2,007246315037E-2
6,652036039041E2;2,260208718593E-2
6,671093167565E2;2,261027728582E-2
6,697047260369E2;1,968194429631E-2
6,706552324175E2;1,758639555516E-2
6,706557024266E2;1,800632431338E-2
6,722116319694E2;1,507352399665E-2
6,748941345703E2;1,256549204264E-2
6,758460509783E2;1,172972957614E-2
6,776632604828E2;1,005783236588E-2
6,792224800892E2;1,006453335671E-2
6,810434496666E2;1,175206621222E-2
6,823437393569E2;1,259750788768E-2
6,839029589633E2;1,260420887850E-2
6,854635885972E2;1,387069614398E-2
6,870213981763E2;1,261761086014E-2
6,889271110287E2;1,262580096004E-2
6,898790274367E2;1,179003849354E-2
6,916962369411E2;1,011814128329E-2
6,932554565476E2;1,012484227411E-2
6,940336563235E2;8,868406494859E-3
6,948118560994E2;7,611970715608E-3
6,963710757059E2;7,618671706430E-3
6,979302953124E2;7,625372697253E-3
6,994895149189E2;7,632073688076E-3
7,013104844962E2;9,319606543586E-3
7,026107741865E2;1,016504821905E-2
7,041699937930E2;1,017174920987E-2
7,057292133995E2;1,017845020069E-2
7,072884330060E2;1,018515119151E-2
7,080666327819E2;8,928715412263E-3
7,088448325578E2;7,672279633012E-3
7,104040521643E2;7,678980623835E-3
7,119632717708E2;7,685681614657E-3
7,135224913772E2;7,692382605480E-3
7,150817109837E2;7,699083596303E-3
7,166409305902E2;7,705784587125E-3
7,182001501967E2;7,712485577948E-3
7,197593698032E2;7,719186568771E-3
7,213185894097E2;7,725887559593E-3
7,228778090162E2;7,732588550416E-3
7,244370286226E2;7,739289541239E-3
7,259962482291E2;7,745990532061E-3
7,275554678356E2;7,752691522884E-3
7,291146874421E2;7,759392513707E-3
7,298928872180E2;6,502956734455E-3
7,306710869939E2;5,246520955204E-3
7,322303066004E2;5,253221946027E-3
7,337895262069E2;5,259922936849E-3
7,353487458134E2;5,266623927672E-3
7,369079654199E2;5,273324918495E-3
7,384671850264E2;5,280025909317E-3
7,400264046328E2;5,286726900140E-3
7,415856242393E2;5,293427890963E-3
7,431448438458E2;5,300128881785E-3
7,447040634523E2;5,306829872608E-3
7,462646930861E2;6,573317138093E-3
7,470443028893E2;6,576667633505E-3
7,478225026653E2;5,320231854253E-3
7,493817222717E2;5,326932845076E-3
7,509409418782E2;5,333633835899E-3
7,525001614847E2;5,340334826721E-3
7,540593810912E2;5,347035817544E-3
7,556186006977E2;5,353736808367E-3
7,571778203042E2;5,360437799189E-3
7,587370399107E2;5,367138790012E-3
7,602962595171E2;5,373839780835E-3
7,618554791236E2;5,380540771657E-3
7,634146987301E2;5,387241762480E-3
7,649739183366E2;5,393942753303E-3
7,665331379431E2;5,400643744125E-3
7,680923575496E2;5,407344734948E-3
7,696515771561E2;5,414045725771E-3
7,712107967625E2;5,420746716594E-3
7,727700163690E2;5,427447707416E-3
7,743292359755E2;5,434148698239E-3
7,758884555820E2;5,440849689062E-3
7,774476751885E2;5,447550679884E-3
7,790068947950E2;5,454251670707E-3
7,797850945709E2;4,197815891456E-3
7,805632943468E2;2,941380112204E-3
7,821225139533E2;2,948081103027E-3
7,836817335598E2;2,954782093850E-3
7,852409531662E2;2,961483084672E-3
7,868001727727E2;2,968184075495E-3
7,883593923792E2;2,974885066318E-3
7,899186119857E2;2,981586057140E-3
7,914792416195E2;4,248073322626E-3
7,930398712533E2;5,514560588111E-3
7,945990908598E2;5,521261578934E-3
7,961583104663E2;5,527962569756E-3
7,977161200455E2;4,274877285916E-3
7,984957298487E2;4,278227781328E-3
7,992739296246E2;3,021792002076E-3
8,008331492311E2;3,028492992899E-3
8,023923688376E2;3,035193983722E-3
8,039515884441E2;3,041894974544E-3
8,055108080505E2;3,048595965367E-3
8,070700276570E2;3,055296956190E-3
8,086292472635E2;3,061997947012E-3
8,101884668700E2;3,068698937835E-3
8,117476864765E2;3,075399928658E-3
8,133069060830E2;3,082100919480E-3
8,148661256895E2;3,088801910303E-3
8,164253452959E2;3,095502901126E-3
8,179845649024E2;3,102203891948E-3
8,195437845089E2;3,108904882771E-3
8,211030041154E2;3,115605873594E-3
8,226622237219E2;3,122306864416E-3
8,242214433284E2;3,129007855239E-3
8,257806629349E2;3,135708846062E-3
8,273398825413E2;3,142409836885E-3
8,288991021478E2;3,149110827707E-3
8,304583217543E2;3,155811818530E-3
8,320175413608E2;3,162512809353E-3
8,335767609673E2;3,169213800175E-3
8,351359805738E2;3,175914790998E-3
8,366952001802E2;3,182615781821E-3
8,382544197867E2;3,189316772643E-3
8,398136393932E2;3,196017763466E-3
8,413728589997E2;3,202718754289E-3
8,429320786062E2;3,209419745111E-3
8,444912982127E2;3,216120735934E-3
8,460505178192E2;3,222821726757E-3
8,476097374256E2;3,229522717579E-3
8,491689570321E2;3,236223708402E-3
8,507281766386E2;3,242924699225E-3
8,522873962451E2;3,249625690047E-3
8,538466158516E2;3,256326680870E-3
8,554058354581E2;3,263027671693E-3
8,569650550645E2;3,269728662515E-3
8,585242746710E2;3,276429653338E-3
8,600834942775E2;3,283130644161E-3
8,616427138840E2;3,289831634983E-3
8,632019334905E2;3,296532625806E-3
8,647611530970E2;3,303233616629E-3
8,663203727035E2;3,309934607451E-3
8,678795923099E2;3,316635598274E-3
8,694388119164E2;3,323336589097E-3
8,709980315229E2;3,330037579919E-3
8,725572511294E2;3,336738570742E-3
8,741164707359E2;3,343439561565E-3
8,756756903424E2;3,350140552387E-3
8,772349099489E2;3,356841543210E-3
8,787941295553E2;3,363542534033E-3
8,803533491618E2;3,370243524855E-3
8,819125687683E2;3,376944515678E-3
8,834717883748E2;3,383645506501E-3
8,850310079813E2;3,390346497323E-3
8,865902275878E2;3,397047488146E-3
8,881494471942E2;3,403748478969E-3
8,897086668007E2;3,410449469791E-3
8,912678864072E2;3,417150460614E-3
8,928271060137E2;3,423851451437E-3
8,943863256202E2;3,430552442259E-3
8,959455452267E2;3,437253433082E-3
8,975047648332E2;3,443954423905E-3
8,990639844396E2;3,450655414727E-3
9,006232040461E2;3,457356405550E-3
9,021824236526E2;3,464057396373E-3
9,037416432591E2;3,470758387196E-3
9,053008628656E2;3,477459378018E-3
9,068600824721E2;3,484160368841E-3
9,084193020785E2;3,490861359664E-3
9,099785216850E2;3,497562350486E-3
9,115377412915E2;3,504263341309E-3
9,130969608980E2;3,510964332132E-3
9,146561805045E2;3,517665322954E-3
9,162154001110E2;3,524366313777E-3
9,177746197175E2;3,531067304600E-3
9,193338393239E2;3,537768295422E-3
9,208930589304E2;3,544469286245E-3
9,224522785369E2;3,551170277068E-3
9,240114981434E2;3,557871267890E-3
9,255707177499E2;3,564572258713E-3
9,271299373564E2;3,571273249536E-3
9,286891569629E2;3,577974240358E-3
9,302483765693E2;3,584675231181E-3
9,318075961758E2;3,591376222004E-3
9,333668157823E2;3,598077212826E-3
9,349260353888E2;3,604778203649E-3
9,364852549953E2;3,611479194472E-3
9,380444746018E2;3,618180185294E-3
9,396036942082E2;3,624881176117E-3
9,411629138147E2;3,631582166940E-3
9,427221334212E2;3,638283157762E-3
9,442813530277E2;3,644984148585E-3
9,458405726342E2;3,651685139408E-3
9,473997922407E2;3,658386130230E-3
9,489590118472E2;3,665087121053E-3
9,505182314536E2;3,671788111876E-3
9,520774510601E2;3,678489102698E-3
9,536366706666E2;3,685190093521E-3
9,551958902731E2;3,691891084344E-3
9,567551098796E2;3,698592075166E-3
9,583143294861E2;3,705293065989E-3
9,598735490925E2;3,711994056812E-3
9,614327686990E2;3,718695047634E-3
9,629919883055E2;3,725396038457E-3
9,645512079120E2;3,732097029280E-3
9,661104275185E2;3,738798020102E-3
9,676696471250E2;3,745499010925E-3
9,692288667315E2;3,752200001748E-3
9,707880863379E2;3,758900992570E-3
9,723473059444E2;3,765601983393E-3
9,739065255509E2;3,772302974216E-3
9,754657451574E2;3,779003965038E-3
9,770249647639E2;3,785704955861E-3
9,785841843704E2;3,792405946684E-3
9,801434039768E2;3,799106937507E-3
9,817026235833E2;3,805807928329E-3
9,832618431898E2;3,812508919152E-3
9,848210627963E2;3,819209909975E-3
9,863802824028E2;3,825910900797E-3
9,879395020093E2;3,832611891620E-3
9,894987216158E2;3,839312882443E-3
9,910579412222E2;3,846013873265E-3
9,926171608287E2;3,852714864088E-3
9,941763804352E2;3,859415854911E-3
9,957384200964E2;6,385689395058E-3
9,972976397028E2;6,392390385881E-3
9,988568593093E2;6,399091376704E-3
1,000416078916E3;6,405792367527E-3
1,001973888495E3;5,152707083687E-3
1,003533108101E3;5,159408074509E-3
1,005092327708E3;5,166109065332E-3
1,006651547314E3;5,172810056155E-3
1,008988966697E3;3,923075267726E-3
1,008990376724E3;5,182861542389E-3
1,011329206134E3;5,192913028623E-3
1,012889835768E3;6,459400294108E-3
1,014449055374E3;6,466101284931E-3
1,016008274981E3;6,472802275753E-3
1,017567494587E3;6,479503266576E-3
1,019126714194E3;6,486204257399E-3
1,020685933800E3;6,492905248221E-3
1,022245153407E3;6,499606239044E-3
1,023804373013E3;6,506307229867E-3
1,025363592620E3;6,513008220689E-3
1,026922812226E3;6,519709211512E-3
1,028482031833E3;6,526410202335E-3
1,030041251439E3;6,533111193157E-3
1,031600471046E3;6,539812183980E-3
1,033159690652E3;6,546513174803E-3
1,034718910258E3;6,553214165625E-3
1,036278129865E3;6,559915156448E-3
1,037837349471E3;6,566616147271E-3
1,039396569078E3;6,573317138093E-3
1,040955788684E3;6,580018128916E-3
1,042515008291E3;6,586719119739E-3
1,044074227897E3;6,593420110561E-3
1,045633447504E3;6,600121101384E-3
1,047192667110E3;6,606822092207E-3
1,048751886717E3;6,613523083029E-3
1,050311106323E3;6,620224073852E-3
1,051870325930E3;6,626925064675E-3
1,053429545536E3;6,633626055497E-3
1,054988765143E3;6,640327046320E-3
1,056547984749E3;6,647028037143E-3
1,058107204356E3;6,653729027965E-3
1,059666423962E3;6,660430018788E-3
1,061225643569E3;6,667131009611E-3
1,062784863175E3;6,673832000433E-3
1,064344082782E3;6,680532991256E-3
1,065903302388E3;6,687233982079E-3
1,067462521995E3;6,693934972901E-3
1,069021741601E3;6,700635963724E-3
1,070580961208E3;6,707336954547E-3
1,072140180814E3;6,714037945369E-3
1,073699400421E3;6,720738936192E-3
1,075258620027E3;6,727439927015E-3
1,076817839634E3;6,734140917838E-3
1,078377059240E3;6,740841908660E-3
1,079936278847E3;6,747542899483E-3
1,081495498453E3;6,754243890306E-3
1,083054718060E3;6,760944881128E-3
1,084613937666E3;6,767645871951E-3
1,086173157272E3;6,774346862774E-3
