-7.882300474022E1,4.109754622657E-3
-7.881449187165E1,4.863236944351E-3
-7.880184511210E1,5.613390626430E-3
-7.879894327891E1,3.086421152924E-3
-7.878380298020E1,2.350780191926E-3
-7.877147710963E1,6.245217826971E-3
-7.874740413331E1,6.895035918376E-3
-7.872778715729E1,1.823336968028E-3
-7.867901850859E1,7.449227337508E-3
-7.853503467760E1,8.153243840376E-3
-7.841307697711E1,8.536449550172E-3
-7.833427577221E1,8.766986611844E-3
-7.821034574421E1,9.174916873155E-3
-7.807445297092E1,9.658104828698E-3
-7.795076575931E1,1.010915833856E-2
-7.787987470872E1,1.038648163551E-2
-7.767176197560E1,1.125239345331E-2
-7.757466504711E1,1.172303661029E-2
-7.750551182107E1,1.208232844814E-2
-7.741970942563E1,1.255877994979E-2
-7.734386605530E1,1.294995790681E-2
-7.717729623087E1,1.371215067408E-2
-7.709619223237E1,1.404785871404E-2
-7.695821006206E1,1.467585628452E-2
-7.684935876419E1,1.526179186198E-2
-7.674097072982E1,1.592280281182E-2
-7.667595385523E1,1.633224783854E-2
-7.654264299570E1,1.739310912120E-2
-7.642761859102E1,1.835959316995E-2
-7.619780429680E1,2.051874463144E-2
-7.604104680576E1,2.226294398920E-2
-7.598532565503E1,2.290968253640E-2
-7.592147640828E1,2.364982014432E-2
-7.574459704140E1,2.544013417169E-2
-7.566516412288E1,2.619567063487E-2
-7.556895105165E1,2.708566544474E-2
-7.543922953239E1,2.830325474656E-2
-7.521621417620E1,3.077764232790E-2
-7.514219160417E1,3.207332277023E-2
-7.510366002911E1,3.282432813425E-2
-7.505072584666E1,3.394078021491E-2
-7.501299451566E1,3.472286865332E-2
-7.498069276836E1,3.534485142044E-2
-7.494121083642E1,3.608055699907E-2
-7.490484016025E1,3.674250140809E-2
-7.486258902690E1,3.749422272674E-2
-7.474585390005E1,3.938452233190E-2
-7.469424402827E1,4.016033416705E-2
-7.457872530055E1,4.190055503025E-2
-7.453907913751E1,4.251665813237E-2
-7.446964693210E1,4.358911952361E-2
-7.442843701383E1,4.421601175942E-2
-7.438575045816E1,4.495887068166E-2
-7.434968543870E1,4.558249577441E-2
-7.376128722401E1,5.646308914129E-2
-7.372575654893E1,5.708976327648E-2
-7.366639266250E1,5.808141798658E-2
-7.361816126303E1,5.881487082659E-2
-7.354327611377E1,5.994919759786E-2
-7.349131044418E1,6.073298843500E-2
-7.342746817569E1,6.172558160110E-2
-7.337683856671E1,6.253758980618E-2
-7.326766700435E1,6.428761508288E-2
-7.321828308260E1,6.515493149273E-2
-7.316408985993E1,6.610851822693E-2
-7.311075645334E1,6.702209472264E-2
-7.304959858112E1,6.810109659958E-2
-7.301178061955E1,6.877999771592E-2
-7.294222799014E1,7.000170228167E-2
-7.288944709565E1,7.092160783637E-2
-7.284116595201E1,7.182718252671E-2
-7.278544215592E1,7.291106462268E-2
-7.273451684229E1,7.402758688012E-2
-7.268626897758E1,7.513110048645E-2
-7.265187967259E1,7.597185076449E-2
-7.260155499363E1,7.724196486155E-2
-7.255087267288E1,7.854729376626E-2
-7.251899939995E1,7.936904010671E-2
-7.249042781148E1,8.003632320417E-2
-7.243945406624E1,8.119897135619E-2
-7.240739912948E1,8.190411131243E-2
-7.231744036114E1,8.381613504162E-2
-7.223245440290E1,8.549139159458E-2
-7.215233042179E1,8.702622054042E-2
-7.211135286066E1,8.778186017655E-2
-7.204421562067E1,8.902527965417E-2
-7.199263003686E1,8.996369074069E-2
-7.194176779703E1,9.086221558508E-2
-7.190866796052E1,9.146227987143E-2
-7.186604110958E1,9.223094310221E-2
-7.182618258381E1,9.294267226935E-2
-7.063615122483E1,1.075894774106E-1
-7.062410651791E1,1.083322684224E-1
-7.062409603513E1,1.083076204116E-1
-7.062386665841E1,1.083322704964E-1
-7.061533378896E1,1.087926223622E-1
-7.060172401913E1,1.095506404814E-1
-7.059762803842E1,1.097097365778E-1
-7.058618656877E1,1.103109358906E-1
-7.056770229568E1,1.111963427579E-1
-7.053800152710E1,1.122160182317E-1
-7.052052704755E1,1.128517416633E-1
-7.051154623532E1,1.131241235787E-1
-7.047658640422E1,1.141719798787E-1
-7.043634807058E1,1.152706888847E-1
-7.039104213473E1,1.163795461426E-1
-7.000911536086E1,1.257694971914E-1
-7.000911536086E1,1.257694971914E-1
-7.000911536086E1,1.257694971914E-1
-7.000027833124E1,1.259039767492E-1
-6.965800676658E1,1.332781231944E-1
-6.965800676658E1,1.332781231944E-1
-6.965800676658E1,1.332781231944E-1
-6.965800676658E1,1.332781231944E-1
-6.963532773509E1,1.339029944707E-1
-6.960934129009E1,1.346001006415E-1
-6.958507725390E1,1.352531528689E-1
-6.953745180001E1,1.365624482417E-1
-6.951103851449E1,1.372791677133E-1
-6.922712341121E1,1.374550302086E-1
-6.919358607206E1,1.382823965278E-1
-6.917818253745E1,1.393921182922E-1
-6.913748024772E1,1.396486813259E-1
-6.909892542333E1,1.405130447010E-1
-6.905244136895E1,1.413952859850E-1
-6.903772757963E1,1.421867909686E-1
-6.900109694037E1,1.428540008603E-1
-6.898870405190E1,1.425384022140E-1
-6.894609337613E1,1.434016360568E-1
-6.891502555370E1,1.441273815107E-1
-6.886384162643E1,1.455313884282E-1
-6.883568230668E1,1.463617649723E-1
-6.878325928842E1,1.476181908053E-1
-6.877965980470E1,1.476820392504E-1
-6.832145040101E1,1.563852104842E-1
-6.827039846182E1,1.572301030697E-1
-6.819456420717E1,1.584971278584E-1
-6.813684839223E1,1.594992682816E-1
-6.810265079851E1,1.601539845762E-1
-6.807020899621E1,1.607752203551E-1
-6.803243688766E1,1.615451894748E-1
-6.800387748276E1,1.622053655380E-1
-6.795572225380E1,1.633146884578E-1
-6.787465996725E1,1.651334268497E-1
-6.782037801711E1,1.663420741344E-1
-6.775759508297E1,1.678047873674E-1
-6.765211833644E1,1.700119341097E-1
-6.761571113139E1,1.707525078017E-1
-6.755732387491E1,1.719360468460E-1
-6.748287698094E1,1.734254490058E-1
-6.744990536483E1,1.740916044626E-1
-6.741253592991E1,1.747859613031E-1
-6.738016804877E1,1.753721520368E-1
-6.724155314180E1,1.778347887877E-1
-6.717663341534E1,1.791848309576E-1
-6.713033714212E1,1.802054793447E-1
-6.710095098843E1,1.808805203577E-1
-6.705497909584E1,1.820750855829E-1
-6.702122293444E1,1.829469174263E-1
-6.698411020864E1,1.838020532496E-1
-6.693000128942E1,1.850097858272E-1
-6.689939894935E1,1.856839023577E-1
-6.686533615004E1,1.863917192800E-1
-6.682988259961E1,1.870908646484E-1
-6.678142512820E1,1.880554278214E-1
-6.672866556950E1,1.890966369276E-1
-6.667237446304E1,1.902207647086E-1
-6.656471884258E1,1.930624930139E-1
-6.653499906773E1,1.942868161491E-1
-6.598132572806E1,2.035067960750E-1
-6.593925887752E1,2.046545340129E-1
-6.584927255602E1,2.067980563093E-1
-6.582027922402E1,2.074801028811E-1
-6.579412652022E1,2.080939386645E-1
-6.568870409847E1,2.105104465011E-1
-6.558182731037E1,2.125311300279E-1
-6.554623767869E1,2.132327154958E-1
-6.554579356589E1,2.132290747570E-1
-6.548756950315E1,2.144005293575E-1
-6.541334264849E1,2.158633948487E-1
-6.535034879259E1,2.171166147970E-1
-6.530907212981E1,2.179777258010E-1
-6.524013756065E1,2.194890140358E-1
-6.521089090713E1,2.201578688772E-1
-6.521012468928E1,2.201578755025E-1
-6.509508007706E1,2.226002143521E-1
-6.503437131936E1,2.238122733080E-1
-6.497545721168E1,2.250141660011E-1
-6.494247308051E1,2.256976617309E-1
-6.490006349025E1,2.266067613200E-1
-6.487017101564E1,2.272902286722E-1
-6.482940709896E1,2.282419323402E-1
-6.473253338718E1,2.307006042208E-1
-6.470614005925E1,2.314119590863E-1
-6.468174857671E1,2.321039933618E-1
-6.465841497315E1,2.327908180230E-1
-6.460951772686E1,2.341076798419E-1
-6.454900125885E1,2.355818226180E-1
-6.454856342008E1,2.355818264039E-1
-6.451703204435E1,2.362711971931E-1
-6.451261819938E1,2.363535854877E-1
-6.446340740750E1,2.373730774240E-1
-6.440755601886E1,2.384567131059E-1
-6.435141408031E1,2.394725435370E-1
-6.428706734577E1,2.405914910440E-1
-6.419006897512E1,2.424637273385E-1
-6.415805588235E1,2.430893236491E-1
-6.369466714412E1,2.521618551074E-1
-6.367161247311E1,2.534367274829E-1
-6.363591684587E1,2.541013822917E-1
-6.358607163467E1,2.550408325890E-1
-6.355666207382E1,2.555671067399E-1
-6.355064506917E1,2.557662260553E-1
-6.351006149666E1,2.565772933114E-1
-6.347959644144E1,2.572066370948E-1
-6.342660125773E1,2.583112725895E-1
-6.341139795022E1,2.587072747433E-1
-6.336779070596E1,2.595027369502E-1
-6.332164022540E1,2.604440605034E-1
-6.329258192754E1,2.610649314932E-1
-6.322000777750E1,2.628029967507E-1
-6.318150130328E1,2.637238484224E-1
-6.314214338137E1,2.646519153482E-1
-6.313347575451E1,2.648279887481E-1
-6.310632114076E1,2.654597596588E-1
-6.307017398572E1,2.662700075730E-1
-6.304077899646E1,2.669229306286E-1
-6.301980166287E1,2.673362799964E-1
-6.301921226452E1,2.673362850928E-1
-6.298543935534E1,2.679694225793E-1
-6.293946062042E1,2.688756197423E-1
-6.292686105422E1,2.694760531330E-1
-6.288611963683E1,2.704328300707E-1
-6.285198175621E1,2.713215449683E-1
-6.284059422090E1,2.711985178450E-1
-6.282890895368E1,2.718696442418E-1
-6.279831098173E1,2.727724412687E-1
-6.276124985474E1,2.738277592660E-1
-6.275358754965E1,2.736333948248E-1
-6.275122366490E1,2.740606257535E-1
-6.273705983580E1,2.741276969574E-1
-6.273167033313E1,2.747231926071E-1
-6.273098891063E1,2.742992471764E-1
-6.269296796544E1,2.758983600088E-1
-6.268125289469E1,2.761325684144E-1
-6.267682876420E1,2.762635679843E-1
-6.264373666914E1,2.773570821597E-1
-6.260801647685E1,2.780607528496E-1
-6.258169431413E1,2.790155388039E-1
-6.255457367772E1,2.793130502578E-1
-6.254484500433E1,2.796112478926E-1
-6.252227470694E1,2.801502264084E-1
-6.252181033248E1,2.801502304238E-1
-6.249905715430E1,2.810558380312E-1
-6.247697208576E1,2.812579435033E-1
-6.245573553626E1,2.819630585317E-1
-6.242086919264E1,2.826792050034E-1
-6.238833845592E1,2.833756433856E-1
-6.235925931859E1,2.840298384620E-1
-6.232926398371E1,2.845621100293E-1
-6.231254080848E1,2.849324962660E-1
-6.231169683159E1,2.850276150245E-1
-6.230565246818E1,2.851852113381E-1
-6.228637678291E1,2.857217699001E-1
-6.228065677240E1,2.857508879297E-1
-6.227724673138E1,2.859610605574E-1
-6.225663419307E1,2.865251157529E-1
-6.224423247272E1,2.868809142632E-1
-6.221304915291E1,2.876982693238E-1
-6.220596943744E1,2.878569935016E-1
-6.217719382381E1,2.886227115080E-1
-6.213776320199E1,2.895880264887E-1
-6.212849987828E1,2.898270513851E-1
-6.210751863790E1,2.902869375492E-1
-6.207630250939E1,2.909623286443E-1
-6.204362858042E1,2.916362300785E-1
-6.200761028738E1,2.923435544167E-1
-6.195850253341E1,2.932806757194E-1
-6.191730549179E1,2.938697959354E-1
-6.187273758299E1,2.947028997042E-1
-6.185322849092E1,2.950750774760E-1
-6.184418964375E1,2.955333584430E-1
-6.181295855248E1,2.958395317194E-1
-6.175796481765E1,2.966954015136E-1
-6.175100301618E1,2.967967362224E-1
-6.171696125228E1,2.973949340281E-1
-6.090953540650E1,3.050960806476E-1
-6.088122906921E1,3.104442531674E-1
-6.086747618189E1,3.111397634838E-1
-6.086277875888E1,3.124687096407E-1
-6.084210258717E1,3.131748388653E-1
-6.083803202862E1,3.125078315825E-1
-6.083641782485E1,3.107913230155E-1
-6.082605900503E1,3.130224099032E-1
-6.082586077051E1,3.114505534648E-1
-6.081483574397E1,3.121164086642E-1
-6.080809116652E1,3.137870139858E-1
-6.080793042152E1,3.137870153757E-1
-6.080320622531E1,3.143704410270E-1
-6.079683574710E1,3.131397729342E-1
-6.078522040788E1,3.145642445008E-1
-6.077909805138E1,3.140529024375E-1
-6.075890600869E1,3.154376534584E-1
-6.074796457938E1,3.160238640407E-1
-6.074151904049E1,3.154183398423E-1
-6.072281469205E1,3.167674954325E-1
-6.072112470601E1,3.165737665056E-1
-6.071405173721E1,3.163660688073E-1
-6.069947347037E1,3.174333478335E-1
-6.068693666700E1,3.171148263351E-1
-6.067672684629E1,3.178761065930E-1
-6.067634194853E1,3.178729512860E-1
-6.066708866350E1,3.183085625452E-1
-6.065134947142E1,3.180123543855E-1
-6.063633629172E1,3.190825978143E-1
-6.063311170790E1,3.189586980536E-1
-6.060221161533E1,3.198932737570E-1
-6.059186739864E1,3.192796835203E-1
-6.058209387555E1,3.202268932188E-1
-6.056018807013E1,3.199639612696E-1
-6.055769432433E1,3.209221423698E-1
-6.052633573185E1,3.216189084085E-1
-6.052351166949E1,3.206785443411E-1
-6.049010313358E1,3.223629462512E-1
-6.046176499818E1,3.218611052790E-1
-6.042020574234E1,3.234955216931E-1
-6.040956904890E1,3.228319469727E-1
-6.034978644076E1,3.239080552273E-1
-6.031994285907E1,3.249211793458E-1
-6.029711095049E1,3.248954647210E-1
-6.025516711317E1,3.257965675938E-1
-6.021798762312E1,3.266804204390E-1
-6.020603739966E1,3.269961558242E-1
-6.018783876369E1,3.274104416801E-1
-6.018389161322E1,3.276165154588E-1
-6.015895304205E1,3.282909259614E-1
-6.013811602526E1,3.290446084824E-1
-6.013298740704E1,3.288935849177E-1
-6.010318932698E1,3.297193744167E-1
-6.010136590425E1,3.304212442083E-1
-6.008491943011E1,3.310742793864E-1
-6.007189246900E1,3.306287678966E-1
-6.006130414412E1,3.319671523223E-1
-6.004250621564E1,3.314999523959E-1
-6.003955041477E1,3.328126513886E-1
-6.000736829050E1,3.340827769623E-1
-5.998986549078E1,3.331007330931E-1
-5.997554080675E1,3.353588394213E-1
-5.995201398503E1,3.363066207123E-1
-5.994526470133E1,3.346569490030E-1
-5.994519159715E1,3.444608174139E-1
-5.993045896814E1,3.371557812817E-1
-5.992470242015E1,3.354686530458E-1
-5.990273339135E1,3.362991128013E-1
-5.988358296875E1,3.371010857589E-1
-5.986515329640E1,3.378593175370E-1
-5.983647268234E1,3.390209713561E-1
-5.980377716911E1,3.403234309999E-1
-5.978741186106E1,3.409805346917E-1
-5.890945249611E1,3.527061719815E-1
-5.887636872882E1,3.538571731844E-1
-5.878975226830E1,3.547311025103E-1
-5.876716941503E1,3.553325925623E-1
-5.874078138607E1,3.553331331263E-1
-5.870575208855E1,3.563201103133E-1
-5.866244201230E1,3.571252793614E-1
-5.863219087396E1,3.577419586184E-1
-5.859559114345E1,3.584446427756E-1
-5.854027864544E1,3.594493313990E-1
-5.847867991729E1,3.605352543500E-1
-5.844280443669E1,3.611613494560E-1
-5.840419052384E1,3.618406811467E-1
-5.837179824519E1,3.624621633761E-1
-5.825397822241E1,3.646157213036E-1
-5.813366518135E1,3.665644147956E-1
-5.809153363460E1,3.672596788169E-1
-5.805170492646E1,3.679843887945E-1
-5.801692349694E1,3.687171878522E-1
-5.797136562115E1,3.697386024212E-1
-5.791251621362E1,3.711652290252E-1
-5.788010320255E1,3.719099134387E-1
-5.782776330709E1,3.730123983301E-1
-5.779689140856E1,3.736934347539E-1
-5.777056577029E1,3.743117409021E-1
-5.774619789923E1,3.749516256233E-1
-5.768735951867E1,3.764066049276E-1
-5.761180984260E1,3.780543428123E-1
-5.756502427648E1,3.788164296462E-1
-5.742853546626E1,3.810865385133E-1
-5.739691156600E1,3.817112498176E-1
-5.734586493319E1,3.828370930084E-1
-5.728260871069E1,3.841716177126E-1
-5.712835544772E1,3.869381801883E-1
-5.700735782059E1,3.895387708330E-1
-5.697738931753E1,3.903421415971E-1
-5.691490822748E1,3.919506006677E-1
-5.687734807628E1,3.928844141297E-1
-5.668596408706E1,3.978016025405E-1
-5.642257267092E1,3.998017118366E-1
-5.588846130010E1,4.108734745349E-1
-5.579385346029E1,4.128776466364E-1
-5.569080027667E1,4.148519667720E-1
-5.557606072582E1,4.169476688157E-1
-5.552980125563E1,4.178547783458E-1
-5.549721361829E1,4.185199884841E-1
-5.543546457013E1,4.198491363141E-1
-5.537588500750E1,4.212029357135E-1
-5.533963252740E1,4.219647318860E-1
-5.531057474345E1,4.225626159913E-1
-5.514620887836E1,4.253837990473E-1
-5.507929925455E1,4.264207578000E-1
-5.501352682932E1,4.273973991934E-1
-5.492518819958E1,4.287582615244E-1
-5.486769308728E1,4.297672657317E-1
-5.483004542857E1,4.304549687691E-1
-5.479831698865E1,4.310581506892E-1
-5.475800664511E1,4.318655825739E-1
-5.472766184671E1,4.324879721054E-1
-5.468455538768E1,4.334428972530E-1
-5.464754575595E1,4.342671697911E-1
-5.461083890837E1,4.350704052841E-1
-5.455791252111E1,4.362296134149E-1
-5.452279608830E1,4.369363579447E-1
-5.442475634481E1,4.387435006507E-1
-5.438168395776E1,4.394530595566E-1
-5.437470129824E1,4.395706211594E-1
-5.431563526681E1,4.405486079636E-1
-5.425818677683E1,4.415658450452E-1
-5.420461557996E1,4.426368802714E-1
-5.413820450593E1,4.440503408827E-1
-5.394871616542E1,4.489249141379E-1
-5.378221171510E1,4.504181930990E-1
-5.366663400474E1,4.516270139468E-1
-5.333809833270E1,4.607668061298E-1
-5.328766148572E1,4.616154910615E-1
-5.322184029367E1,4.627441050945E-1
-5.317635252121E1,4.635194168918E-1
-5.313100449475E1,4.642954932104E-1
-5.307249433524E1,4.652912268846E-1
-5.301438205888E1,4.663020066525E-1
-5.297901762309E1,4.669208495535E-1
-5.294177487187E1,4.675806668212E-1
-5.283078381333E1,4.695720525848E-1
-5.271242394199E1,4.717257719726E-1
-5.265643301236E1,4.729747254068E-1
-5.261084406727E1,4.741198781699E-1
-5.256154546661E1,4.753165419164E-1
-5.250573265343E1,4.765932314657E-1
-5.246927219055E1,4.773546674779E-1
-5.243277038259E1,4.780564270726E-1
-5.239769282457E1,4.786932757025E-1
-5.230753283748E1,4.804262455709E-1
-5.219746973078E1,4.827069218883E-1
-5.212541521791E1,4.844216269947E-1
-5.208636322165E1,4.853241447377E-1
-5.206003316600E1,4.859391562527E-1
-5.203408653302E1,4.865852795850E-1
-5.200283493425E1,4.873678885708E-1
-5.196566025305E1,4.883049533014E-1
-5.193941507701E1,4.889363270975E-1
-5.190484235238E1,4.897099501562E-1
-5.186506577341E1,4.905819420093E-1
-5.183175415713E1,4.912697052385E-1
-5.180114613946E1,4.918956086291E-1
-5.176331852341E1,4.926606759283E-1
-5.121052106795E1,5.035148913641E-1
-5.118551549049E1,5.046137162063E-1
-5.116074179381E1,5.054187514103E-1
-5.112576579608E1,5.063564665419E-1
-5.082311914623E1,5.067314968012E-1
-5.080483023878E1,5.076080565738E-1
-5.078199194867E1,5.086954973157E-1
-5.076270138437E1,5.095808940656E-1
-5.074297885512E1,5.104898802735E-1
-5.072344065630E1,5.113556376457E-1
-5.070655028273E1,5.121334113683E-1
-5.068364065036E1,5.131588415024E-1
-5.066189229782E1,5.141537501837E-1
-5.064480738781E1,5.149361478141E-1
-5.062759234587E1,5.157293313617E-1
-5.060486843272E1,5.166309482588E-1
-5.054192958426E1,5.185294449550E-1
-5.050825535334E1,5.193128693685E-1
-5.043202114957E1,5.207710130245E-1
-5.036946837945E1,5.217719040495E-1
-5.033410395704E1,5.223975848747E-1
-5.026446335512E1,5.239530338405E-1
-5.019227255478E1,5.256714319989E-1
-5.016121249694E1,5.264087637683E-1
-5.012641560755E1,5.271684166186E-1
-5.009306019410E1,5.278283067862E-1
-5.005342306256E1,5.285738427474E-1
-4.999797358611E1,5.296176935626E-1
-4.995633827198E1,5.305230781532E-1
-4.991466885930E1,5.316754055679E-1
-4.986441258999E1,5.331735058747E-1
-4.983667812610E1,5.341742325709E-1
-4.981577606874E1,5.349358547276E-1
-4.961436031724E1,5.352248701367E-1
-4.956614827487E1,5.362358401117E-1
-4.953740667559E1,5.368458164655E-1
-4.947841729930E1,5.380093006311E-1
-4.940923935570E1,5.393068829585E-1
-4.934990833505E1,5.403858997824E-1
-4.929868618910E1,5.413439752133E-1
-4.926154610887E1,5.420762792707E-1
-4.922453575405E1,5.428267956348E-1
-4.918231962790E1,5.436415470403E-1
-4.911284539834E1,5.447615084866E-1
-4.857185548453E1,5.535783527930E-1
-4.845404155963E1,5.563498454344E-1
-4.834754629885E1,5.584330150974E-1
-4.827873570435E1,5.597872862261E-1
-4.823141597468E1,5.606487105991E-1
-4.818434011386E1,5.614692620397E-1
-4.814384559934E1,5.621383540318E-1
-4.809474761881E1,5.629569881223E-1
-4.805136358911E1,5.637407047559E-1
-4.799284122477E1,5.648455047080E-1
-4.795314676424E1,5.656123082890E-1
-4.789290061513E1,5.665671581716E-1
-4.785378500698E1,5.672497902892E-1
-4.781322108720E1,5.679702811214E-1
-4.775975589303E1,5.689619209044E-1
-4.772664551959E1,5.695672783058E-1
-4.767563653860E1,5.705057298591E-1
-4.754138145727E1,5.726719915107E-1
-4.745565230169E1,5.740840683782E-1
-4.741364905419E1,5.747803841684E-1
-4.731674709401E1,5.764050476414E-1
-4.726017687077E1,5.773631137093E-1
-4.722055994610E1,5.780248370803E-1
-4.707564871783E1,5.805272368295E-1
-4.698515513216E1,5.823056991342E-1
-4.693552150925E1,5.832714290657E-1
-4.682683059778E1,5.851921079899E-1
-4.671133806932E1,5.870334422891E-1
-4.665472634236E1,5.879689835001E-1
-4.653839530181E1,5.900106590873E-1
-4.642481871678E1,5.921601693575E-1
-4.637726323124E1,5.930914344214E-1
-4.633270204457E1,5.939742001684E-1
-4.579786706695E1,6.025211550907E-1
-4.575973724730E1,6.030924757678E-1
-4.556853346998E1,6.060283957722E-1
-4.552054127851E1,6.068025519152E-1
-4.540537620452E1,6.089760952212E-1
-4.534315260908E1,6.102228583708E-1
-4.530885766387E1,6.108658414356E-1
-4.522887885835E1,6.121956004945E-1
-4.515698610400E1,6.131667845528E-1
-4.509690925823E1,6.139695973360E-1
-4.499470260420E1,6.157430906964E-1
-4.495682078451E1,6.165361946376E-1
-4.491095309232E1,6.174606355826E-1
-4.479878755455E1,6.193421787382E-1
-4.473148428431E1,6.204330174659E-1
-4.468696305541E1,6.211809706109E-1
-4.465171817485E1,6.217746128181E-1
-4.458718617394E1,6.228379300327E-1
-4.450224735348E1,6.242444382180E-1
-4.442855805542E1,6.256594547551E-1
-4.430875985036E1,6.283692903546E-1
-4.427987342112E1,6.290430120380E-1
-4.423780811042E1,6.298775331125E-1
-4.420279659501E1,6.304950554460E-1
-4.416141161138E1,6.312234737800E-1
-4.410191125038E1,6.323173600447E-1
-4.400593658279E1,6.341635860695E-1
-4.397515937696E1,6.347551609506E-1
-4.394159062942E1,6.353922096417E-1
-4.386146042724E1,6.369466228026E-1
-4.375602822337E1,6.388983477382E-1
-4.369484559445E1,6.398994756728E-1
-4.361950605178E1,6.411635678988E-1
-4.285084951050E1,6.530043676621E-1
-4.280415051795E1,6.538737404007E-1
-4.273074747954E1,6.551746263662E-1
-4.269271853877E1,6.558107490986E-1
-4.265508960623E1,6.564238458178E-1
-4.260096690998E1,6.573214204873E-1
-4.250516895958E1,6.590300941498E-1
-4.243178784599E1,6.603172306824E-1
-4.238251153392E1,6.611640738432E-1
-4.233954936260E1,6.618726125586E-1
-4.227527671151E1,6.628800243604E-1
-4.221847113271E1,6.637219795649E-1
-4.217861607824E1,6.643184037470E-1
-4.210028914234E1,6.654952054679E-1
-4.203816741519E1,6.664569777488E-1
-4.194585499042E1,6.679389030860E-1
-4.189743791922E1,6.687236119867E-1
-4.183189267653E1,6.697665688158E-1
-4.173618919509E1,6.711980671304E-1
-4.169100248461E1,6.718253717090E-1
-4.163153225015E1,6.726213504886E-1
-4.158077124838E1,6.732893356264E-1
-4.151923871796E1,6.741553736677E-1
-4.145693414600E1,6.750577653025E-1
-4.138991834015E1,6.760778153217E-1
-4.133841241187E1,6.769233567226E-1
-4.133790159997E1,6.769233611394E-1
-4.129947641432E1,6.776089783662E-1
-4.127853207312E1,6.779672748479E-1
-4.123261584218E1,6.786969551027E-1
-4.079799419955E1,6.817655532029E-1
-4.077660948497E1,6.825423344067E-1
-4.075445652361E1,6.833349643614E-1
-4.073646573553E1,6.839819079852E-1
-4.069827746186E1,6.852664015556E-1
-4.067586522844E1,6.859490936264E-1
-4.064331658602E1,6.868998534883E-1
-4.061962591824E1,6.875215792788E-1
-4.056153978909E1,6.888218753584E-1
-4.046173258700E1,6.908566980794E-1
-4.042807166780E1,6.915218519394E-1
-4.038846200261E1,6.922527417963E-1
-3.976913426240E1,7.017178760099E-1
-3.975057410890E1,7.026039691753E-1
-3.973333414215E1,7.033405109436E-1
-3.933761663895E1,7.051216093267E-1
-3.920468837729E1,7.070634069354E-1
-3.915304295893E1,7.077587532210E-1
-3.910937732843E1,7.083571656978E-1
-3.905007428531E1,7.090686721949E-1
-3.899821951405E1,7.097218550192E-1
-3.880095930118E1,7.122488233466E-1
-3.875199027168E1,7.128804815335E-1
-3.868564718646E1,7.137550891698E-1
-3.863399842562E1,7.144602495868E-1
-3.855537580087E1,7.155383202483E-1
-3.851106517592E1,7.161528733213E-1
-3.845517538800E1,7.168598953987E-1
-3.837529286338E1,7.177610842736E-1
-3.831417034392E1,7.184312434248E-1
-3.822570034672E1,7.195190000265E-1
-3.817437993820E1,7.202450000380E-1
-3.811335504836E1,7.211695446964E-1
-3.804614326981E1,7.221531313872E-1
-3.800627968452E1,7.227203840755E-1
-3.796653541726E1,7.233076787075E-1
-3.791188787226E1,7.241343416930E-1
-3.786863895255E1,7.247630424696E-1
-3.782073537719E1,7.254135156326E-1
-3.775688969004E1,7.262524779225E-1
-3.765155254301E1,7.276500797551E-1
-3.760461930117E1,7.282919756477E-1
-3.753067109358E1,7.294202614612E-1
-3.741333610980E1,7.309455430769E-1
-3.728483114061E1,7.322364302247E-1
-3.722257229655E1,7.328318448378E-1
-3.714274982140E1,7.336450061813E-1
-3.701628182232E1,7.351878646038E-1
-3.697664709232E1,7.357820307129E-1
-3.692338561020E1,7.366679619558E-1
-3.685858993579E1,7.377974184096E-1
-3.670635036910E1,7.399159391752E-1
-3.661248069126E1,7.415538522677E-1
-3.597277047927E1,7.496692856367E-1
-3.593834569034E1,7.503407028575E-1
-3.586713129611E1,7.515803969379E-1
-3.566212617091E1,7.543029986923E-1
-3.559349206641E1,7.550286743883E-1
-3.553992738994E1,7.555746689256E-1
-3.549042093903E1,7.560925771404E-1
-3.536294582228E1,7.575455795078E-1
-3.530426106279E1,7.582911335429E-1
-3.526109562888E1,7.588976982588E-1
-3.521804548766E1,7.595432454740E-1
-3.511867237780E1,7.610515177297E-1
-3.507793580287E1,7.616885359439E-1
-3.502395266569E1,7.625404144070E-1
-3.497862401892E1,7.631793953121E-1
-3.493037822972E1,7.637812829210E-1
-3.472498125394E1,7.660801763100E-1
-3.467472801440E1,7.666620731694E-1
-3.461359330607E1,7.674301911350E-1
-3.456697379877E1,7.680423211300E-1
-3.449817474196E1,7.689277167093E-1
-3.443740720695E1,7.696835068979E-1
-3.436813260299E1,7.705792439404E-1
-3.428791197041E1,7.716869913302E-1
-3.424508422335E1,7.723009025888E-1
-3.415775995635E1,7.735387234730E-1
-3.411672940445E1,7.741164679136E-1
-3.411386887311E1,7.741650870339E-1
-3.404453193355E1,7.751009517977E-1
-3.399543895951E1,7.757433586199E-1
-3.393633120447E1,7.765070161436E-1
-3.387759413807E1,7.772818534817E-1
-3.379778946324E1,7.783640263199E-1
-3.370703240017E1,7.796405149456E-1
-3.364128450703E1,7.805917111282E-1
-3.358933842289E1,7.813372337171E-1
-3.352403782488E1,7.822394585106E-1
-3.346332614410E1,7.830101896125E-1
-3.337703574190E1,7.840276319521E-1
-3.331566245683E1,7.847167128513E-1
-3.324948267647E1,7.854883292399E-1
-3.320061668707E1,7.861152160517E-1
-3.315381769843E1,7.867387164410E-1
-3.308364253221E1,7.877828683848E-1
-3.303115067474E1,7.886402827238E-1
-3.297312117712E1,7.896376497254E-1
-3.292590832171E1,7.904257266804E-1
-3.196547851602E1,8.008090136952E-1
-3.182639282009E1,8.036527417890E-1
-3.177520647645E1,8.044204752249E-1
-3.169843428106E1,8.054119962573E-1
-3.157624294541E1,8.069061153270E-1
-3.148528178692E1,8.079696610687E-1
-3.139462161540E1,8.090385250477E-1
-3.133716730232E1,8.097429420896E-1
-3.127672329037E1,8.105019287227E-1
-3.120421313369E1,8.114207134920E-1
-3.080914693618E1,8.149819764931E-1
-3.077530714702E1,8.156065531645E-1
-3.073879086921E1,8.162801801681E-1
-3.070314827462E1,8.169200094137E-1
-3.064098166536E1,8.179615148147E-1
-3.059129504089E1,8.186749228234E-1
-3.051160738930E1,8.198124515193E-1
-3.029319634407E1,8.223979230788E-1
-3.024247702755E1,8.231860149265E-1
-3.017264376939E1,8.244662821421E-1
-3.013903562454E1,8.251479512332E-1
-3.011177964585E1,8.257572087786E-1
-2.956060755858E1,8.296194131965E-1
-2.951124071760E1,8.301390902704E-1
-2.943015440046E1,8.310020269973E-1
-2.932675386785E1,8.320496736033E-1
-2.919753293858E1,8.332360311616E-1
-2.905382982471E1,8.346210567210E-1
-2.892439684745E1,8.360772537959E-1
-2.886656265667E1,8.368045954627E-1
-2.879338427429E1,8.376961820943E-1
-2.868233608038E1,8.390213761345E-1
-2.858692303704E1,8.401435804166E-1
-2.853412085498E1,8.407882230633E-1
-2.748014919171E1,8.516578806848E-1
-2.739775098281E1,8.527027691642E-1
-2.735250769056E1,8.532401283376E-1
-2.721133859460E1,8.546434320146E-1
-2.712477936517E1,8.555122786828E-1
-2.707123647274E1,8.560516398980E-1
-2.695800153291E1,8.573967937246E-1
-2.690815371197E1,8.580073426901E-1
-2.685947269207E1,8.585896794675E-1
-2.679276709651E1,8.593328613923E-1
-2.672712329547E1,8.600020067597E-1
-2.653710254696E1,8.617454114606E-1
-2.641014346522E1,8.629795050155E-1
-2.633516015885E1,8.638746214064E-1
-2.626610033711E1,8.647744723889E-1
-2.619177000837E1,8.656780380659E-1
-2.614062956711E1,8.662571645477E-1
-2.604890106702E1,8.672059869290E-1
-2.596880663446E1,8.680006625814E-1
-2.585527854804E1,8.691932769229E-1
-2.576061605969E1,8.701960596213E-1
-2.567840255515E1,8.710608828163E-1
-2.559036508511E1,8.719502733946E-1
-2.548087985079E1,8.730201548464E-1
-2.538216219672E1,8.739736001344E-1
-2.531177616452E1,8.746445914412E-1
-2.524924192735E1,8.752637734043E-1
-2.516435095260E1,8.761254611157E-1
-2.498668586086E1,8.778452948336E-1
-2.484384804290E1,8.791878217485E-1
-2.476444786660E1,8.799601177326E-1
-2.457516426736E1,8.817971470281E-1
-2.441476659828E1,8.832594026789E-1
-2.436275308250E1,8.838406926037E-1
-2.431880390055E1,8.844239504489E-1
-2.426780446010E1,8.851462665552E-1
-2.421994064021E1,8.858750471588E-1
-2.417239929485E1,8.865288227299E-1
-2.410989608406E1,8.873482360844E-1
-2.400020827442E1,8.885763379279E-1
-2.393294511353E1,8.892423386625E-1
-2.369768844407E1,8.911837269600E-1
-2.363678401797E1,8.916937031401E-1
-2.355467599686E1,8.923694517145E-1
-2.352419178805E1,8.926294412535E-1
-2.348837870622E1,8.929199146263E-1
-2.346621934154E1,8.931165637642E-1
-2.341020447127E1,8.935890566727E-1
-2.335756285878E1,8.940685183322E-1
-2.244232980674E1,9.031752009006E-1
-2.238281616256E1,9.039765611061E-1
-2.228849492769E1,9.052329341279E-1
-2.219903482995E1,9.062861648805E-1
-2.212510293996E1,9.070400819279E-1
-2.196868023256E1,9.084970307172E-1
-2.190672538797E1,9.090624786179E-1
-2.185253648514E1,9.095255356669E-1
-2.173830839126E1,9.105341113984E-1
-2.160561891622E1,9.117749677855E-1
-2.146464262971E1,9.131429038811E-1
-2.137974010832E1,9.139732214918E-1
-2.129933191680E1,9.147549132179E-1
-2.110803958700E1,9.164596299367E-1
-2.099856054381E1,9.173283739650E-1
-2.048525964726E1,9.210361849078E-1
-2.041331655384E1,9.215890314295E-1
-2.029519749883E1,9.224977339032E-1
-2.017824935703E1,9.235153661880E-1
-2.008202158888E1,9.246639888090E-1
-2.001092721889E1,9.257165630328E-1
-1.941896158424E1,9.290759606584E-1
-1.932428751182E1,9.296963311990E-1
-1.917740474929E1,9.306447323499E-1
-1.911278328383E1,9.310705992808E-1
-1.900295118285E1,9.317967879991E-1
-1.887348748524E1,9.326724965795E-1
-1.874112343722E1,9.336401834386E-1
-1.865245874374E1,9.343132881425E-1
-1.843234169074E1,9.360659777512E-1
-1.836385584189E1,9.365809762187E-1
-1.822915652363E1,9.375216092554E-1
-1.812041983708E1,9.382582858359E-1
-1.801478365075E1,9.389746300958E-1
-1.793431440889E1,9.395552512974E-1
-1.782679560493E1,9.403692136601E-1
-1.776879050390E1,9.408277173049E-1
-1.690793089757E1,9.465676324163E-1
-1.667052721442E1,9.477756821518E-1
-1.645955325300E1,9.492147537302E-1
-1.558908077546E1,9.585144660327E-1
-1.551193111544E1,9.589243065189E-1
-1.542593210961E1,9.593796313493E-1
-1.531067314150E1,9.599836289839E-1
-1.521447726701E1,9.604908130371E-1
-1.513777456357E1,9.608925544582E-1
-1.513532715553E1,9.609065357535E-1
-1.505592958805E1,9.613241209786E-1
-1.505592892755E1,9.613229547191E-1
-1.479075298643E1,9.627075374623E-1
-1.463481307821E1,9.635021983609E-1
-1.463447950918E1,9.635035795587E-1
-1.456268407336E1,9.638616690414E-1
-1.456036441804E1,9.638729248152E-1
-1.442347097816E1,9.645505563135E-1
-1.431649350208E1,9.650766006151E-1
-1.419523339159E1,9.656754190230E-1
-1.412088133968E1,9.660367622416E-1
-1.387067304659E1,9.672648976487E-1
-1.379160611508E1,9.676494746854E-1
-1.360080414017E1,9.685829365439E-1
-1.350145643567E1,9.690586949760E-1
-1.342843647967E1,9.694123474344E-1
-1.333501811524E1,9.698564512971E-1
-1.324968880431E1,9.702635745222E-1
-1.307607001422E1,9.710881730589E-1
-1.297712204429E1,9.715510398697E-1
-1.285444339964E1,9.721286513665E-1
-1.272949211985E1,9.727159115655E-1
-1.264195328356E1,9.731303266271E-1
-1.255441794682E1,9.735434551374E-1
-1.245052905697E1,9.740392062719E-1
-1.237040608274E1,9.744182490065E-1
-1.223439455695E1,9.750541462572E-1
-1.216157280938E1,9.753928514383E-1
-1.208260038208E1,9.757574078576E-1
-1.195294083915E1,9.763456525049E-1
-1.186458837026E1,9.767404748827E-1
-1.174210007500E1,9.772740798876E-1
-1.156637004143E1,9.780270486612E-1
-1.138974619457E1,9.787902481903E-1
-1.130656459383E1,9.791515111025E-1
-1.115072436736E1,9.798250553581E-1
-1.106667906304E1,9.801847302132E-1
-8.691148693034E0,9.926954106628E-1
-8.576321460897E0,9.928414427037E-1
-8.441200061716E0,9.930166659536E-1
-8.092217685223E0,9.934670787892E-1
-8.013782446754E0,9.936081458738E-1
-7.840125606619E0,9.939033062285E-1
-7.770284052956E0,9.940192870341E-1
-7.730958707102E0,9.940957193191E-1
-7.642035997774E0,9.942618476261E-1
-7.539348494362E0,9.944545310820E-1
-7.357045751107E0,9.948059821756E-1
-7.260300582495E0,9.950300221876E-1
-7.148981076823E0,9.952896682983E-1
-4.892527079263E0,9.990791211857E-1
-4.816939105276E0,9.992444683737E-1
-4.618532179652E0,9.996625149773E-1
-4.537880155089E0,9.998278685761E-1
-4.231032635593E0,1.000451780098E0
-4.114322965389E0,1.000702933661E0
-3.998797620543E0,1.000952342589E0
-3.918054501817E0,1.001126967449E0
-3.823152839667E0,1.001326074408E0
-3.737654182964E0,1.001498247699E0
-3.632405293245E0,1.001681782764E0
-3.526979000112E0,1.001843486717E0
-3.385998504205E0,1.002043949876E0
-3.207089343540E0,1.002263899856E0
-3.085302288321E0,1.002409585160E0
-2.968015974458E0,1.002527136319E0
-2.761200516408E0,1.002680466644E0
-2.661804432730E0,1.002744093262E0
-2.554819549019E0,1.002805609354E0
-2.445812118460E0,1.002873901874E0
-2.304902409884E0,1.002972239281E0
-2.199107287226E0,1.003046779005E0
-2.081549452963E0,1.003128800536E0
-1.911262796047E0,1.003254155181E0
-1.807110287631E0,1.003339560992E0
-1.679911751353E0,1.003442339746E0
-1.587667984459E0,1.003512282313E0
5.862506270788E-1,1.005776002425E0
4.012765344353E0,1.002981875484E0
4.012765344353E0,1.002981875484E0
7.444877199856E0,9.903046535421E-1
1.087698905536E1,9.776274315999E-1
1.087698905536E1,9.776274315999E-1
1.259464416546E1,9.684650791999E-1
1.474201289978E1,9.564826871819E-1
1.740591753345E1,9.395631898366E-1
1.953131253870E1,9.240598695200E-1
1.956428006953E1,9.234233381978E-1
1.960107169662E1,9.227634605725E-1
1.967559679073E1,9.216050910039E-1
1.974385693226E1,9.206815092755E-1
1.980932188891E1,9.198693489571E-1
1.985873142400E1,9.192977572084E-1
1.990002791671E1,9.186862998591E-1
2.000029403437E1,9.172033522760E-1
2.003705898080E1,9.166215581586E-1
2.032990610059E1,9.154816565770E-1
2.042776568509E1,9.148497228515E-1
2.061808900233E1,9.131596938295E-1
2.070428735010E1,9.121868919669E-1
2.106398643357E1,9.092743671474E-1
2.113057195710E1,9.087316576628E-1
2.124122761391E1,9.075872332309E-1
2.136688938532E1,9.062961873648E-1
2.142636599730E1,9.057686480513E-1
2.154644050999E1,9.048444008517E-1
2.166066457945E1,9.039783591434E-1
2.179227900428E1,9.011793680177E-1
2.185495619208E1,9.007896363149E-1
2.198496364860E1,8.999749559204E-1
2.204926565844E1,8.995730120330E-1
2.234182087694E1,8.981503693288E-1
2.245593239565E1,8.977174749496E-1
2.253309118396E1,8.974329199008E-1
2.268508847205E1,8.969076508624E-1
2.296679232992E1,8.926936594187E-1
2.305216847862E1,8.918035927192E-1
2.310439979298E1,8.913071681329E-1
2.317072898302E1,8.906909304263E-1
2.337537814631E1,8.888313614492E-1
2.342996201084E1,8.883648066646E-1
2.353247608836E1,8.875030848801E-1
2.360734078243E1,8.868695986222E-1
2.381181630091E1,8.850267237862E-1
2.396149029194E1,8.835998636915E-1
2.401952671534E1,8.830769345624E-1
2.408226058867E1,8.825946570737E-1
2.420838621151E1,8.815556542434E-1
2.443489392171E1,8.793686786905E-1
2.449724949539E1,8.787410004426E-1
2.459244829365E1,8.778626200361E-1
2.465298763146E1,8.773494892768E-1
2.486498571408E1,8.755599250497E-1
2.503437139393E1,8.741174422221E-1
2.510167964957E1,8.735548847092E-1
2.516502282368E1,8.730356113351E-1
2.523265945840E1,8.724730566615E-1
2.531261282141E1,8.718095321652E-1
2.552816651261E1,8.699265933309E-1
2.559823244974E1,8.692783252820E-1
2.569056466049E1,8.684524637327E-1
2.578235674942E1,8.676622449663E-1
2.596494914580E1,8.660935309308E-1
2.603360362789E1,8.654732271596E-1
2.613659301745E1,8.645292345616E-1
2.627606532253E1,8.632376563302E-1
2.645235045551E1,8.615957879167E-1
2.652241639264E1,8.609475198678E-1
2.658245306415E1,8.603958418935E-1
2.683689696422E1,8.581909457469E-1
2.689832969047E1,8.576304431863E-1
2.695414429894E1,8.571211685906E-1
2.703182571963E1,8.564338868281E-1
2.715274108336E1,8.553240773157E-1
2.721458745909E1,8.547418644248E-1
2.728137075735E1,8.541222828561E-1
2.735278488981E1,8.534523262316E-1
2.752171241742E1,8.516913642485E-1
2.759144358484E1,8.509445602988E-1
2.769325321452E1,8.498002508097E-1
2.817364549895E1,8.458140533966E-1
2.858018239840E1,8.422248662522E-1
2.863627259392E1,8.417638981988E-1
2.882526793653E1,8.406066533241E-1
2.891756427204E1,8.400206616191E-1
2.930956476085E1,8.360113665402E-1
2.934648769684E1,8.352560139841E-1
2.941204977856E1,8.340151055454E-1
2.943532258954E1,8.353692352498E-1
2.946484476947E1,8.346084039642E-1
2.948314342672E1,8.328117752021E-1
2.949789615374E1,8.337308913363E-1
2.952613182388E1,8.330154977199E-1
2.954579574799E1,8.319335075884E-1
2.959213627428E1,8.313488159555E-1
2.962100509580E1,8.311545412945E-1
2.964050594221E1,8.307343082968E-1
2.972748021712E1,8.296796721406E-1
2.982917185428E1,8.284558133605E-1
2.987284116692E1,8.279180561755E-1
2.992837078089E1,8.272884248233E-1
2.993683298761E1,8.270645815726E-1
2.997886780593E1,8.264687088082E-1
3.002572809946E1,8.257614746146E-1
3.014452623906E1,8.237546456858E-1
3.023652317102E1,8.220781583007E-1
3.027387623290E1,8.213818368036E-1
3.028435873379E1,8.236520781200E-1
3.031708194904E1,8.231223825247E-1
3.036464887519E1,8.228296767223E-1
3.047818723116E1,8.216026139249E-1
3.060309967396E1,8.201794155756E-1
3.063683181666E1,8.198167556367E-1
3.065385110229E1,8.196105135712E-1
3.065605605730E1,8.195880712319E-1
3.073170927308E1,8.187588764818E-1
3.074650994483E1,8.186025535482E-1
3.079779418339E1,8.180510422215E-1
3.085238501166E1,8.174701244900E-1
3.095970315810E1,8.163042217244E-1
3.106839185514E1,8.151221207731E-1
3.111219436322E1,8.147681027315E-1
3.115322851584E1,8.142103762721E-1
3.118445620040E1,8.140113730145E-1
3.126111557656E1,8.130413245003E-1
3.133270711254E1,8.122522650945E-1
3.140888673679E1,8.114115106247E-1
3.146993414657E1,8.105735982446E-1
3.149664309646E1,8.104701686012E-1
3.159745707297E1,8.094202083058E-1
3.163109649172E1,8.088288776882E-1
3.168036336824E1,8.085692301941E-1
3.171696094996E1,8.079626352879E-1
3.175734160877E1,8.077505174035E-1
3.184527111060E1,8.067726435713E-1
3.190637786995E1,8.060865618391E-1
3.192014609232E1,8.058227618647E-1
3.196666766865E1,8.052398461107E-1
3.196684825617E1,8.053671568997E-1
3.202072955804E1,8.045690354352E-1
3.204345366473E1,8.044426649556E-1
3.209499859180E1,8.037985964725E-1
3.214970816773E1,8.031370700519E-1
3.223420936261E1,8.021024359178E-1
3.228893532714E1,8.013433584166E-1
3.233966000160E1,8.008568735770E-1
3.244420508649E1,7.996073322615E-1
3.251940419761E1,7.989085227539E-1
3.339710748408E1,7.901570787085E-1
3.343528038116E1,7.894808865753E-1
3.350986802289E1,7.884866173003E-1
3.363921002296E1,7.876343251355E-1
3.370175525122E1,7.869185057356E-1
3.376847564549E1,7.861441540537E-1
3.378423650760E1,7.859430420843E-1
3.383159438955E1,7.853744267448E-1
3.383204056639E1,7.853671414449E-1
3.389422866881E1,7.845792352597E-1
3.396969450878E1,7.836103140956E-1
3.402988912564E1,7.828660305804E-1
3.413357101356E1,7.816104349498E-1
3.417976452493E1,7.810835357012E-1
3.423131126630E1,7.805146183946E-1
3.429319341819E1,7.798190319100E-1
3.433505138209E1,7.791587175578E-1
3.439294381973E1,7.784771170472E-1
3.447738831513E1,7.775995656900E-1
3.453852275146E1,7.768095878124E-1
3.458734893719E1,7.762322480081E-1
3.464015272797E1,7.755087546250E-1
3.468422545829E1,7.749874115087E-1
3.468769822676E1,7.749436718794E-1
3.474055970435E1,7.743497554068E-1
3.477659967861E1,7.739300235279E-1
3.479167401628E1,7.737349104124E-1
3.485902893425E1,7.730492086601E-1
3.492377390867E1,7.721978117212E-1
3.499854001644E1,7.715657593022E-1
3.502268543592E1,7.711085167311E-1
3.510422245124E1,7.704264301458E-1
3.512614309149E1,7.699948342724E-1
3.516423935829E1,7.697351636627E-1
3.521115682251E1,7.691624255623E-1
3.526491300608E1,7.684165963129E-1
3.530899088465E1,7.679236148422E-1
3.539889278423E1,7.668373467820E-1
3.546024039172E1,7.660108499653E-1
3.550471274796E1,7.654257724314E-1
3.558098063818E1,7.644208443630E-1
3.562915984023E1,7.638255603143E-1
3.570824481106E1,7.630113013037E-1
3.573128742119E1,7.626167121835E-1
3.581497432796E1,7.616358222675E-1
3.592803534296E1,7.602928100731E-1
3.599108870021E1,7.595424306982E-1
3.602940485481E1,7.591420702685E-1
3.604289803610E1,7.588845326266E-1
3.608635762713E1,7.583371040354E-1
3.612872613848E1,7.577606196345E-1
3.625157922356E1,7.560224890912E-1
3.631496537890E1,7.551883178467E-1
3.635907177244E1,7.546333768142E-1
3.640146545777E1,7.541524014634E-1
3.646756531672E1,7.533324456434E-1
3.655095634190E1,7.524411783312E-1
3.660757795104E1,7.516498082558E-1
3.664178562945E1,7.514302368108E-1
3.668022864933E1,7.507840143526E-1
3.674615016109E1,7.501287465748E-1
3.677361831233E1,7.497136712548E-1
3.685997952413E1,7.486937127177E-1
3.763506173445E1,7.408178033022E-1
3.767214465405E1,7.400210571641E-1
3.775358528631E1,7.384857738141E-1
3.781935150207E1,7.375456246815E-1
3.786501571494E1,7.369684231874E-1
3.796229042769E1,7.357858253399E-1
3.803072592037E1,7.349671771784E-1
3.809668589699E1,7.342243922559E-1
3.816023425902E1,7.335504493010E-1
3.820636917594E1,7.330091099584E-1
3.822480973457E1,7.328517289350E-1
3.829623605311E1,7.320079749100E-1
3.833821025611E1,7.315197654777E-1
3.839679215578E1,7.308432733392E-1
3.847240074584E1,7.298783450911E-1
3.851329892978E1,7.292994478631E-1
3.857738886160E1,7.283208155160E-1
3.859722856028E1,7.279651758863E-1
3.867390018263E1,7.268217002298E-1
3.868555019503E1,7.266323197788E-1
3.873399142880E1,7.259018701343E-1
3.876005482272E1,7.255607509663E-1
3.937240553885E1,7.202602884805E-1
3.939488367757E1,7.196412528911E-1
3.944485447985E1,7.193051364722E-1
3.946716968017E1,7.185384680198E-1
3.949174090928E1,7.176876751707E-1
3.950083910580E1,7.169893876548E-1
3.952279099437E1,7.167910556250E-1
3.955130881904E1,7.159800621510E-1
3.956436927977E1,7.157318749803E-1
3.961570472187E1,7.147730552833E-1
3.965360398920E1,7.142721048452E-1
3.970486975891E1,7.134014821908E-1
3.981436251979E1,7.119563988658E-1
3.986574791194E1,7.110065599821E-1
3.993798792156E1,7.104103537065E-1
3.995785167834E1,7.096764744824E-1
3.998605843399E1,7.097171523801E-1
4.002377153959E1,7.090822397264E-1
4.006224582203E1,7.080279813011E-1
4.006243157994E1,7.084065840142E-1
4.011515640843E1,7.074059252498E-1
4.015906979240E1,7.065333668638E-1
4.020598248639E1,7.055530027734E-1
4.024475343243E1,7.046690489536E-1
4.027226696631E1,7.040439309030E-1
4.029426118882E1,7.032614511990E-1
4.055681142683E1,7.010417090244E-1
4.101785221364E1,6.970946102403E-1
4.118328747935E1,6.957782318424E-1
4.139673169655E1,6.913978309895E-1
4.140477955035E1,6.912397374213E-1
4.146177369595E1,6.912758984803E-1
4.150365577854E1,6.899092702922E-1
4.151329839799E1,6.902104653471E-1
4.155869047088E1,6.894195346610E-1
4.159744420331E1,6.887098422512E-1
4.161785558686E1,6.884017838821E-1
4.164571207412E1,6.880495295272E-1
4.171085183701E1,6.873230661956E-1
4.173705731403E1,6.868566247728E-1
4.180464925493E1,6.862054749692E-1
4.184609767985E1,6.857769142808E-1
4.185237608620E1,6.855933091374E-1
4.185326303679E1,6.853491589425E-1
4.194683193001E1,6.841664527632E-1
4.199104278501E1,6.836061773168E-1
4.206324276480E1,6.826835326312E-1
4.210569696646E1,6.821531658073E-1
4.210979188695E1,6.820606776404E-1
4.215506421689E1,6.814545744054E-1
4.220618577248E1,6.807561314074E-1
4.226295346763E1,6.799810648643E-1
4.229325566311E1,6.796095756312E-1
4.231186062386E1,6.793165913814E-1
4.237865488847E1,6.783783791246E-1
4.245413087972E1,6.773158017700E-1
4.249666925821E1,6.766893309365E-1
4.256281971214E1,6.758831975511E-1
4.260343856802E1,6.751656909067E-1
4.260921449095E1,6.750882081915E-1
4.267543659366E1,6.744855014825E-1
4.273811877451E1,6.737011284475E-1
4.281525430530E1,6.728489941881E-1
4.282467866174E1,6.726956502119E-1
4.287121171782E1,6.720040472176E-1
4.291439388433E1,6.714165905155E-1
4.295626720646E1,6.708097223447E-1
4.303190894731E1,6.696636009591E-1
4.305807938782E1,6.691711222487E-1
4.305964658326E1,6.691333366603E-1
4.308510125284E1,6.688038592793E-1
4.314259648135E1,6.679260051885E-1
4.318074170534E1,6.673437423280E-1
4.323955549132E1,6.665756496735E-1
4.331999075318E1,6.655121996514E-1
4.341518691378E1,6.644988867067E-1
4.342150254844E1,6.642387546929E-1
4.347227554275E1,6.636000826320E-1
4.349413335174E1,6.635302193270E-1
4.351644978890E1,6.630151308871E-1
4.360832078083E1,6.618674195777E-1
4.373674049574E1,6.595882347526E-1
4.381982665423E1,6.583033720023E-1
4.385987095263E1,6.577087072165E-1
4.387245901856E1,6.575596723191E-1
4.392529521794E1,6.566826283269E-1
4.400873878245E1,6.553046570733E-1
4.400901740712E1,6.553046594825E-1
4.406863840091E1,6.542631253316E-1
4.406951787098E1,6.542398587829E-1
4.408722476869E1,6.547219984508E-1
4.416434327266E1,6.533481959481E-1
4.416626797555E1,6.525713911760E-1
4.422782337205E1,6.519699749930E-1
4.424923354349E1,6.511442876410E-1
4.498832066541E1,6.400153279205E-1
4.502300040081E1,6.394341517840E-1
4.515881841138E1,6.371865127747E-1
4.521879134768E1,6.362635245187E-1
4.528774977677E1,6.352241092435E-1
4.532859056045E1,6.345947339130E-1
4.548067486407E1,6.322508504159E-1
4.562178501035E1,6.300190358043E-1
4.565935375938E1,6.294480967045E-1
4.573809272686E1,6.282273601590E-1
4.579358441735E1,6.273810662471E-1
4.584322951911E1,6.266094415156E-1
4.589207550347E1,6.258932264822E-1
4.598576396812E1,6.245178724158E-1
4.605511883973E1,6.234656494167E-1
4.611641826619E1,6.224354115428E-1
4.615479675337E1,6.217419216209E-1
4.618740247810E1,6.211455223464E-1
4.623109161427E1,6.203065304453E-1
4.629087964437E1,6.192212030942E-1
4.632792673299E1,6.186060346621E-1
4.637543721741E1,6.178607819775E-1
4.641437065539E1,6.172600957687E-1
4.645337213596E1,6.166445485638E-1
4.649284262200E1,6.160361882861E-1
4.653270813780E1,6.154282575892E-1
4.660678088683E1,6.143178804191E-1
4.665899593063E1,6.135311226932E-1
4.674209150183E1,6.122772531637E-1
4.680188575372E1,6.114062645897E-1
4.684627386584E1,6.107485787666E-1
4.689205269899E1,6.099731652345E-1
4.694135519789E1,6.091042831010E-1
4.707143790228E1,6.064516109610E-1
4.710274253122E1,6.057404625484E-1
4.713969233280E1,6.049187935790E-1
4.717950179502E1,6.040622366470E-1
4.721304798198E1,6.034510791246E-1
4.729318303639E1,6.019656280247E-1
4.734154314697E1,6.010931220261E-1
4.737666925842E1,6.004594061077E-1
4.818925599698E1,5.879590050654E-1
4.821772275666E1,5.873542466192E-1
4.828259776170E1,5.859926892136E-1
4.834648924452E1,5.846981171513E-1
4.842256555976E1,5.832431153324E-1
4.845578990107E1,5.826122197333E-1
4.850039506244E1,5.817983942370E-1
4.853819923065E1,5.811252138925E-1
4.860267621159E1,5.800272279517E-1
4.864665375585E1,5.792884248974E-1
4.868386062682E1,5.786647463452E-1
4.872316862742E1,5.779986547249E-1
4.876566352118E1,5.773050403437E-1
4.885846664507E1,5.758221040904E-1
4.892308868785E1,5.748421588658E-1
4.896991918897E1,5.741507127114E-1
4.956632566476E1,5.682827267701E-1
4.958151462493E1,5.676094515345E-1
4.961872558439E1,5.660564215018E-1
4.967002004285E1,5.641504972848E-1
4.970228512629E1,5.630571826567E-1
4.972230438730E1,5.624104935052E-1
4.975569958536E1,5.613115996857E-1
4.975617623547E1,5.613155521010E-1
4.982190178857E1,5.594707063376E-1
4.986935604509E1,5.583163238053E-1
4.992619678189E1,5.569831791754E-1
4.996936999387E1,5.559906156981E-1
5.002268022010E1,5.548028969532E-1
5.005526415455E1,5.540881135351E-1
5.008735657394E1,5.534118314788E-1
5.012713422707E1,5.525869898662E-1
5.091180054248E1,5.403078290412E-1
5.093758560089E1,5.396858300009E-1
5.096529376368E1,5.390057312536E-1
5.099986798035E1,5.384167591646E-1
5.107244316838E1,5.371721044530E-1
5.117209019191E1,5.356291410553E-1
5.117235935903E1,5.356313730075E-1
5.124106019976E1,5.345833951652E-1
5.124140233110E1,5.345805904479E-1
5.129120356697E1,5.338227559638E-1
5.137520655965E1,5.325148321782E-1
5.143464599793E1,5.315761786388E-1
5.150926850303E1,5.303492285409E-1
5.156461714470E1,5.294435736879E-1
5.161367274221E1,5.286282455118E-1
5.165331020036E1,5.279958139437E-1
5.169212822581E1,5.273807017628E-1
5.174312567507E1,5.266071455204E-1
5.179186307982E1,5.258648773838E-1
5.185720374328E1,5.248945376238E-1
5.190341442318E1,5.242178273098E-1
5.194090916695E1,5.236510936801E-1
5.198606550622E1,5.229755320452E-1
5.204210947770E1,5.220801341453E-1
5.208579954085E1,5.213668942991E-1
5.216121103537E1,5.200394153524E-1
5.228328663902E1,5.178235904292E-1
5.232701625868E1,5.170633081715E-1
5.232807850613E1,5.170469700346E-1
5.237643643868E1,5.161985357954E-1
5.241675200269E1,5.155007876095E-1
5.246164596741E1,5.147454432383E-1
5.250184353627E1,5.140370604656E-1
5.254700610043E1,5.132676335283E-1
5.259580592207E1,5.124484132512E-1
5.263316130225E1,5.118233258869E-1
5.267081759599E1,5.112006893034E-1
5.272172370224E1,5.103319743276E-1
5.276031608859E1,5.096952071032E-1
5.280029784276E1,5.090077768863E-1
5.284319074560E1,5.083043467575E-1
5.292615206217E1,5.069460272960E-1
5.301453259847E1,5.055090033330E-1
5.305033255394E1,5.049218944959E-1
5.309269240925E1,5.042130876434E-1
5.313313633139E1,5.035393011848E-1
5.391389490102E1,4.903630471911E-1
5.393935551548E1,4.896175750929E-1
5.394042490367E1,4.895651395679E-1
5.400030937841E1,4.878689745116E-1
5.403453136685E1,4.872663849519E-1
5.409546890155E1,4.862148245695E-1
5.428427661794E1,4.832643277840E-1
5.432060787379E1,4.826484705292E-1
5.438558963607E1,4.815217606240E-1
5.442168164782E1,4.808743185379E-1
5.445369085403E1,4.802784240557E-1
5.450989769316E1,4.792749965277E-1
5.454717099360E1,4.786029067437E-1
5.459723967434E1,4.777051759403E-1
5.466995684835E1,4.763765629813E-1
5.470598517226E1,4.757408981309E-1
5.475451224782E1,4.748709511906E-1
5.481760471135E1,4.737827353514E-1
5.487466788530E1,4.727767389838E-1
5.491969013314E1,4.719630365382E-1
5.496766038287E1,4.711005517037E-1
5.503227620051E1,4.700045277159E-1
5.510781962313E1,4.687450489606E-1
5.518627394640E1,4.673897559181E-1
5.526643257030E1,4.660125030774E-1
5.531174789605E1,4.652087942497E-1
5.535097345230E1,4.645019343199E-1
5.539284158268E1,4.637560014301E-1
5.543685609796E1,4.629369949121E-1
5.548088223580E1,4.621438906785E-1
5.551871896812E1,4.614405783657E-1
5.555654828202E1,4.607684745265E-1
5.559320091330E1,4.601212148567E-1
5.564181866557E1,4.592569588888E-1
5.569214278380E1,4.583367912541E-1
5.573989646676E1,4.574517126865E-1
5.578167496062E1,4.566033374423E-1
5.583563224842E1,4.554335633829E-1
5.587261362202E1,4.545503578971E-1
5.590079929156E1,4.538337004501E-1
5.592603560943E1,4.531738731408E-1
5.595572819275E1,4.523843763616E-1
5.671877641057E1,4.417097363015E-1
5.676617643839E1,4.408403505419E-1
5.682558693442E1,4.397567022656E-1
5.689018771560E1,4.384473987720E-1
5.692330274571E1,4.377690254212E-1
5.697319900648E1,4.367005931643E-1
5.700993898734E1,4.358896223556E-1
5.707082030982E1,4.345875230246E-1
5.712232935145E1,4.336752589582E-1
5.719744617874E1,4.324469142736E-1
5.726301320272E1,4.313893102611E-1
5.733455720950E1,4.302612432820E-1
5.737854892743E1,4.295456538481E-1
5.743646876970E1,4.286290361831E-1
5.748012816352E1,4.279083151569E-1
5.755929885649E1,4.265929871902E-1
5.760164462802E1,4.258707318556E-1
5.763980880699E1,4.252516044075E-1
5.768719611644E1,4.244518291278E-1
5.773321011959E1,4.237080783591E-1
5.778931873385E1,4.227517791076E-1
5.786098099243E1,4.215251779097E-1
5.789625447827E1,4.209268868526E-1
5.797495095669E1,4.196021033815E-1
5.802649457907E1,4.187352115917E-1
5.808200927955E1,4.177814598564E-1
5.811875129671E1,4.171505972260E-1
5.817462945201E1,4.161530335218E-1
5.821419555202E1,4.154460517095E-1
5.824863632623E1,4.148561359836E-1
5.829878908742E1,4.139792963510E-1
5.835393898999E1,4.129629058046E-1
5.839006811138E1,4.122789393170E-1
5.842568990003E1,4.116352679606E-1
5.848852023934E1,4.105254291506E-1
5.852386385822E1,4.099169100369E-1
5.859901989248E1,4.085538045273E-1
5.867307603039E1,4.071893724114E-1
5.872466430275E1,4.062773483502E-1
5.969516886064E1,3.916154332744E-1
5.972732779137E1,3.908070157405E-1
5.974157196553E1,3.904754008309E-1
5.980731754645E1,3.889694944931E-1
5.984459401852E1,3.882630653323E-1
5.988843977692E1,3.875297071911E-1
5.998689394204E1,3.859818430016E-1
6.003695477419E1,3.852018342044E-1
6.008240197869E1,3.844997952346E-1
6.012391390969E1,3.838231040525E-1
6.016909177604E1,3.830698185531E-1
6.020505477001E1,3.823832723431E-1
6.027640743109E1,3.809318235023E-1
6.035288574316E1,3.792067626745E-1
6.040266451014E1,3.777608719605E-1
6.046325791717E1,3.758498293797E-1
6.048495857760E1,3.751018533089E-1
6.082753598667E1,3.732714460582E-1
6.090134654158E1,3.720403633554E-1
6.099457186127E1,3.705799719602E-1
6.103866333486E1,3.699389964840E-1
6.108562851094E1,3.692689022863E-1
6.114847077871E1,3.683838300855E-1
6.121066502941E1,3.674829624239E-1
6.130441327614E1,3.661536426119E-1
6.134615277269E1,3.655493876822E-1
6.138533090622E1,3.649716614786E-1
6.143183866616E1,3.642661755732E-1
6.148356397099E1,3.633832972078E-1
6.155989556891E1,3.620396130912E-1
6.160446992781E1,3.612589382508E-1
6.165724319697E1,3.603144326259E-1
6.173231453047E1,3.590127055142E-1
6.179584202723E1,3.579826899949E-1
6.190178200465E1,3.563190358685E-1
6.197823176433E1,3.551994431830E-1
6.207147876211E1,3.538184937121E-1
6.211504783978E1,3.531672949540E-1
6.215580902038E1,3.525108290445E-1
6.287482852939E1,3.403305069340E-1
6.289980850921E1,3.396717256325E-1
6.293794535459E1,3.386254699384E-1
6.298900240437E1,3.374618759227E-1
6.302218139463E1,3.366615319417E-1
6.305472720885E1,3.359498698310E-1
6.308591613194E1,3.352717304080E-1
6.311324229372E1,3.346569727253E-1
6.317022887385E1,3.335573060569E-1
6.326550909214E1,3.318227602595E-1
6.329876193972E1,3.312331749706E-1
6.336612710821E1,3.300731889203E-1
6.344399193090E1,3.288536104077E-1
6.352678467585E1,3.275867212872E-1
6.360187158185E1,3.264181197887E-1
6.366286581970E1,3.253907009780E-1
6.372420635431E1,3.243596131019E-1
6.378559743085E1,3.233454687542E-1
6.386715335363E1,3.219518406890E-1
6.394350549394E1,3.206273782647E-1
6.398868329495E1,3.198516338715E-1
6.402919117526E1,3.191443776184E-1
6.406629653567E1,3.185249598050E-1
6.410143118192E1,3.179323665662E-1
6.415385798189E1,3.170632441108E-1
6.420516371447E1,3.162598967509E-1
6.424519728621E1,3.156433603538E-1
6.431615861561E1,3.145647839419E-1
6.436444789646E1,3.138496209676E-1
6.442359759496E1,3.129867489397E-1
6.446477231205E1,3.123572359717E-1
6.450888159306E1,3.116291812435E-1
6.456899037513E1,3.105768295103E-1
6.462656077020E1,3.094854128177E-1
6.466138641439E1,3.088741744717E-1
6.469813908235E1,3.082162344948E-1
6.476631938727E1,3.070453355766E-1
6.481994890878E1,3.061282583060E-1
6.485541231654E1,3.055398191960E-1
6.543735649090E1,2.927992115432E-1
6.550439700325E1,2.912416289890E-1
6.557029274617E1,2.898862069185E-1
6.562822376832E1,2.888005932498E-1
6.570517270190E1,2.873705812434E-1
6.574130246771E1,2.867077405936E-1
6.579311929792E1,2.857808553864E-1
6.587248989198E1,2.843739996258E-1
6.596229427551E1,2.828286813776E-1
6.600341942843E1,2.821291304058E-1
6.604780708016E1,2.813417257412E-1
6.615689221522E1,2.793949948598E-1
6.621870374197E1,2.783107571592E-1
6.627121748193E1,2.773906432956E-1
6.632734657906E1,2.764263630272E-1
6.639147304465E1,2.753372614034E-1
6.645211863325E1,2.742636478401E-1
6.651073181508E1,2.732184571988E-1
6.657905400618E1,2.719629021456E-1
6.663626359799E1,2.709211079286E-1
6.667689774120E1,2.701834647459E-1
6.670849313640E1,2.695638265578E-1
6.674751325122E1,2.688247373972E-1
6.678248639120E1,2.681329973371E-1
6.682928203122E1,2.672115190966E-1
6.693883796933E1,2.650173612957E-1
6.699811870475E1,2.638926646777E-1
6.704939395441E1,2.629442126803E-1
6.708197924784E1,2.623469395171E-1
6.711924565909E1,2.616779872338E-1
6.715466467600E1,2.610175349044E-1
6.721429149085E1,2.599497230245E-1
6.729111936973E1,2.585518689662E-1
6.734648674857E1,2.574254038338E-1
6.739112046592E1,2.563670338708E-1
6.741917467201E1,2.556531445578E-1
6.745200976061E1,2.547857048695E-1
6.753173852563E1,2.526207603163E-1
6.756934626449E1,2.515225981557E-1
6.821698635017E1,2.404201697338E-1
6.825132771779E1,2.396046400858E-1
6.827965919149E1,2.389761608299E-1
6.834155378159E1,2.375650459362E-1
6.837847138799E1,2.368013444872E-1
6.841091246195E1,2.361422268922E-1
6.845586500907E1,2.352980821315E-1
6.848965667407E1,2.346611621945E-1
6.854082464369E1,2.336946416156E-1
6.859119637926E1,2.327639408924E-1
6.862521895623E1,2.321420816381E-1
6.867972085298E1,2.311566869750E-1
6.871397365653E1,2.305529140900E-1
6.877771402438E1,2.294291647807E-1
6.883838568220E1,2.283222265465E-1
6.889973059302E1,2.271655972196E-1
6.893563749102E1,2.264598939117E-1
6.899576328495E1,2.252586289201E-1
6.904190784630E1,2.242628523950E-1
6.907557784314E1,2.235616108190E-1
6.911166213175E1,2.227844886325E-1
6.960510646891E1,2.210831090530E-1
6.965216757217E1,2.195962018958E-1
6.967424871738E1,2.188999422540E-1
6.969606827068E1,2.181902225178E-1
6.971638076959E1,2.175595519024E-1
6.975415051259E1,2.163734409197E-1
6.978895552403E1,2.152990172067E-1
6.983283717754E1,2.139560149986E-1
6.987225968760E1,2.128801532382E-1
6.990947237430E1,2.119552506885E-1
6.995558239215E1,2.109019942038E-1
7.013492014104E1,2.078268438646E-1
7.023501351879E1,2.061836863284E-1
7.030860370443E1,2.049799348344E-1
7.036152617145E1,2.041054123343E-1
7.128833300817E1,1.902245133464E-1
7.132282956532E1,1.894780582955E-1
7.139191284899E1,1.879556079441E-1
7.142918285384E1,1.871931727319E-1
7.154996098640E1,1.847796403095E-1
7.155041964381E1,1.847815394565E-1
7.159107359963E1,1.840184188927E-1
7.159131192468E1,1.840203951004E-1
7.162880796112E1,1.833593852603E-1
7.168058059848E1,1.824567022580E-1
7.171594679934E1,1.818445141710E-1
7.187163026931E1,1.791035980722E-1
7.191862895687E1,1.782041174224E-1
7.197615199099E1,1.771039434443E-1
7.203120571901E1,1.760540245484E-1
7.206611537523E1,1.753840408178E-1
7.217125423433E1,1.734233016436E-1
7.227132505696E1,1.717054221714E-1
7.233783960032E1,1.705600679488E-1
7.237752652830E1,1.698929333873E-1
7.243579175506E1,1.688798384632E-1
7.251441235347E1,1.674204639236E-1
7.259381266212E1,1.659820214199E-1
7.265659355356E1,1.648615880441E-1
7.270865951771E1,1.639745831495E-1
7.275861091924E1,1.631064498511E-1
7.279707402311E1,1.624135295795E-1
7.285570867744E1,1.613321016795E-1
7.289022266947E1,1.606959902627E-1
7.290231236071E1,1.604805055500E-1
7.293674358285E1,1.598545068876E-1
7.298562428593E1,1.590053499991E-1
7.310160786029E1,1.569841923675E-1
7.314031858796E1,1.562689035049E-1
7.317636021026E1,1.556017908630E-1
7.387117437493E1,1.430590683281E-1
7.391167310380E1,1.421971931565E-1
7.399278672330E1,1.405074755041E-1
7.406285138839E1,1.391790103089E-1
7.412777795797E1,1.379833759672E-1
7.420881962202E1,1.364780796376E-1
7.430171267496E1,1.347800927162E-1
7.436393285444E1,1.336597648048E-1
7.440332854353E1,1.329719141640E-1
7.443927314864E1,1.323413141769E-1
7.449915095945E1,1.312823651614E-1
7.459637848714E1,1.295454628169E-1
7.465156501534E1,1.285254818887E-1
7.476071849620E1,1.264281272139E-1
7.480024191107E1,1.256895605297E-1
7.485600466861E1,1.247085976728E-1
7.490075755520E1,1.239407596505E-1
7.495453460699E1,1.230950338788E-1
7.500097036514E1,1.223422796019E-1
7.508114102154E1,1.210124278544E-1
7.515015243726E1,1.198120863050E-1
7.524309319473E1,1.181725911671E-1
7.527885604173E1,1.175108600480E-1
7.535914229690E1,1.160587489305E-1
7.539794009897E1,1.154105040011E-1
7.556071881204E1,1.128148041122E-1
7.559381262326E1,1.121821860068E-1
7.563939230376E1,1.112467026451E-1
7.573683073546E1,1.092552695145E-1
7.579056315785E1,1.081930035173E-1
7.583420021278E1,1.073041797329E-1
7.586971631457E1,1.065585975202E-1
7.590965927175E1,1.057395942357E-1
7.594742114480E1,1.050031761517E-1
7.598340899569E1,1.043281497441E-1
7.688924813848E1,8.940062563110E-2
7.700155131913E1,8.757449344695E-2
7.712649325816E1,8.548553972129E-2
7.716733772157E1,8.477907141948E-2
7.721871327393E1,8.386913085390E-2
7.725494772897E1,8.324603727247E-2
7.734442541474E1,8.170471875781E-2
7.744667238695E1,8.012680252490E-2
7.754691793659E1,7.866350777301E-2
7.758188926221E1,7.817471013343E-2
7.763837979577E1,7.735682412651E-2
7.768010823784E1,7.673996006070E-2
7.772650715637E1,7.602599233136E-2
7.777471179249E1,7.525610520072E-2
7.782003718605E1,7.451204662727E-2
7.785732168803E1,7.389070429382E-2
7.791520885010E1,7.286546251977E-2
7.795686607349E1,7.208184646947E-2
7.799845408816E1,7.130930771317E-2
7.803402741258E1,7.067148286069E-2
7.808633514859E1,6.976656672106E-2
7.813296787209E1,6.902777279896E-2
7.818039996259E1,6.829761241023E-2
7.824198270841E1,6.735023088198E-2
7.830090406615E1,6.644209306380E-2
7.839132113161E1,6.503978027218E-2
7.845455599299E1,6.400731522041E-2
7.850713369655E1,6.311048682013E-2
7.854270440687E1,6.246414051639E-2
7.862292708418E1,6.099717356144E-2
7.866589152195E1,6.021020806676E-2
7.870436035818E1,5.952720907472E-2
7.874111410705E1,5.886905877089E-2
7.883085405744E1,5.730046265538E-2
7.896142035276E1,5.510846591220E-2
7.992454848824E1,4.165575339207E-2
7.997685185698E1,4.088437911484E-2
8.007683124772E1,3.941222765479E-2
8.015413613409E1,3.827824181868E-2
8.020404252176E1,3.747939002963E-2
8.027148607209E1,3.633692081890E-2
8.031511809248E1,3.557152580110E-2
8.039016474365E1,3.424119730026E-2
8.042723095537E1,3.358571942665E-2
8.086847558685E1,3.013588810522E-2
8.093827994088E1,2.959194299912E-2
8.104295500261E1,2.881226413835E-2
8.116431361537E1,2.794563142747E-2
8.128657264698E1,2.709652439278E-2
8.144735695296E1,2.595940219017E-2
8.152892500534E1,2.534393067728E-2
8.165785584273E1,2.435644132603E-2
8.175384515620E1,2.362893866784E-2
8.205113633750E1,2.152575356700E-2
8.214424297367E1,2.098437005366E-2
8.223713389431E1,2.045369816897E-2
8.231764099407E1,2.001401280624E-2
8.240265786939E1,1.954417378748E-2
8.255724100704E1,1.864170133600E-2
8.277995525775E1,1.729428496443E-2
8.285523809210E1,1.684054369958E-2
8.291985036112E1,1.645063734631E-2
8.303220470416E1,1.578115242418E-2
8.312281014241E1,1.525235763918E-2
8.322224584040E1,1.473349042232E-2
8.353211180869E1,1.321314333584E-2
8.360840429457E1,1.288633869252E-2
8.388372131084E1,1.178584435519E-2
8.392882705529E1,1.161979608749E-2
8.395478692770E1,1.151489210411E-2
8.402922015539E1,1.128423117488E-2
8.403126156572E1,1.127991344501E-2
8.414884554133E1,1.094225481074E-2
8.432419220999E1,1.052462953946E-2
8.448152677738E1,1.012278987611E-2
8.463237094633E1,9.731701222076E-3
8.473099050270E1,9.498035690590E-3
8.499355301657E1,8.904283472255E-3
8.507279528168E1,8.744947560055E-3
8.517103294796E1,8.536971209662E-3
8.524885258054E1,8.381512267963E-3
8.539295536258E1,8.092873519541E-3
8.547085418386E1,7.950750508590E-3
8.557403757779E1,7.756909472367E-3
8.720496317662E1,4.091859167932E-3
8.831926011223E1,1.983677804833E-3
8.994689458250E1,5.858739721621E-4
