2.008148903398E2,-3.148766216168E-4
2.010470854766E2,3.474435055555E-2
2.011318700331E2,-4.605737568616E-4
2.013054620719E2,3.553015527085E-2
2.014365444692E2,-5.035696520595E-4
2.016725764391E2,3.680367862463E-2
2.017490317451E2,-5.052212761391E-4
2.019429609586E2,3.757372901935E-2
2.021263748707E2,-5.072156901221E-4
2.024388621466E2,-5.088673142018E-4
2.024490258095E2,3.835409542806E-2
2.026942579372E2,3.872329862074E-2
2.027434881073E2,-5.104773879902E-4
2.029366443316E2,3.928486119540E-2
2.030382874242E2,-5.120355239144E-4
2.033038898130E2,4.044644575603E-2
2.033134334533E2,-5.134897841103E-4
2.035640855856E2,4.121497340952E-2
2.035885794823E2,-5.149440443063E-4
2.038574614203E2,4.180727281218E-2
2.038637255114E2,-5.163983045022E-4
2.040953776189E2,4.220804653176E-2
2.041388715405E2,-5.178525646981E-4
2.043405020236E2,4.266921821646E-2
2.044140175695E2,-5.193068248941E-4
2.045827893128E2,4.331539180378E-2
2.046891635986E2,-5.207610850900E-4
2.049069491620E2,4.437107967613E-2
2.049643096277E2,-5.222153452860E-4
2.052394556568E2,-5.236696054819E-4
2.052540700484E2,4.563219449708E-2
2.055080536369E2,4.656506224749E-2
2.055146016858E2,-5.251238656778E-4
2.057897477149E2,-5.265781258738E-4
2.060648937440E2,-5.280323860697E-4
2.060977196283E2,4.866083755059E-2
2.063400397730E2,-5.294866462656E-4
2.063500005320E2,4.959941631159E-2
2.066039841206E2,5.053228406201E-2
2.066151858021E2,-5.309409064616E-4
2.068903318312E2,-5.323951666575E-4
2.071654778603E2,-5.338494268535E-4
2.071936501119E2,5.262805936510E-2
2.074406238893E2,-5.353036870494E-4
2.074459310157E2,5.356663812611E-2
2.076999146042E2,5.449950587653E-2
2.077157699184E2,-5.367579472453E-4
2.079909159475E2,-5.382122074413E-4
2.082660619765E2,-5.396664676372E-4
2.082895805956E2,5.659528117962E-2
2.085412080056E2,-5.411207278331E-4
2.086920415858E2,5.807441086874E-2
2.088163540347E2,-5.425749880291E-4
2.089420939543E2,5.896032409339E-2
2.090914515884E2,-5.026434268156E-4
2.092255715219E2,6.002679911912E-2
2.095497536099E2,-2.705475391558E-4
2.096139617368E2,6.180470185261E-2
2.100291325623E2,2.967854371369E-4
2.100931460114E2,6.434324286927E-2
2.104876366904E2,9.410518206188E-4
2.105709161911E2,6.697047471401E-2
2.107402045430E2,1.301329989740E-3
2.108441144348E2,6.856979813395E-2
2.110144151868E2,1.640854732676E-3
2.113826803922E2,7.169983290432E-2
2.115645003749E2,2.272167655454E-3
2.116127575547E2,7.310135460607E-2
2.118280644102E2,7.441385127871E-2
2.120357483970E2,7.562571663829E-2
2.121146872982E2,2.816624101092E-3
2.123834793924E2,3.036690847155E-3
2.125755196905E2,7.873229918963E-2
2.126375193744E2,3.188516535949E-3
2.130441429198E2,8.157163113288E-2
2.131190782931E2,3.380107222552E-3
2.133655821915E2,8.352264111170E-2
2.134645678112E2,3.447257110012E-3
2.137886323832E2,3.628823226737E-3
2.138870740259E2,8.653423201462E-2
2.141085723964E2,3.975953404245E-3
2.144389141787E2,9.010348081080E-2
2.144705276486E2,4.527187961496E-3
2.146303803448E2,9.149184137908E-2
2.148030228754E2,5.137850956086E-3
2.148484606844E2,9.315941384557E-2
2.150389231160E2,5.595114292970E-3
2.152202886716E2,9.641758901485E-2
2.153309828833E2,6.119133550253E-3
2.154136106651E2,9.822921318045E-2
2.156320004197E2,1.002462949634E-1
2.157108635101E2,6.806385568480E-3
2.158295534534E2,1.020542598529E-1
2.160132992456E2,7.370551726829E-3
2.160133819066E2,1.037799859916E-1
2.163036130391E2,8.037963348790E-3
2.163587563823E2,1.072195673654E-1
2.165689043385E2,1.090527240186E-1
2.166459623084E2,8.923686149040E-3
2.168690224368E2,9.589191016388E-3
2.171732782558E2,1.143326926619E-1
2.173467534920E2,1.161196321903E-1
2.173560105192E2,1.105141526998E-2
2.176917939592E2,1.185745330584E-2
2.180284912817E2,1.213471643660E-1
2.180656224687E2,1.283638105460E-2
2.182861409448E2,1.232329843543E-1
2.183432662243E2,1.364812024160E-2
2.186813015740E2,1.450494611138E-2
2.186865772606E2,1.271920576950E-1
2.188581730387E2,1.289056955844E-1
2.189783429446E2,1.512471141077E-2
2.193153230399E2,1.583844077034E-2
2.193223376909E2,1.330657761539E-1
2.194788196429E2,1.345828796458E-1
2.195671289469E2,1.644924836554E-2
2.198271612268E2,1.387122376028E-1
2.199769044895E2,1.407782161917E-1
2.201000404217E2,1.933810385443E-2
2.201839525570E2,1.436297996038E-1
2.203136965838E2,1.453005890439E-1
2.204422548220E2,2.227341613121E-2
2.204577821624E2,1.472634262482E-1
2.205896975171E2,1.490676413070E-1
2.206722303185E2,2.433204798333E-2
2.207150798161E2,1.506711435714E-1
2.209534391059E2,1.537113079659E-1
2.211121660159E2,1.558487039366E-1
2.211940694759E2,2.953015470435E-2
2.213107566372E2,1.584832298705E-1
2.214648253438E2,1.606673005244E-1
2.216006556965E2,1.622834393235E-1
2.216861841146E2,3.399808155045E-2
2.219581608086E2,3.610819470009E-2
2.220121171513E2,1.655921097959E-1
2.222562860532E2,3.879017727713E-2
2.225800588498E2,4.176875222961E-2
2.227301962108E2,4.315930197887E-2
2.229008363321E2,4.466966953373E-2
2.232233219931E2,4.765340149292E-2
2.236723698414E2,5.131187694280E-2
2.241803889270E2,5.616366490264E-2
2.243348262814E2,5.786031372438E-2
2.244158921064E2,1.997776768956E-1
2.246035955639E2,2.027671438090E-1
2.246919810963E2,2.043310932497E-1
2.247085323086E2,6.184198285149E-2
2.247179759973E2,2.045098006198E-1
2.248213932873E2,2.062640019811E-1
2.248396905719E2,6.344726454559E-2
2.249623360305E2,2.087251069475E-1
2.249852049772E2,6.550218633705E-2
2.251050688987E2,2.110052884102E-1
2.251080265869E2,2.110817375361E-1
2.251796751014E2,6.840284915963E-2
2.251991381916E2,2.126983387074E-1
2.252480607637E2,2.133694220791E-1
2.252859543146E2,2.143213585330E-1
2.253077171716E2,7.023154576897E-2
2.256073849130E2,7.550392811776E-2
2.256326889827E2,2.207806277949E-1
2.256992139807E2,7.758139228442E-2
2.257209206748E2,2.223454763995E-1
2.257736397858E2,7.929160227484E-2
2.257867187403E2,2.232991106969E-1
2.258246122912E2,2.242510471509E-1
2.260049693714E2,8.461657643269E-2
2.260838422294E2,8.667540495269E-2
2.261745968268E2,8.860951233400E-2
2.261845734517E2,2.309904072733E-1
2.262273284170E2,2.316448416158E-1
2.262729403122E2,2.326340559471E-1
2.263591556198E2,2.341526168677E-1
2.263898382795E2,2.349531509783E-1
2.265285322496E2,9.427470503372E-2
2.265292523103E2,2.376205038827E-1
2.265562025611E2,2.381689082946E-1
2.267168123582E2,2.409910207636E-1
2.267229415902E2,2.410958676316E-1
2.267582136613E2,9.801612568544E-2
2.268154597798E2,2.426905682253E-1
2.268661172094E2,2.432448610816E-1
2.269598415860E2,2.447917260084E-1
2.269619367489E2,2.451977951168E-1
2.270690009821E2,2.466190115189E-1
2.270772985774E2,1.038562770098E-1
2.271212240716E2,2.473015973241E-1
2.271545076562E2,2.485948248280E-1
2.272605495851E2,2.504654771501E-1
2.272922660767E2,1.077996096486E-1
2.273228260851E2,2.513622293873E-1
2.273359282769E2,2.513621601368E-1
2.273546753697E2,2.521780912340E-1
2.274878019364E2,2.546600198739E-1
2.275023787439E2,2.546721255932E-1
2.276689400117E2,2.578874948864E-1
2.276820422036E2,2.578874256360E-1
2.276924398492E2,1.137624086182E-1
2.278096457130E2,2.605980531473E-1
2.278614840617E2,2.612919180051E-1
2.278745862535E2,2.612918487546E-1
2.279116459971E2,2.625107533849E-1
2.279174477241E2,1.179050431323E-1
2.280410367205E2,2.646018142111E-1
2.280533604215E2,2.654994216918E-1
2.282075979883E2,2.678171835043E-1
2.282207001801E2,2.678171142538E-1
2.282431945653E2,2.695473061352E-1
2.283844373260E2,1.254967855960E-1
2.284001420382E2,2.712216066230E-1
2.284132442301E2,2.712215373725E-1
2.284822080186E2,1.272798122250E-1
2.284849954975E2,2.735202964846E-1
2.286335228225E2,2.755566343862E-1
2.286407967088E2,1.310139227404E-1
2.286994917415E2,2.770635229156E-1
2.288519399387E2,2.799429016802E-1
2.289587725893E2,1.369445314350E-1
2.290504154851E2,2.841714574182E-1
2.290525140441E2,1.388115461654E-1
2.291902180575E2,1.414488525130E-1
2.291917886072E2,2.860014849834E-1
2.291917886072E2,2.860014849834E-1
2.291917886072E2,2.860014849834E-1
2.292868271592E2,1.430730209393E-1
2.292889966598E2,2.883221062027E-1
2.293910423041E2,2.899889333434E-1
2.294213110827E2,1.452202209700E-1
2.295457976945E2,1.473873389120E-1
2.295945084287E2,2.931981595239E-1
2.296226000840E2,2.944058424977E-1
2.297024048262E2,1.518183354880E-1
2.297249178162E2,2.950621616921E-1
2.298070414809E2,1.542305788070E-1
2.298706019425E2,2.971877109652E-1
2.299935519668E2,2.990680350618E-1
2.301006291220E2,1.594488898765E-1
2.301393501938E2,3.012098662344E-1
2.301635848769E2,3.023490116879E-1
2.302387359864E2,1.637345435335E-1
2.302659026091E2,3.030053308823E-1
2.303433726411E2,1.661467868525E-1
2.304093154638E2,3.050308770441E-1
2.305584666113E2,3.071352344685E-1
2.306361310308E2,1.712900564801E-1
2.307290852650E2,1.746503095616E-1
2.307395933336E2,3.097537863419E-1
2.307597837551E2,1.764233808242E-1
2.308509975130E2,1.794067979727E-1
2.309482733815E2,1.813472668373E-1
2.309522569580E2,3.123871491630E-1
2.310103741479E2,3.134791342576E-1
2.310242749237E2,3.132633542041E-1
2.311309749177E2,3.149182128585E-1
2.311334188827E2,1.839604764687E-1
2.312787107872E2,3.170074030560E-1
2.314092718438E2,3.187518043195E-1
2.315476527807E2,1.875588312439E-1
2.316682254935E2,3.214818829457E-1
2.317873415224E2,3.225572780635E-1
2.318865179127E2,3.240170731045E-1
2.319601294476E2,3.247911853287E-1
2.320211799831E2,3.255227959331E-1
2.321564283166E2,3.271261330438E-1
2.322640566380E2,3.285821296201E-1
2.323646471562E2,3.298333564610E-1
2.323928989550E2,3.303817420498E-1
2.325081519365E2,3.319460208419E-1
2.326073625492E2,3.335189649122E-1
2.327415757232E2,3.355494519138E-1
2.328707774872E2,3.373874490697E-1
2.329288533681E2,3.387850282626E-1
2.329726281005E2,2.323991756128E-1
2.330703832631E2,3.408872187383E-1
2.331548305907E2,2.346452704826E-1
2.333222298086E2,3.439786112052E-1
2.333315132940E2,2.380563465724E-1
2.334361138671E2,2.408231085081E-1
2.334425085723E2,3.459644826119E-1
2.334910282902E2,3.464646958929E-1
2.335114574720E2,2.430547717690E-1
2.335992166397E2,2.452454854866E-1
2.336286861209E2,3.489274575197E-1
2.336362950337E2,3.487043652313E-1
2.336876426249E2,2.472673091310E-1
2.337988766492E2,2.496650105361E-1
2.338017267972E2,3.511012916741E-1
2.338249312525E2,3.519346671457E-1
2.339281458380E2,2.526052775260E-1
2.339668186562E2,3.535926578317E-1
2.339813636923E2,3.542409760334E-1
2.340350752819E2,2.550585479191E-1
2.340952220631E2,3.558942051003E-1
2.341293220533E2,2.570729355888E-1
2.341544242809E2,3.564763321208E-1
2.342187248974E2,2.590230190904E-1
2.343103395488E2,2.612677226829E-1
2.344029829155E2,2.638442745461E-1
2.344152869165E2,3.602410397872E-1
2.344674997050E2,2.658559241531E-1
2.345041395214E2,3.619699612588E-1
2.345214715560E2,2.676501169965E-1
2.345914321629E2,2.693987931790E-1
2.346251561875E2,3.641492570141E-1
2.346683022881E2,2.711527168171E-1
2.347002273880E2,3.652540847424E-1
2.347579781291E2,2.730862446496E-1
2.348692121534E2,2.754839460548E-1
2.348833631823E2,3.690004811858E-1
2.348833631823E2,3.690004811858E-1
2.349679627862E2,3.710159231312E-1
2.350055544329E2,2.784756776972E-1
2.350736358933E2,3.732565392733E-1
2.350766062775E2,2.801145646889E-1
2.351622100343E2,2.819760685234E-1
2.351751057674E2,3.753683222108E-1
2.352618387073E2,3.770115145053E-1
2.353054827678E2,2.851024834039E-1
2.353369216226E2,3.781607166944E-1
2.353444999340E2,3.782158573935E-1
2.356016804236E2,3.830021195022E-1
2.356553925563E2,2.931630510801E-1
2.356643399102E2,3.848133652952E-1
2.357188942564E2,3.868972222797E-1
2.357500786957E2,2.958098440630E-1
2.357737684587E2,3.888800282025E-1
2.358293076537E2,2.982911507573E-1
2.358603446308E2,3.911977140703E-1
2.358767457773E2,3.915691515145E-1
2.358977907061E2,3.001096554456E-1
2.359636539260E2,3.930462455071E-1
2.359827822624E2,3.018603799867E-1
2.359875451691E2,3.937324397315E-1
2.361413330464E2,3.044951252651E-1
2.361589819066E2,3.961511772766E-1
2.362137886521E2,3.970858396119E-1
2.362383031162E2,3.062725366192E-1
2.363441912972E2,3.987400713448E-1
2.363704415121E2,3.105862063470E-1
2.364301148654E2,3.124274876862E-1
2.365062179173E2,4.009254262605E-1
2.365887232395E2,4.017408627099E-1
2.367518105130E2,3.188930505432E-1
2.367546611707E2,4.047659811367E-1
2.367989348432E2,4.076677949316E-1
2.368403450765E2,3.209973086090E-1
2.369047106238E2,3.229154926468E-1
2.369217164830E2,4.111872182199E-1
2.370356118936E2,4.130754121395E-1
2.370390631620E2,3.256840202968E-1
2.371541362513E2,4.146259842413E-1
2.371884947066E2,4.149850969169E-1
2.372340552341E2,4.166002624346E-1
2.373077536223E2,3.304327433623E-1
2.373637357463E2,4.199833934073E-1
2.374191489838E2,3.335973226182E-1
2.374652537718E2,3.353871425821E-1
2.374721561216E2,4.223685279942E-1
2.375002144563E2,4.235354526329E-1
2.375161248707E2,3.371968024253E-1
2.375823339903E2,3.388220512072E-1
2.376867632608E2,3.407065789045E-1
2.377366863975E2,4.267228620426E-1
2.378448030255E2,3.433670325155E-1
2.378804755874E2,4.303638168048E-1
2.379258010095E2,3.451213523721E-1
2.379739710352E2,4.331781143828E-1
2.379808636095E2,3.468947284235E-1
2.380283687693E2,3.486339849049E-1
2.380808369286E2,4.352389806792E-1
2.380994668000E2,3.507383607239E-1
2.382004385477E2,3.526229066957E-1
2.382531742718E2,4.381912434091E-1
2.382940789388E2,4.374368066381E-1
2.383627911172E2,3.552833375117E-1
2.383827326129E2,4.409145887897E-1
2.384542522340E2,3.572399314962E-1
2.384808570490E2,4.431421991201E-1
2.385408392900E2,3.602583209093E-1
2.385622756239E2,4.448365076842E-1
2.385978771254E2,3.620776047906E-1
2.386632186518E2,3.637133687778E-1
2.387473481091E2,4.476460527934E-1
2.388977315738E2,4.506034226100E-1
2.389144202868E2,3.681678869265E-1
2.390161406706E2,4.539136419849E-1
2.390258156483E2,3.713324661824E-1
2.390668251395E2,3.731223130770E-1
2.391102065290E2,3.749099402050E-1
2.391622918967E2,4.573091135166E-1
2.391698023042E2,3.765572962426E-1
2.392707740519E2,3.784418422143E-1
2.393910920384E2,4.600551174461E-1
2.394331266214E2,3.811022730304E-1
2.394986494687E2,4.627024368369E-1
2.395296830350E2,3.830588400841E-1
2.396138987582E2,4.644783326441E-1
2.396321693293E2,3.863691436176E-1
2.396883710997E2,4.656268023169E-1
2.396955205390E2,3.885622437358E-1
2.397693259116E2,3.904884401346E-1
2.398532502732E2,4.677614260267E-1
2.398627660549E2,3.925916771235E-1
2.399488497028E2,4.691756173146E-1
2.399979239153E2,3.955539220801E-1
2.400159546351E2,4.699350819070E-1
2.401222152347E2,4.714523851481E-1
2.401334896440E2,3.983424851586E-1
2.401368805255E2,4.715626691432E-1
2.402591383702E2,4.006729033236E-1
2.402706735792E2,4.733131626219E-1
2.402840685371E2,4.735253406513E-1
2.404114718686E2,4.036607988712E-1
2.404847703039E2,4.055877724645E-1
2.405266196034E2,4.077046528533E-1
2.405858419261E2,4.113021249734E-1
2.405941274928E2,4.771139587650E-1
2.406518521429E2,4.135632673004E-1
2.407334202508E2,4.152876026009E-1
2.407550515633E2,4.789059308992E-1
2.408911191982E2,4.182610618801E-1
2.408914271359E2,4.803761220612E-1
2.409875161573E2,4.205416076860E-1
2.410433125955E2,4.223579300730E-1
2.410962051161E2,4.243993383973E-1
2.411798481031E2,4.271036729151E-1
2.412894479515E2,4.295880669050E-1
2.414251235421E2,4.321637893533E-1
2.415215205012E2,4.344443351592E-1
2.415773169395E2,4.362606575462E-1
2.416350090573E2,4.383369883132E-1
2.417505765297E2,4.419417039956E-1
2.418320213217E2,4.437604450205E-1
2.420020850867E2,4.471549033310E-1
2.420888626585E2,4.491095513287E-1
2.423299913018E2,5.071643703743E-1
2.423744570492E2,4.555646916586E-1
2.424706680965E2,4.590921395426E-1
2.425215114200E2,4.609957071424E-1
2.425804517533E2,4.629554828719E-1
2.426400831810E2,4.646267766575E-1
2.427435909583E2,4.673477443436E-1
2.428200039754E2,4.696731304038E-1
2.428747195535E2,4.723020727355E-1
2.460822703114E2,5.536561659398E-1
2.492365124421E2,6.107219469010E-1
2.520358155213E2,6.903510390668E-1
2.524056126318E2,6.551026599021E-1
2.550540145255E2,7.005210032995E-1
2.551915924222E2,7.021520498571E-1
2.553426178629E2,7.040195142828E-1
2.555618998715E2,7.065487869876E-1
2.560049669017E2,7.118177837571E-1
2.561967712987E2,7.141835644815E-1
2.564359516553E2,7.171832136311E-1
2.566856996360E2,7.205134316085E-1
2.568917814345E2,7.227885484670E-1
2.573269709622E2,7.268479459239E-1
2.575001759485E2,7.289355234507E-1
2.576258271457E2,7.307236025824E-1
2.577395367891E2,7.322199765955E-1
2.580624448781E2,7.361853719284E-1
2.582129269526E2,7.379030628949E-1
2.583541058399E2,7.395778408744E-1
2.584640118235E2,7.412299235462E-1
2.587873849294E2,7.457770792236E-1
2.589721446477E2,7.481370506497E-1
2.591533777850E2,7.500122383801E-1
2.594785930693E2,7.534061065707E-1
2.596997320297E2,7.558880716719E-1
2.599099855063E2,7.584351287671E-1
2.603557467266E2,7.637809702034E-1
2.605007139617E2,7.654374002668E-1
2.607131488286E2,7.677999844561E-1
2.610440255709E2,7.713940500294E-1
2.612564604378E2,7.737566342186E-1
2.615441536161E2,7.768856360376E-1
2.618895964111E2,7.806153907761E-1
2.620376637247E2,7.820854678879E-1
2.622199480791E2,7.837305212375E-1
2.624244489948E2,7.856269356845E-1
2.626139562378E2,7.876390461962E-1
2.627550512661E2,7.895319012095E-1
2.628831496106E2,7.912748233568E-1
2.630514472189E2,7.931942240597E-1
2.634602380287E2,7.975245408855E-1
2.636451566996E2,7.998469658657E-1
2.637973095338E2,8.017606994263E-1
2.640064018346E2,8.044019058616E-1
2.642787639653E2,8.075112812995E-1
2.645495786362E2,8.104736476228E-1
2.648908908915E2,8.147158646804E-1
2.650936136821E2,8.174905523272E-1
2.652039736334E2,8.190129578286E-1
2.653622406698E2,8.210844811045E-1
2.655963647048E2,8.240985493616E-1
2.659401938271E2,8.281000957564E-1
2.662141206874E2,8.311493015699E-1
2.664250439120E2,8.339620934517E-1
2.665692501389E2,8.360224829021E-1
2.667009456129E2,8.378415477622E-1
2.671400609795E2,8.432590016450E-1
2.672595592711E2,8.447848404893E-1
2.674689867971E2,8.478847999627E-1
2.676287722742E2,8.501548011004E-1
2.678057056104E2,8.524539179891E-1
2.679446453602E2,8.540051423302E-1
2.683897925210E2,8.593128334625E-1
2.685456490199E2,8.613041038774E-1
2.686724142065E2,8.629401598184E-1
2.688261606632E2,8.651228538051E-1
2.689491106875E2,8.670031779018E-1
2.690949089144E2,8.691450090744E-1
2.692503178672E2,8.714397739094E-1
2.694433840369E2,8.744520364771E-1
2.696073902503E2,8.771688217513E-1
2.699083527161E2,8.818679414876E-1
2.700084556615E2,8.835021422275E-1
2.701698857156E2,8.864041907905E-1
2.702984557053E2,8.884346885085E-1
2.705447391131E2,8.921399240022E-1
2.706810244341E2,8.940542057477E-1
2.707957473661E2,8.958040774148E-1
2.709729783254E2,8.985016109097E-1
2.710814045801E2,9.000187713216E-1
2.725613567250E2,9.189990442083E-1
2.725765193706E2,9.169449608435E-1
2.734670532323E2,9.387517344148E-1
2.736914728703E2,9.405476014732E-1
2.739212460915E2,9.424903798941E-1
2.740900139971E2,9.439966122187E-1
2.742664894818E2,9.454476230520E-1
2.744259137657E2,9.467745673124E-1
2.744290423006E2,9.469583223937E-1
2.747111226694E2,9.493562088935E-1
2.749287416538E2,9.511761489669E-1
2.750150717688E2,9.516699801636E-1
2.752291104725E2,9.532328751663E-1
2.754286453589E2,9.548635942557E-1
2.756189171273E2,9.563628153293E-1
2.758612703161E2,9.582251263937E-1
2.760467059422E2,9.596444988875E-1
2.764743553905E2,9.625557823737E-1
2.768290203671E2,9.651363670914E-1
2.771016068982E2,9.673200842017E-1
2.772626836660E2,9.687859372751E-1
2.775396471510E2,9.712411205590E-1
2.775925260369E2,9.716784244483E-1
2.778257353339E2,9.734721297876E-1
2.778840182738E2,9.738477734678E-1
2.780904539711E2,9.754595369680E-1
2.782903880577E2,9.769242190014E-1
2.785838068373E2,9.788975150728E-1
2.787974063820E2,9.800171794772E-1
2.791733779671E2,9.816382356424E-1
2.795552215432E2,9.830513672825E-1
2.797996344376E2,9.839522019512E-1
2.806511871138E2,9.869886336453E-1
2.808956605793E2,9.878377557448E-1
2.811540862591E2,9.887288633015E-1
2.814091366647E2,9.896305566483E-1
2.816617241312E2,9.904994889894E-1
2.819295470369E2,9.912970119173E-1
2.819704724580E2,9.914993878049E-1
2.822854820212E2,9.924391065059E-1
2.823948425495E2,9.926428352306E-1
2.831163013790E2,9.949062612367E-1
2.832159748147E2,9.951726713170E-1
2.834001186768E2,9.958538701071E-1
2.836317675253E2,9.966838685539E-1
2.839524117739E2,9.977997512916E-1
2.841892671320E2,9.985158492101E-1
2.845368749071E2,9.994001228945E-1
2.847639220881E2,1.000007290665E0
2.852501141026E2,1.001550032862E0
2.855368701924E2,1.002449552058E0
2.857849816014E2,1.002970618488E0
2.860619917276E2,1.003315455408E0
2.864649451447E2,1.003879848036E0
2.869314799438E2,1.005644963878E0
2.871205345150E2,1.006195029364E0
2.873750965209E2,1.007314550536E0
2.875752622156E2,1.008194590756E0
2.877868362028E2,1.009016125568E0
2.881737998367E2,1.010215444141E0
2.884580261048E2,1.010897789085E0
2.887563986025E2,1.011282970024E0
2.890588964092E2,1.011525250421E0
2.893484846271E2,1.011777945443E0
2.896233882794E2,1.011983420290E0
2.898983888825E2,1.012106123494E0
2.901734864362E2,1.012146055055E0
2.904486324653E2,1.012144600795E0
2.907237784944E2,1.012143146535E0
2.909989245234E2,1.012141692275E0
2.912740705525E2,1.012140238014E0
2.915492165816E2,1.012138783754E0
2.918243626107E2,1.012137329494E0
2.920995086397E2,1.012135875234E0
2.923746546688E2,1.012134420974E0
2.926498006979E2,1.012132966713E0
2.929249952023E2,1.012090126632E0
2.932002866574E2,1.011964514907E0
2.934756750631E2,1.011756131540E0
2.937511119443E2,1.011506362352E0
2.939347203732E2,1.011353644833E0
2.944011087739E2,1.011113902537E0
2.946906343393E2,1.010853022734E0
2.947511239267E2,1.010812894049E0
2.950078432095E2,1.010463504286E0
2.954193744053E2,1.009622778793E0
2.957446331500E2,1.008679951914E0
2.958970729588E2,1.008275682930E0
2.961415501032E2,1.007376052279E0
2.964159551756E2,1.006961686865E0
2.964647071381E2,1.007172415181E0
2.967227766169E2,1.006822521232E0
2.969919312631E2,1.006754617132E0
2.972243999387E2,1.006831300797E0
2.975857416466E2,1.006496667734E0
2.978332566708E2,1.005897735232E0
2.981852062938E2,1.005042579925E0
2.984123733779E2,1.004395597222E0
2.986609690593E2,1.003625431458E0
2.989537334507E2,1.002611317249E0
2.992646347981E2,1.001428175243E0
2.993993422045E2,1.000956298453E0
2.995337961771E2,1.000262675202E0
2.998136866262E2,9.989791893006E-1
3.001323024316E2,9.974925912055E-1
3.004543698023E2,9.960444634430E-1
3.007308246655E2,9.949255920047E-1
3.009771975507E2,9.937965331708E-1
3.010676131487E2,9.936822449828E-1
3.012832966267E2,9.927279201938E-1
3.014556765091E2,9.917637466282E-1
3.017402530693E2,9.904225326561E-1
3.023633845194E2,9.876582307284E-1
3.026299890781E2,9.863265713035E-1
3.027966384094E2,9.857847220337E-1
3.032091805181E2,9.835565893934E-1
3.034679176446E2,9.821835859859E-1
3.038133765770E2,9.801794870339E-1
3.039231287861E2,9.794615571515E-1
3.040447332158E2,9.784124801036E-1
3.042086568480E2,9.773079986277E-1
3.043903764930E2,9.759713486089E-1
3.046861791109E2,9.739946295099E-1
3.048481958156E2,9.727004742724E-1
3.050232212239E2,9.714860652972E-1
3.051338003992E2,9.702951531559E-1
3.052222098972E2,9.697379514863E-1
3.056122520037E2,9.663747908366E-1
3.058548728110E2,9.640795657290E-1
3.060591607045E2,9.626311736461E-1
3.063142234003E2,9.608530052688E-1
3.065300356133E2,9.593068035116E-1
3.066719584817E2,9.582024383188E-1
3.069044406717E2,9.565930847354E-1
3.071497391644E2,9.548082674459E-1
3.073778380006E2,9.528513475513E-1
3.075821805814E2,9.512181066931E-1
3.077381400533E2,9.498852020992E-1
3.078368061252E2,9.491939358177E-1
3.081767101877E2,9.464092556363E-1
3.083564839287E2,9.451259441592E-1
3.086897089550E2,9.425204396543E-1
3.092056264571E2,9.381205950525E-1
3.093131378359E2,9.371251966528E-1
3.095062656674E2,9.354170213282E-1
3.097525215481E2,9.334362744575E-1
3.100038872682E2,9.315518369782E-1
3.102207153090E2,9.300083888896E-1
3.105827488835E2,9.266242893457E-1
3.107639849062E2,9.250014114311E-1
3.109191452357E2,9.239679229561E-1
3.111636624676E2,9.216849064205E-1
3.113257673974E2,9.201196752647E-1
3.113698273955E2,9.195195487682E-1
3.116696716102E2,9.166091499569E-1
3.119013932567E2,9.146470377186E-1
3.122336038981E2,9.120297798193E-1
3.124248146838E2,9.102027132413E-1
3.125277439888E2,9.087847136095E-1
3.127668728403E2,9.069073040927E-1
3.128370166571E2,9.057481375282E-1
3.131616398497E2,9.026562995594E-1
3.132462143135E2,9.017611360437E-1
3.133903117131E2,9.005846865366E-1
3.135642861217E2,8.990191392647E-1
3.136884159819E2,8.974996329445E-1
3.138344452502E2,8.959344867551E-1
3.139148263751E2,8.951954887442E-1
3.143064019303E2,8.903370400872E-1
3.144236719154E2,8.887210667062E-1
3.145947571368E2,8.865733413321E-1
3.147200131142E2,8.848975610953E-1
3.148853804617E2,8.829460832528E-1
3.150038479213E2,8.814369204063E-1
3.151924503875E2,8.787605766943E-1
3.152846348501E2,8.770460820924E-1
3.153772860505E2,8.759288271021E-1
3.154999255633E2,8.739416717723E-1
3.156256592228E2,8.720613500933E-1
3.157632596332E2,8.700500368146E-1
3.160131191378E2,8.669106870757E-1
3.161686572112E2,8.650180012166E-1
3.163699941149E2,8.624456811648E-1
3.165098255148E2,8.605494832122E-1
3.166406388451E2,8.588975077585E-1
3.169031709114E2,8.555101538811E-1
3.171327259568E2,8.523461620215E-1
3.171560345160E2,8.519020026804E-1
3.172455123989E2,8.507449411575E-1
3.173837165036E2,8.487936212165E-1
3.175412319547E2,8.464683412408E-1
3.176394273734E2,8.450680704546E-1
3.177498152075E2,8.435490129991E-1
3.178748272374E2,8.417355140103E-1
3.180251988969E2,8.396435549975E-1
3.181639003114E2,8.377451772861E-1
3.183546527359E2,8.350820918681E-1
3.185087354413E2,8.329761317278E-1
3.186013791299E2,8.317752516590E-1
3.187576485916E2,8.295342603008E-1
3.189384727628E2,8.270088209251E-1
3.190658291955E2,8.251271738557E-1
3.192861589553E2,8.220029667847E-1
3.195141255029E2,8.190569908075E-1
3.195622587769E2,8.179232377285E-1
3.196712004143E2,8.161495323220E-1
3.197230578901E2,8.156136107758E-1
3.198524879185E2,8.133916505308E-1
3.200103395736E2,8.106875326001E-1
3.201530232111E2,8.085184256635E-1
3.202206349993E2,8.073770091526E-1
3.205575602049E2,8.028581820389E-1
3.207089829178E2,8.008209610781E-1
3.208093437723E2,7.993543535287E-1
3.208509992297E2,7.988730823263E-1
3.209694892106E2,7.973464573993E-1
3.211110000753E2,7.953629646507E-1
3.212378479209E2,7.935744377910E-1
3.213388253590E2,7.923398617759E-1
3.214735932882E2,7.904375633723E-1
3.216213032705E2,7.883802880374E-1
3.217071074460E2,7.867542624466E-1
3.217674267545E2,7.861975992590E-1
3.219424312569E2,7.833906172039E-1
3.220845961138E2,7.811093599192E-1
3.221957362809E2,7.793462848951E-1
3.222409924515E2,7.788082533012E-1
3.224175982692E2,7.757288177802E-1
3.225341981548E2,7.736934851731E-1
3.225962244454E2,7.721238919527E-1
3.226701832164E2,7.703548324866E-1
3.228156981552E2,7.667670056929E-1
3.229131900400E2,7.641359312731E-1
3.230266728567E2,7.622413775132E-1
3.231591688978E2,7.602067648038E-1
3.235186961713E2,7.553439418053E-1
3.236726531897E2,7.530116158287E-1
3.237643309031E2,7.513526570034E-1
3.239171862705E2,7.487596495924E-1
3.239242439494E2,7.484732994250E-1
3.241426645030E2,7.450858024628E-1
3.242583124886E2,7.434867051124E-1
3.244183348370E2,7.414483100018E-1
3.245989776254E2,7.391620443200E-1
3.247248976530E2,7.375605851189E-1
3.248583356497E2,7.355581800916E-1
3.249627695579E2,7.338767650301E-1
3.250879605856E2,7.320183513062E-1
3.254089247714E2,7.277833546766E-1
3.255880374589E2,7.256149079910E-1
3.258020623554E2,7.231554742084E-1
3.259766792629E2,7.210935501393E-1
3.260526498155E2,7.201799071316E-1
3.261904609651E2,7.182630270742E-1
3.263791918237E2,7.151236241930E-1
3.264836643262E2,7.131405063657E-1
3.265886268749E2,7.113315994703E-1
3.267020642486E2,7.099376858787E-1
3.270789716732E2,7.042020193207E-1
3.272219115042E2,7.018826868031E-1
3.273065117445E2,7.004033954596E-1
3.274808514000E2,6.971410943910E-1
3.275561969093E2,6.960386576800E-1
3.276702498236E2,6.939871701880E-1
3.280852116596E2,6.885901386003E-1
3.283105376386E2,6.854726355021E-1
3.283593140069E2,6.846324925890E-1
3.285317152730E2,6.816925254468E-1
3.286353965333E2,6.801960773829E-1
3.287220793072E2,6.784119192845E-1
3.288645394649E2,6.764039484960E-1
3.289774169589E2,6.746236650934E-1
3.291020104892E2,6.726081637605E-1
3.292589408527E2,6.701120940841E-1
3.293242644790E2,6.691502659940E-1
3.294517613380E2,6.671762710412E-1
3.295723937602E2,6.653257643762E-1
3.296304562981E2,6.645746648140E-1
3.298059492819E2,6.619434546732E-1
3.299752166519E2,6.593392930145E-1
3.301564218149E2,6.559774824968E-1
3.303169781999E2,6.535128132421E-1
3.304259772907E2,6.517225413620E-1
3.305335661531E2,6.501327670069E-1
3.306434017439E2,6.484247303330E-1
3.307542837733E2,6.467077899331E-1
3.309186291095E2,6.439170683944E-1
3.310094135791E2,6.428893665844E-1
3.311017024840E2,6.412806106538E-1
3.312779472780E2,6.380929906072E-1
3.314385036630E2,6.356283213524E-1
3.315475027538E2,6.338380494723E-1
3.316488711529E2,6.321213922617E-1
3.317745524933E2,6.296035659408E-1
3.318607420515E2,6.279587239363E-1
3.320813024241E2,6.243459778609E-1
3.321986927309E2,6.226237178925E-1
3.323033424488E2,6.206224683095E-1
3.323592701219E2,6.191326865098E-1
3.325272462637E2,6.164210441662E-1
3.327191853818E2,6.136963996593E-1
3.328541743914E2,6.118779401953E-1
3.329625000789E2,6.103116137661E-1
3.330577888624E2,6.085653290337E-1
3.331561484608E2,6.064613564588E-1
3.331681201498E2,6.062926783580E-1
3.333427505150E2,6.025816552085E-1
3.334298182707E2,6.008509721025E-1
3.335193013225E2,5.992051327176E-1
3.336227673327E2,5.976551771818E-1
3.340115279782E2,5.916807255240E-1
3.341295430783E2,5.897809641626E-1
3.342908904560E2,5.871600288658E-1
3.344259984260E2,5.847301433298E-1
3.345240617617E2,5.829440737782E-1
3.346234919551E2,5.810333744950E-1
3.347138307307E2,5.793509207619E-1
3.348308963408E2,5.771940388286E-1
3.349118184144E2,5.754876228782E-1
3.350617145115E2,5.721496324096E-1
3.351441395592E2,5.704371123558E-1
3.352401792323E2,5.686356851312E-1
3.353531772281E2,5.668445287429E-1
3.355328637712E2,5.629557007864E-1
3.356635088518E2,5.574507301020E-1
3.380940368084E2,5.169056495021E-1
3.381647461708E2,5.149529281586E-1
3.382224464448E2,5.132315092077E-1
3.382885791195E2,5.114574925893E-1
3.383803116982E2,5.097022597805E-1
3.385295214201E2,5.073521505612E-1
3.387404899683E2,5.036226618927E-1
3.388265788108E2,5.014049378976E-1
3.389702874874E2,4.980863519208E-1
3.392934812635E2,4.925444960474E-1
3.393890536442E2,4.904162660948E-1
3.395235062442E2,4.875448893653E-1
3.398364633750E2,4.823065160502E-1
3.399286393072E2,4.803012953628E-1
3.400198541389E2,4.780368615961E-1
3.401438859012E2,4.753525760819E-1
3.404753431742E2,4.691498870082E-1
3.405578394771E2,4.672324716013E-1
3.406408573746E2,4.655222571673E-1
3.407190453068E2,4.638228201479E-1
3.410819703869E2,4.566127667021E-1
3.412971633852E2,4.528764178309E-1
3.414944014639E2,4.487000316576E-1
3.416075648364E2,4.463282377308E-1
3.417445106981E2,4.437557404439E-1
3.418485186691E2,4.419605899880E-1
3.420984478264E2,4.360825187514E-1
3.422008511739E2,4.338085304593E-1
3.423414715099E2,4.314019063661E-1
3.425888646363E2,4.265646424397E-1
3.427320225298E2,4.238796058130E-1
3.428479924808E2,4.217995338194E-1
3.430285317073E2,4.183267427392E-1
3.432152227062E2,4.144236884246E-1
3.433791841166E2,4.113654318393E-1
3.434732627573E2,4.097120954495E-1
3.436124379511E2,4.064046137772E-1
3.437794756622E2,4.025016633383E-1
3.439434370727E2,3.994434067530E-1
3.440375157134E2,3.977900703632E-1
3.441766909071E2,3.944825886909E-1
3.444242385633E2,3.900318196480E-1
3.445624743973E2,3.877251772898E-1
3.446944612060E2,3.851917487864E-1
3.450389482079E2,3.791235924691E-1
3.451675577281E2,3.771042825038E-1
3.453480401709E2,3.733671317216E-1
3.454430346014E2,3.714371426194E-1
3.455259694445E2,3.697978358928E-1
3.456141819056E2,3.681115976312E-1
3.457157303367E2,3.660781099755E-1
3.458517172650E2,3.631357972222E-1
3.459844890665E2,3.607089816687E-1
3.461912983317E2,3.577138728743E-1
3.463314266892E2,3.552518735536E-1
3.464935808849E2,3.514283697964E-1
3.467170424777E2,3.480006609856E-1
3.468411548907E2,3.460066659680E-1
3.469876961316E2,3.429712784462E-1
3.470786203841E2,3.410905136953E-1
3.472139346209E2,3.386137592602E-1
3.473656320221E2,3.360483925387E-1
3.475415883800E2,3.328233514328E-1
3.476556256659E2,3.306314708091E-1
3.477685065321E2,3.285949301190E-1
3.479059598126E2,3.266499097687E-1
3.480501143240E2,3.248563251684E-1
3.482040770713E2,3.228750240009E-1
3.483058824304E2,3.213149488270E-1
3.484047324411E2,3.195874479347E-1
3.485463860510E2,3.165689928167E-1
3.486299983248E2,3.147157197347E-1
3.487228200807E2,3.127424335852E-1
3.488999044022E2,3.096226354443E-1
3.491026567344E2,3.053604182344E-1
3.492167509384E2,3.031176133572E-1
3.493081131040E2,3.014695908274E-1
3.494185385746E2,2.995977943860E-1
3.495874927615E2,2.967308464945E-1
3.498039146131E2,2.930131116467E-1
3.499216479372E2,2.910135367188E-1
3.500292234881E2,2.893701582735E-1
3.501570044839E2,2.874078071079E-1
3.503122693817E2,2.847003705050E-1
3.506581620353E2,2.786977263234E-1
3.508241441529E2,2.761871657064E-1
3.509361136945E2,2.745047635740E-1
3.511050476126E2,2.719604624152E-1
3.513679684180E2,2.680261899685E-1
3.514634792210E2,2.664413286687E-1
3.515853877355E2,2.645246162705E-1
3.517389980083E2,2.617072867454E-1
3.520471315062E2,2.567366312715E-1
3.521554663502E2,2.548065716598E-1
3.522416643377E2,2.531654083276E-1
3.523903151274E2,2.500853395221E-1
3.525795078866E2,2.472041012968E-1
3.527219571741E2,2.453240495854E-1
3.528316028817E2,2.436367126696E-1
3.530392679876E2,2.407339853104E-1
3.531632127479E2,2.388732371718E-1
3.532769918133E2,2.369220797701E-1
3.533631898009E2,2.352809164380E-1
3.535118405905E2,2.322008476325E-1
3.537010333497E2,2.293196094071E-1
3.538434826372E2,2.274395576957E-1
3.539773161255E2,2.254113517842E-1
3.541068910553E2,2.232436399039E-1
3.542127734318E2,2.213086007101E-1
3.543066020688E2,2.194106751598E-1
3.544455693264E2,2.166038679574E-1
3.545295662412E2,2.150210501984E-1
3.546576558057E2,2.127465319958E-1
3.548108972619E2,2.102984556295E-1
3.551796718308E2,2.044662836540E-1
3.552923355349E2,2.025062518682E-1
3.555111504281E2,1.988286955488E-1
3.557015144622E2,1.955480893865E-1
3.558087219389E2,1.937030881460E-1
3.562383760078E2,1.872482641861E-1
3.563613419964E2,1.853856101989E-1
3.565900879548E2,1.815341103526E-1
3.568577827732E2,1.770238635577E-1
3.569664537545E2,1.752329370952E-1
3.572571585756E2,1.699206794635E-1
3.574197089130E2,1.670883578990E-1
3.575283798943E2,1.652974314366E-1
3.579003910808E2,1.590667190688E-1
3.580152367995E2,1.572896023370E-1
3.582283190430E2,1.536152772785E-1
3.585011382558E2,1.494311341939E-1
3.586094730998E2,1.475010745821E-1
3.586956710873E2,1.458599112500E-1
3.588443218770E2,1.427798424445E-1
3.590335146362E2,1.398986042191E-1
3.591759639237E2,1.380185525077E-1
3.593188467885E2,1.358335854262E-1
3.594358087887E2,1.340063923219E-1
3.595828640106E2,1.316958406968E-1
3.597618315721E2,1.291758933778E-1
3.598928329464E2,1.276080675794E-1
3.600996550845E2,1.253197322025E-1
3.602808783498E2,1.235026706558E-1
3.604845359292E2,1.216369446096E-1
3.606539967725E2,1.201629198923E-1
3.610744153160E2,1.168498525912E-1
3.615268914096E2,1.132469168963E-1
3.616918008801E2,1.119299843085E-1
3.621826264884E2,1.073961305433E-1
3.623599005369E2,1.058000099584E-1
3.627374414881E2,1.022733438628E-1
3.630244155001E2,9.963103387905E-2
3.635257823787E2,9.490648803351E-2
3.637252503615E2,9.306765190274E-2
3.638693817625E2,9.171680100421E-2
3.641775533482E2,8.887454582484E-2
3.643769190326E2,8.682786272954E-2
3.647568739402E2,8.333764258745E-2
3.649331089238E2,8.178967927101E-2
3.655148975454E2,7.738495380839E-2
3.657053832978E2,7.585839624984E-2
3.659659406734E2,7.391012386534E-2
3.661591754969E2,7.253007638503E-2
3.664445700207E2,7.030409382796E-2
3.668055577975E2,6.739337184773E-2
3.671404399879E2,6.477130435795E-2
3.675011546869E2,6.218693856375E-2
3.678343547830E2,5.960271819557E-2
3.681387837261E2,5.683300607376E-2
3.683140151546E2,5.544270735751E-2
3.685569561069E2,5.351734926617E-2
3.687619241787E2,5.210348097405E-2
3.689805021177E2,5.056372862997E-2
3.693168698695E2,4.812753359835E-2
3.695354478085E2,4.658778125427E-2
3.698718155603E2,4.415158622266E-2
3.701301976049E2,4.231270147228E-2
3.703107923105E2,4.102761198897E-2
3.706081492786E2,3.921532332036E-2
3.711083016769E2,3.634328062174E-2
3.716915907257E2,3.298796691767E-2
3.718996269749E2,3.190493044160E-2
3.725640909235E2,2.838955765753E-2
3.730009297574E2,2.569258865025E-2
3.731857204460E2,2.453051693169E-2
3.735499560705E2,2.242022716926E-2
3.737493961498E2,2.135760045322E-2
3.740133505419E2,2.013789313568E-2
3.782474911970E2,-3.424595527445E-3
3.790229590572E2,-2.527671318203E-3
3.793366471365E2,-1.876619803627E-3
3.796818095614E2,-1.250565983062E-3
3.804437876729E2,9.352159940222E-5
3.808768582650E2,6.669552511779E-4
3.811528565200E2,8.870221301455E-4
3.816951170663E2,1.097254097129E-3
3.821554389818E2,1.028528955235E-3
3.824307061992E2,9.236101415155E-4
3.827060267395E2,7.731669242456E-4
3.829813181946E2,6.475551998215E-4
3.832565732932E2,5.529828414544E-4
3.835317556787E2,5.204892152015E-4
3.838069017078E2,5.190349550055E-4
3.840820477369E2,5.175806948096E-4
3.843571937659E2,5.161264346136E-4
3.846323397950E2,5.146721744177E-4
3.849074858241E2,5.132179142218E-4
3.851826318532E2,5.117636540258E-4
3.854577778822E2,5.103093938299E-4
3.857329239113E2,5.088551336340E-4
3.860080699404E2,5.074008734380E-4
3.862832159694E2,5.059466132421E-4
3.865583619985E2,5.044923530461E-4
3.868335080276E2,5.030380928502E-4
3.871086540567E2,5.015838326543E-4
3.873838364422E2,4.690902064013E-4
3.876590915408E2,3.745178480342E-4
3.879343829959E2,2.489061236101E-4
3.882097108075E2,9.225503312889E-5
3.884850749756E2,-9.543542340933E-5
3.887604391437E2,-2.831258799476E-4
3.890358396683E2,-5.018557025428E-4
3.893112401929E2,-7.205855251381E-4
3.895866164799E2,-9.186224370287E-4
3.898620170045E2,-1.137352259624E-3
3.901373932914E2,-1.335389171514E-3
3.904126847465E2,-1.461000895939E-3
3.906878792509E2,-1.503840977544E-3
3.909630252800E2,-1.505295237740E-3
3.912381713090E2,-1.506749497936E-3
3.915133173381E2,-1.508203758132E-3
3.917884633672E2,-1.509658018328E-3
3.920636093963E2,-1.511112278524E-3
3.923387554253E2,-1.512566538720E-3
3.926139014544E2,-1.514020798916E-3
3.928890474835E2,-1.515475059111E-3
3.931641935125E2,-1.516929319307E-3
3.934393395416E2,-1.518383579503E-3
3.937144855707E2,-1.519837839699E-3
3.939896315998E2,-1.521292099895E-3
3.942647776288E2,-1.522746360091E-3
3.945399236579E2,-1.524200620287E-3
3.948150696870E2,-1.525654880483E-3
3.950902157160E2,-1.527109140679E-3
3.953653617451E2,-1.528563400875E-3
3.956405077742E2,-1.530017661071E-3
3.959156538033E2,-1.531471921267E-3
3.961907998323E2,-1.532926181463E-3
3.964659458614E2,-1.534380441659E-3
3.967410918905E2,-1.535834701855E-3
3.970162379195E2,-1.537288962051E-3
3.972913839486E2,-1.538743222246E-3
3.975665299777E2,-1.540197482442E-3
3.978416760068E2,-1.541651742638E-3
3.981168220358E2,-1.543106002834E-3
3.983919680649E2,-1.544560263030E-3
3.986671140940E2,-1.546014523226E-3
3.989422601230E2,-1.547468783422E-3
3.992174061521E2,-1.548923043618E-3
3.994925521812E2,-1.550377303814E-3
3.997676982103E2,-1.551831564010E-3
4.000428442393E2,-1.553285824206E-3
4.003179902684E2,-1.554740084402E-3
4.005931362975E2,-1.556194344598E-3
4.008682823265E2,-1.557648604794E-3
4.011434283556E2,-1.559102864990E-3
4.014185743847E2,-1.560557125186E-3
4.016937204138E2,-1.562011385381E-3
4.019688664428E2,-1.563465645577E-3
4.022440124719E2,-1.564919905773E-3
4.025191585010E2,-1.566374165969E-3
4.027943045300E2,-1.567828426165E-3
4.030694505591E2,-1.569282686361E-3
4.033445965882E2,-1.570736946557E-3
4.036197426173E2,-1.572191206753E-3
4.038948886463E2,-1.573645466949E-3
4.041700346754E2,-1.575099727145E-3
4.044451807045E2,-1.576553987341E-3
4.047203267335E2,-1.578008247537E-3
4.049954727626E2,-1.579462507733E-3
4.052706187917E2,-1.580916767929E-3
4.055457648208E2,-1.582371028125E-3
4.058209108498E2,-1.583825288321E-3
4.060960568789E2,-1.585279548516E-3
4.063712029080E2,-1.586733808712E-3
4.066463489370E2,-1.588188068908E-3
4.069411482539E2,-1.589746204833E-3
4.072457742147E2,-1.591356278621E-3
4.075582614905E2,-1.593007902701E-3
4.079356046161E2,-1.595002316684E-3
4.082480918920E2,-1.596653940763E-3
4.085527178528E2,-1.598264014552E-3
4.088475171696E2,-1.599822150476E-3
4.091226631987E2,-1.601276410672E-3
4.093978092278E2,-1.602730670868E-3
4.096729552568E2,-1.604184931064E-3
4.099481012859E2,-1.605639191260E-3
4.102232473150E2,-1.607093451456E-3
4.104983933440E2,-1.608547711652E-3
4.107735393731E2,-1.610001971847E-3
4.110486854022E2,-1.611456232043E-3
4.113238314313E2,-1.612910492239E-3
4.115989774603E2,-1.614364752435E-3
4.118741234894E2,-1.615819012631E-3
4.121492695185E2,-1.617273272827E-3
4.124244155475E2,-1.618727533023E-3
4.126995615766E2,-1.620181793219E-3
4.129747076057E2,-1.621636053415E-3
4.132498536348E2,-1.623090313611E-3
4.135249996638E2,-1.624544573807E-3
4.138001456929E2,-1.625998834003E-3
4.140752917220E2,-1.627453094199E-3
4.143504377510E2,-1.628907354395E-3
4.146255837801E2,-1.630361614591E-3
4.149007298092E2,-1.631815874787E-3
4.151758758383E2,-1.633270134982E-3
4.154510218673E2,-1.634724395178E-3
4.157261678964E2,-1.636178655374E-3
4.160013139255E2,-1.637632915570E-3
4.162764599545E2,-1.639087175766E-3
4.165516059836E2,-1.640541435962E-3
4.168267520127E2,-1.641995696158E-3
4.171018980418E2,-1.643449956354E-3
4.173770440708E2,-1.644904216550E-3
4.176521900999E2,-1.646358476746E-3
4.179273361290E2,-1.647812736942E-3
4.182024821580E2,-1.649266997138E-3
4.184776281871E2,-1.650721257334E-3
4.187527742162E2,-1.652175517530E-3
4.190279202453E2,-1.653629777726E-3
4.193030662743E2,-1.655084037922E-3
4.195782123034E2,-1.656538298117E-3
4.198533583325E2,-1.657992558313E-3
4.201285043615E2,-1.659446818509E-3
4.204036503906E2,-1.660901078705E-3
4.206787964197E2,-1.662355338901E-3
4.209539424488E2,-1.663809599097E-3
4.212290884778E2,-1.665263859293E-3
4.215042345069E2,-1.666718119489E-3
4.217793805360E2,-1.668172379685E-3
4.220545265650E2,-1.669626639881E-3
4.223296725941E2,-1.671080900077E-3
4.226048186232E2,-1.672535160273E-3
4.228799646523E2,-1.673989420469E-3
4.231551106813E2,-1.675443680665E-3
4.234302567104E2,-1.676897940861E-3
4.237299693492E2,-1.678482045717E-3
4.240493768261E2,-1.715643587509E-3
4.246175022693E2,-1.842803060285E-3
4.249048670271E2,-1.859102460499E-3
4.252115270478E2,-1.849490060293E-3
4.255627630866E2,-1.794589141003E-3
4.258820459126E2,-1.725329999172E-3
4.261817170011E2,-1.691440542820E-3
4.264568630302E2,-1.692894803016E-3
4.267320090593E2,-1.694349063212E-3
4.270071550883E2,-1.695803323408E-3
4.272823011174E2,-1.697257583604E-3
4.275574471465E2,-1.698711843800E-3
4.278325931755E2,-1.700166103996E-3
4.281077392046E2,-1.701620364192E-3
4.283828852337E2,-1.703074624387E-3
4.286580312628E2,-1.704528884583E-3
4.289331772918E2,-1.705983144779E-3
4.292083233209E2,-1.707437404975E-3
4.294834693500E2,-1.708891665171E-3
4.297586153790E2,-1.710345925367E-3
4.300337614081E2,-1.711800185563E-3
4.303089074372E2,-1.713254445759E-3
4.305840534663E2,-1.714708705955E-3
4.308591994953E2,-1.716162966151E-3
4.311343455244E2,-1.717617226347E-3
4.314094915535E2,-1.719071486543E-3
4.316846375825E2,-1.720525746739E-3
4.319597836116E2,-1.721980006935E-3
4.322349296407E2,-1.723434267131E-3
4.325100756698E2,-1.724888527327E-3
4.327852216988E2,-1.726342787522E-3
4.330603677279E2,-1.727797047718E-3
4.333355137570E2,-1.729251307914E-3
4.336106597860E2,-1.730705568110E-3
4.338858058151E2,-1.732159828306E-3
4.341609518442E2,-1.733614088502E-3
4.344360978733E2,-1.735068348698E-3
4.347112439023E2,-1.736522608894E-3
4.349863899314E2,-1.737976869090E-3
4.352615359605E2,-1.739431129286E-3
4.355366819895E2,-1.740885389482E-3
4.358118280186E2,-1.742339649678E-3
4.360869740477E2,-1.743793909874E-3
4.363621200768E2,-1.745248170070E-3
4.366372661058E2,-1.746702430266E-3
4.369124121349E2,-1.748156690462E-3
4.371875581640E2,-1.749610950657E-3
4.374627041930E2,-1.751065210853E-3
4.377378502221E2,-1.752519471049E-3
4.380129962512E2,-1.753973731245E-3
4.382881422803E2,-1.755427991441E-3
4.385632883093E2,-1.756882251637E-3
4.388384343384E2,-1.758336511833E-3
4.391135803675E2,-1.759790772029E-3
4.393887263965E2,-1.761245032225E-3
4.396638724256E2,-1.762699292421E-3
4.399390184547E2,-1.764153552617E-3
4.402141644838E2,-1.765607812813E-3
4.404893105128E2,-1.767062073009E-3
4.407644565419E2,-1.768516333205E-3
4.410396025710E2,-1.769970593401E-3
4.413147486000E2,-1.771424853597E-3
4.415898946291E2,-1.772879113792E-3
4.418650406582E2,-1.774333373988E-3
4.421401866873E2,-1.775787634184E-3
4.424153327163E2,-1.777241894380E-3
4.426904787454E2,-1.778696154576E-3
4.429656247745E2,-1.780150414772E-3
4.432407708035E2,-1.781604674968E-3
4.435159168326E2,-1.783058935164E-3
4.437910628617E2,-1.784513195360E-3
4.440662088908E2,-1.785967455556E-3
4.443413549198E2,-1.787421715752E-3
4.446165009489E2,-1.788875975948E-3
4.448916469780E2,-1.790330236144E-3
4.451667930070E2,-1.791784496340E-3
4.454419390361E2,-1.793238756536E-3
4.457170850652E2,-1.794693016732E-3
4.459922310943E2,-1.796147276927E-3
4.462673771233E2,-1.797601537123E-3
4.465425231524E2,-1.799055797319E-3
4.468176691815E2,-1.800510057515E-3
4.470928152105E2,-1.801964317711E-3
4.473679612396E2,-1.803418577907E-3
4.476431072687E2,-1.804872838103E-3
4.479182532978E2,-1.806327098299E-3
4.481933993268E2,-1.807781358495E-3
4.487174870013E2,-1.810551377916E-3
4.495701558133E2,-2.620673198845E-3
4.498157810949E2,-2.629496077938E-3
4.509448596175E2,-1.822323960454E-3
4.512200056466E2,-1.823778220650E-3
4.514951516757E2,-1.825232480846E-3
4.517702977048E2,-1.826686741042E-3
4.520454437338E2,-1.828141001238E-3
4.523205897629E2,-1.829595261434E-3
4.525957357920E2,-1.831049521630E-3
4.528708818210E2,-1.832503781826E-3
4.531460278501E2,-1.833958042022E-3
4.534211738792E2,-1.835412302218E-3
4.536963199083E2,-1.836866562414E-3
4.539714659373E2,-1.838320822610E-3
4.542466119664E2,-1.839775082806E-3
4.545217579955E2,-1.841229343002E-3
4.547969040245E2,-1.842683603197E-3
4.550720500536E2,-1.844137863393E-3
4.553471960827E2,-1.845592123589E-3
4.556223421118E2,-1.847046383785E-3
4.558974881408E2,-1.848500643981E-3
4.561726341699E2,-1.849954904177E-3
4.564477801990E2,-1.851409164373E-3
4.567229262280E2,-1.852863424569E-3
4.569980722571E2,-1.854317684765E-3
4.572732182862E2,-1.855771944961E-3
4.575483643153E2,-1.857226205157E-3
4.578235103443E2,-1.858680465353E-3
4.580986563734E2,-1.860134725549E-3
4.583738024025E2,-1.861588985745E-3
4.586489484315E2,-1.863043245941E-3
4.589240944606E2,-1.864497506137E-3
4.591992404897E2,-1.865951766332E-3
4.594743865188E2,-1.867406026528E-3
4.597495325478E2,-1.868860286724E-3
4.600246785769E2,-1.870314546920E-3
4.602998246060E2,-1.871768807116E-3
4.605749706350E2,-1.873223067312E-3
4.608501166641E2,-1.874677327508E-3
4.611252626932E2,-1.876131587704E-3
4.614004087223E2,-1.877585847900E-3
4.616755547513E2,-1.879040108096E-3
4.619507007804E2,-1.880494368292E-3
4.622258468095E2,-1.881948628488E-3
4.625009928385E2,-1.883402888684E-3
4.627761388676E2,-1.884857148880E-3
4.630512848967E2,-1.886311409076E-3
4.633264309258E2,-1.887765669272E-3
4.636015769548E2,-1.889219929468E-3
4.638767229839E2,-1.890674189663E-3
4.641518690130E2,-1.892128449859E-3
4.644270150420E2,-1.893582710055E-3
4.647021610711E2,-1.895036970251E-3
4.649773071002E2,-1.896491230447E-3
4.652524531293E2,-1.897945490643E-3
4.655275991583E2,-1.899399750839E-3
4.658027451874E2,-1.900854011035E-3
4.660778912165E2,-1.902308271231E-3
4.663530372455E2,-1.903762531427E-3
4.666281832746E2,-1.905216791623E-3
4.669033293037E2,-1.906671051819E-3
4.671784753328E2,-1.908125312015E-3
4.674536213618E2,-1.909579572211E-3
4.677287673909E2,-1.911033832407E-3
4.680039134200E2,-1.912488092602E-3
4.682790594490E2,-1.913942352798E-3
4.685542054781E2,-1.915396612994E-3
4.688293515072E2,-1.916850873190E-3
4.691044975363E2,-1.918305133386E-3
4.693796435653E2,-1.919759393582E-3
4.696547895944E2,-1.921213653778E-3
4.699299356235E2,-1.922667913974E-3
4.702050816525E2,-1.924122174170E-3
4.704802276816E2,-1.925576434366E-3
4.707553737107E2,-1.927030694562E-3
4.710305197398E2,-1.928484954758E-3
4.713056657688E2,-1.929939214954E-3
4.715808117979E2,-1.931393475150E-3
4.718559578270E2,-1.932847735346E-3
4.721311038560E2,-1.934301995542E-3
4.724062498851E2,-1.935756255738E-3
4.726813959142E2,-1.937210515933E-3
4.729565419433E2,-1.938664776129E-3
4.732316879723E2,-1.940119036325E-3
4.735068340014E2,-1.941573296521E-3
4.737819800305E2,-1.943027556717E-3
4.740571260595E2,-1.944481816913E-3
4.743322720886E2,-1.945936077109E-3
4.746074181177E2,-1.947390337305E-3
4.748825641468E2,-1.948844597501E-3
4.751577101758E2,-1.950298857697E-3
4.754328562049E2,-1.951753117893E-3
4.757080022340E2,-1.953207378089E-3
4.759831482630E2,-1.954661638285E-3
4.762582942921E2,-1.956115898481E-3
4.765334403212E2,-1.957570158677E-3
4.768085863503E2,-1.959024418873E-3
4.770837323793E2,-1.960478679068E-3
4.773588784084E2,-1.961932939264E-3
4.776340244375E2,-1.963387199460E-3
4.779091704665E2,-1.964841459656E-3
4.781843164956E2,-1.966295719852E-3
4.784594625247E2,-1.967749980048E-3
4.787346085538E2,-1.969204240244E-3
4.790097545828E2,-1.970658500440E-3
4.792849006119E2,-1.972112760636E-3
4.795600466410E2,-1.973567020832E-3
4.798351926700E2,-1.975021281028E-3
4.801103386991E2,-1.976475541224E-3
4.803854847282E2,-1.977929801420E-3
4.806606307573E2,-1.979384061616E-3
4.809357767863E2,-1.980838321812E-3
4.812109228154E2,-1.982292582008E-3
4.814860688445E2,-1.983746842203E-3
4.817612148735E2,-1.985201102399E-3
4.820363609026E2,-1.986655362595E-3
4.823115069317E2,-1.988109622791E-3
4.825866529608E2,-1.989563882987E-3
4.828617989898E2,-1.991018143183E-3
4.831369450189E2,-1.992472403379E-3
4.834120910480E2,-1.993926663575E-3
4.836872370770E2,-1.995380923771E-3
4.839623831061E2,-1.996835183967E-3
4.842375291352E2,-1.998289444163E-3
4.845126751643E2,-1.999743704359E-3
4.847878211933E2,-2.001197964555E-3
4.850629672224E2,-2.002652224751E-3
4.853381132515E2,-2.004106484947E-3
4.856132592805E2,-2.005560745143E-3
4.858884053096E2,-2.007015005338E-3
4.861635513387E2,-2.008469265534E-3
4.864386973678E2,-2.009923525730E-3
4.867138433968E2,-2.011377785926E-3
4.869889894259E2,-2.012832046122E-3
4.872641354550E2,-2.014286306318E-3
4.875392814840E2,-2.015740566514E-3
4.878144275131E2,-2.017194826710E-3
4.880895735422E2,-2.018649086906E-3
4.883647195713E2,-2.020103347102E-3
4.886398656003E2,-2.021557607298E-3
4.889150116294E2,-2.023011867494E-3
4.891901576585E2,-2.024466127690E-3
4.894653036875E2,-2.025920387886E-3
4.897404497166E2,-2.027374648082E-3
4.900155957457E2,-2.028828908278E-3
4.902907417748E2,-2.030283168473E-3
4.905658878038E2,-2.031737428669E-3
4.908410338329E2,-2.033191688865E-3
4.911161798620E2,-2.034645949061E-3
4.913913258910E2,-2.036100209257E-3
4.916664719201E2,-2.037554469453E-3
4.919416179492E2,-2.039008729649E-3
4.922167639783E2,-2.040462989845E-3
4.924919100073E2,-2.041917250041E-3
4.927670560364E2,-2.043371510237E-3
4.930422020655E2,-2.044825770433E-3
4.933173480945E2,-2.046280030629E-3
4.935924941236E2,-2.047734290825E-3
4.938676401527E2,-2.049188551021E-3
4.941427861818E2,-2.050642811217E-3
4.944179322108E2,-2.052097071413E-3
4.946930782399E2,-2.053551331608E-3
4.949682242690E2,-2.055005591804E-3
4.952433702980E2,-2.056459852000E-3
4.955185163271E2,-2.057914112196E-3
4.957936623562E2,-2.059368372392E-3
4.960688083853E2,-2.060822632588E-3
4.963439544143E2,-2.062276892784E-3
4.966191004434E2,-2.063731152980E-3
4.968942464725E2,-2.065185413176E-3
4.971693925015E2,-2.066639673372E-3
4.974445385306E2,-2.068093933568E-3
4.977196845597E2,-2.069548193764E-3
4.979948305888E2,-2.071002453960E-3
4.982699766178E2,-2.072456714156E-3
4.985451226469E2,-2.073910974352E-3
4.988202686760E2,-2.075365234548E-3
4.990954147050E2,-2.076819494743E-3
4.993705607341E2,-2.078273754939E-3
4.996457067632E2,-2.079728015135E-3
4.999208527923E2,-2.081182275331E-3
5.001959988213E2,-2.082636535527E-3
5.004711448504E2,-2.084090795723E-3
5.007462908795E2,-2.085545055919E-3
5.010214369085E2,-2.086999316115E-3
5.012965829376E2,-2.088453576311E-3
5.015717289667E2,-2.089907836507E-3
5.018468749958E2,-2.091362096703E-3
5.021220210248E2,-2.092816356899E-3
5.023971670539E2,-2.094270617095E-3
5.026723130830E2,-2.095724877291E-3
5.029474591120E2,-2.097179137487E-3
5.032226051411E2,-2.098633397683E-3
5.034977511702E2,-2.100087657878E-3
5.037728971993E2,-2.101541918074E-3
5.040480432283E2,-2.102996178270E-3
5.043231892574E2,-2.104450438466E-3
5.045983352865E2,-2.105904698662E-3
5.048734813155E2,-2.107358958858E-3
5.051486273446E2,-2.108813219054E-3
5.054237733737E2,-2.110267479250E-3
5.056989194028E2,-2.111721739446E-3
5.059740654318E2,-2.113175999642E-3
5.062492114609E2,-2.114630259838E-3
5.065243574900E2,-2.116084520034E-3
5.067995035190E2,-2.117538780230E-3
5.070746495481E2,-2.118993040426E-3
5.073497955772E2,-2.120447300622E-3
5.076249416063E2,-2.121901560818E-3
5.079000876353E2,-2.123355821013E-3
5.081752336644E2,-2.124810081209E-3
5.084503796935E2,-2.126264341405E-3
5.087255257225E2,-2.127718601601E-3
5.090006717516E2,-2.129172861797E-3
5.092758177807E2,-2.130627121993E-3
5.095509638098E2,-2.132081382189E-3
5.098261098388E2,-2.133535642385E-3
5.101012558679E2,-2.134989902581E-3
5.103764018970E2,-2.136444162777E-3
5.106515479260E2,-2.137898422973E-3
5.109266939551E2,-2.139352683169E-3
5.112018399842E2,-2.140806943365E-3
5.114769860133E2,-2.142261203561E-3
5.117521320423E2,-2.143715463757E-3
5.120272780714E2,-2.145169723953E-3
5.123024241005E2,-2.146623984148E-3
5.125775701295E2,-2.148078244344E-3
5.128527161586E2,-2.149532504540E-3
5.131278621877E2,-2.150986764736E-3
5.134030082168E2,-2.152441024932E-3
5.136781542458E2,-2.153895285128E-3
5.139533002749E2,-2.155349545324E-3
5.142284463040E2,-2.156803805520E-3
5.145035923330E2,-2.158258065716E-3
5.147787383621E2,-2.159712325912E-3
5.150538843912E2,-2.161166586108E-3
5.153290304203E2,-2.162620846304E-3
5.156041764493E2,-2.164075106500E-3
5.158793224784E2,-2.165529366696E-3
5.161544685075E2,-2.166983626892E-3
5.164296145365E2,-2.168437887088E-3
5.167047605656E2,-2.169892147283E-3
5.169799065947E2,-2.171346407479E-3
5.172550526238E2,-2.172800667675E-3
5.175301986528E2,-2.174254927871E-3
5.178053446819E2,-2.175709188067E-3
5.180804907110E2,-2.177163448263E-3
5.183556367400E2,-2.178617708459E-3
5.186307827691E2,-2.180071968655E-3
5.189059287982E2,-2.181526228851E-3
5.191810748273E2,-2.182980489047E-3
5.194562208563E2,-2.184434749243E-3
5.197313668854E2,-2.185889009439E-3
5.200065129145E2,-2.187343269635E-3
5.202816589435E2,-2.188797529831E-3
5.205568049726E2,-2.190251790027E-3
5.208319510017E2,-2.191706050223E-3
5.211070970308E2,-2.193160310418E-3
5.213822430598E2,-2.194614570614E-3
5.216573890889E2,-2.196068830810E-3
5.219325351180E2,-2.197523091006E-3
5.222076811470E2,-2.198977351202E-3
5.224828271761E2,-2.200431611398E-3
5.227579732052E2,-2.201885871594E-3
5.230331192343E2,-2.203340131790E-3
5.233082652633E2,-2.204794391986E-3
5.236079779021E2,-2.206378496842E-3
5.239273853790E2,-2.243540038635E-3
5.244955108222E2,-2.370699511410E-3
5.247828755801E2,-2.386998911624E-3
5.250895356007E2,-2.377386511418E-3
5.254407716395E2,-2.322485592128E-3
5.257600544655E2,-2.253226450297E-3
5.260597255540E2,-2.219336993945E-3
5.263348715831E2,-2.220791254141E-3
5.266100176122E2,-2.222245514337E-3
5.268851636413E2,-2.223699774533E-3
5.271603096703E2,-2.225154034729E-3
5.274354556994E2,-2.226608294925E-3
5.277106017285E2,-2.228062555121E-3
5.279857477575E2,-2.229516815317E-3
5.282608937866E2,-2.230971075513E-3
5.285360882910E2,-2.273811157118E-3
5.288113797461E2,-2.399422881542E-3
5.290868166272E2,-2.649192070195E-3
5.293623989344E2,-3.023118723075E-3
5.296380539545E2,-3.459124108070E-3
5.299138059253E2,-3.977901135883E-3
5.301892428064E2,-4.227670324535E-3
5.304643888355E2,-4.229124584731E-3
5.307395348646E2,-4.230578844927E-3
5.310146808936E2,-4.232033105123E-3
5.312898269227E2,-4.233487365319E-3
5.316872600758E2,-4.235587963380E-3
5.606422396048E2,-1.917618253126E-3
5.975360385319E2,1.547714490097E-6
