9.938990984147E0,1.001065246196E2
3.996844450759E1,1.009248043838E2
8.504851802325E1,9.650439514038E1
2.999186355178E1,1.005781911510E2
4.999527164328E1,1.009613031934E2
6.002314105064E1,1.004662434535E2
7.501873778450E1,9.797397888765E1
8.003011023700E1,9.903319711855E1
1.996547069595E1,1.003202096124E2
8.706566112021E1,8.037890836629E1
7.005274757744E1,9.908525279785E1
8.205980402194E1,1.018222967946E2
-1.375611955951E-1,1.001143609584E2
8.734769264039E1,7.986256996252E1
8.683615197981E1,7.985866117570E1
8.650118468525E1,8.051598610056E1
8.703314318895E1,8.100649707570E1
8.701175226285E1,8.106730950880E1
8.698991454392E1,8.115141709137E1
8.698373306360E1,8.120666665412E1
8.697533254009E1,8.128676280173E1
8.696543799246E1,8.136784126604E1
8.695928222457E1,8.141582583788E1
8.695326970449E1,8.146003848749E1
8.694096430004E1,8.155741180485E1
8.692969589494E1,8.165005375279E1
8.691534015673E1,8.176457861485E1
8.691023391739E1,8.180418169033E1
8.690284981267E1,8.185874600226E1
8.689215215478E1,8.195051131227E1
8.688624064002E1,8.202445584769E1
8.688091303781E1,8.208864922759E1
8.687228624251E1,8.217277250373E1
8.686237547987E1,8.225418056754E1
8.685712389249E1,8.229517562684E1
8.685045815217E1,8.234628770649E1
8.684084943403E1,8.243781247009E1
8.683418568452E1,8.251867891524E1
8.682426986975E1,8.261255306552E1
8.681391774906E1,8.269685344773E1
8.680776198117E1,8.274483801957E1
8.680174946110E1,8.278905066918E1
8.679105180321E1,8.288081597919E1
8.678367893672E1,8.296168297580E1
8.677376312195E1,8.305555712609E1
8.676341100126E1,8.313985750829E1
8.675725523337E1,8.318784208013E1
8.675124271330E1,8.323205472975E1
8.674054505541E1,8.332382003976E1
8.673317218892E1,8.340468703637E1
8.672325637415E1,8.349856118665E1
8.671290425346E1,8.358286156886E1
8.670674848557E1,8.363084614070E1
8.670073596550E1,8.367505879031E1
8.669003830761E1,8.376682410032E1
8.668474727021E1,8.384076815321E1
8.668055720980E1,8.390496064846E1
8.667220519733E1,8.398908371091E1
8.666231064969E1,8.407016217521E1
8.665615488180E1,8.411814674705E1
8.665014236173E1,8.416235939666E1
8.663944470384E1,8.425412470668E1
8.663415366643E1,8.432806875956E1
8.662996360603E1,8.439226125481E1
8.662161159356E1,8.447638431726E1
8.661171704592E1,8.455746278157E1
8.660556127803E1,8.460544735341E1
8.659954875796E1,8.464966000302E1
8.658885110007E1,8.474142531303E1
8.658356006266E1,8.481536936592E1
8.657937000226E1,8.487956186117E1
8.657101798979E1,8.496368492362E1
8.656112344215E1,8.504476338792E1
8.655496767426E1,8.509274795976E1
8.654895515419E1,8.513696060938E1
8.653825749630E1,8.522872591939E1
8.653296645889E1,8.530266997227E1
8.652877639849E1,8.536686246752E1
8.652042438602E1,8.545098552997E1
8.651052983838E1,8.553206399428E1
8.650437407049E1,8.558004856612E1
8.649836155042E1,8.562426121573E1
8.648766389252E1,8.571602652574E1
8.648175237777E1,8.578997106116E1
8.647642477555E1,8.585416444106E1
8.646779798026E1,8.593828771720E1
8.645788721762E1,8.601969578100E1
8.645263563024E1,8.606069084031E1
8.644596988991E1,8.611180291996E1
8.643636117178E1,8.620332768356E1
8.643115877400E1,8.627727166752E1
8.642583117178E1,8.634146504741E1
8.641720437649E1,8.642558832355E1
8.640729361384E1,8.650699638736E1
8.640204202647E1,8.654799144667E1
8.639537628614E1,8.659910352631E1
8.638576756801E1,8.669062828992E1
8.638056517023E1,8.676457227387E1
8.637523756801E1,8.682876565377E1
8.636661077271E1,8.691288892991E1
8.635670001007E1,8.699429699371E1
8.635144842269E1,8.703529205302E1
8.634478268237E1,8.708640413267E1
8.633517396424E1,8.717792889627E1
8.632851021473E1,8.725879534142E1
8.631859439996E1,8.735266949170E1
8.630824227927E1,8.743696987391E1
8.630208651137E1,8.748495444575E1
8.629607399130E1,8.752916709536E1
8.628537633341E1,8.762093240537E1
8.628008529601E1,8.769487645826E1
8.627589523560E1,8.775906895351E1
8.626754322313E1,8.784319201596E1
8.625764867549E1,8.792427048026E1
8.625149290760E1,8.797225505210E1
8.624548038753E1,8.801646770171E1
8.623478272964E1,8.810823301173E1
8.622949169224E1,8.818217706461E1
8.622530163183E1,8.824636955986E1
8.621694961936E1,8.833049262231E1
8.620705507172E1,8.841157108662E1
8.620089930383E1,8.845955565846E1
8.619488678376E1,8.850376830807E1
8.618418912587E1,8.859553361808E1
8.617681625938E1,8.867640061469E1
8.616690044462E1,8.877027476498E1
8.615654832392E1,8.885457514718E1
8.615039255603E1,8.890255971902E1
8.614438003596E1,8.894677236863E1
8.613368237807E1,8.903853767864E1
8.612777086332E1,8.911248221406E1
8.612244326110E1,8.917667559396E1
8.611381646580E1,8.926079887010E1
8.610390570316E1,8.934220693391E1
8.609865411578E1,8.938320199322E1
8.609198837546E1,8.943431407286E1
8.608237965733E1,8.952583883647E1
8.607571590781E1,8.960670528161E1
8.606580009305E1,8.970057943190E1
8.605544797235E1,8.978487981410E1
8.604929220446E1,8.983286438594E1
8.604327968439E1,8.987707703555E1
8.603258202650E1,8.996884234556E1
8.602520916002E1,9.004970934217E1
8.601529334525E1,9.014358349246E1
8.600494122456E1,9.022788387466E1
8.599878545666E1,9.027586844650E1
8.599277293659E1,9.032008109612E1
8.598207527870E1,9.041184640613E1
8.597470241222E1,9.049271340274E1
8.596478659745E1,9.058658755302E1
8.595443447676E1,9.067088793523E1
8.594827870887E1,9.071887250707E1
8.594226618879E1,9.076308515668E1
8.593111727465E1,9.085485081763E1
8.592255045932E1,9.093571874275E1
8.591229217329E1,9.102959315936E1
8.590187871197E1,9.111422317616E1
8.589662712459E1,9.115521823547E1
8.588996138426E1,9.120633031512E1
8.587874491957E1,9.130346308607E1
8.586818563144E1,9.139610448255E1
8.585382989323E1,9.151062934461E1
8.584872365389E1,9.155023242009E1
8.584133954917E1,9.160479673202E1
8.582903414472E1,9.170217004938E1
8.581776573962E1,9.179481199732E1
8.580341000140E1,9.190933685938E1
8.579830376207E1,9.194893993486E1
8.579091965734E1,9.200350424679E1
8.577861425289E1,9.210087756415E1
8.576734584779E1,9.219351951210E1
8.575299010958E1,9.230804437416E1
8.574788387024E1,9.234764744963E1
8.574032620542E1,9.240221189654E1
8.572704886441E1,9.249958596976E1
8.571505088704E1,9.259222848508E1
8.570054108785E1,9.270708305384E1
8.569548611601E1,9.274662017206E1
8.568937176577E1,9.279092140532E1
8.567009053733E1,9.293284738850E1
8.565662713188E1,9.303333216914E1
8.564739380595E1,9.309931027325E1
8.564101659232E1,9.314506716664E1
8.562020069958E1,9.328725801282E1
8.560629409603E1,9.338774313812E1
8.559706077010E1,9.345372124223E1
8.559044470254E1,9.350074393504E1
8.558298282749E1,9.355114194178E1
8.556364441751E1,9.367130469121E1
8.555318943489E1,9.373865905374E1
8.554608716509E1,9.378615565261E1
8.553724276214E1,9.384439581323E1
8.552006245885E1,9.395291684096E1
8.550571439776E1,9.405251462221E1
8.549648155436E1,9.411824663441E1
8.548934597952E1,9.416651556968E1
8.547888781504E1,9.422984605413E1
8.546075895006E1,9.433719070550E1
8.544930360599E1,9.440941517424E1
8.544338190922E1,9.444908688914E1
8.542864163516E1,9.453996047732E1
8.541348721665E1,9.462732539077E1
8.539803492869E1,9.472345095545E1
8.539197399070E1,9.476134222066E1
8.537825721464E1,9.483738479842E1
8.535725885855E1,9.494389053469E1
8.534359857868E1,9.501511663952E1
8.533496831477E1,9.506429127798E1
8.530311875114E1,9.524257987410E1
8.529483452633E1,9.529344474498E1
8.528742680601E1,9.533788768154E1
8.527585893036E1,9.539862377805E1
8.525588523207E1,9.550239717942E1
8.524282653648E1,9.557426059876E1
8.523441144005E1,9.561973357468E1
8.522259420044E1,9.568299808399E1
8.521545023357E1,9.572096823903E1
8.519299501383E1,9.581476097365E1
8.537825721464E1,9.483738479842E1
8.534352336930E1,9.501511669801E1
8.533496831477E1,9.506429127798E1
8.529475151933E1,9.529344480953E1
8.528717464496E1,9.533920131212E1
8.524903086721E1,9.553899584005E1
8.524111631573E1,9.558312745198E1
8.519275936695E1,9.581446143003E1
8.492029667645E1,9.713906638431E1
8.487195316418E1,9.722132859407E1
8.483791126126E1,9.729119921715E1
8.480137655126E1,9.740617858846E1
8.478860450173E1,9.744634209206E1
8.477251850750E1,9.749488627162E1
8.474174039525E1,9.758803459566E1
8.470233576718E1,9.770821245763E1
8.463778306674E1,9.789111384753E1
8.460411822822E1,9.799044716934E1
8.459145903894E1,9.802888796465E1
8.454565927431E1,9.815163603847E1
8.449094393589E1,9.829687611714E1
8.443939639505E1,9.842482755899E1
8.439122946786E1,9.854850844127E1
8.433976518123E1,9.866815598649E1
8.428538249044E1,9.879002819726E1
8.424361354624E1,9.888007880417E1
8.422600858172E1,9.891784118054E1
8.419274489325E1,9.898836348795E1
8.416973859152E1,9.903907488579E1
8.414508247174E1,9.909120935381E1
8.412595832688E1,9.913099920699E1
8.410078105365E1,9.918287359800E1
8.407964902819E1,9.922802653863E1
8.404259189543E1,9.930148478801E1
8.401183571092E1,9.935873115460E1
8.398721406692E1,9.940377035720E1
8.395596715371E1,9.945959118279E1
8.392712281827E1,9.951298133809E1
8.390604555314E1,9.955449308132E1
8.386874238421E1,9.962627026013E1
8.389036474364E1,9.958350312752E1
8.386009587197E1,9.964226122423E1
8.383729952558E1,9.968591191077E1
8.380262865172E1,9.974732316457E1
8.377614545879E1,9.979264421066E1
8.374768942904E1,9.984091110055E1
8.371081870432E1,9.990182038875E1
8.367627790894E1,9.995967791863E1
8.363263415640E1,1.000342799883E2
8.360544247911E1,1.000802172972E2
8.357893317910E1,1.001225699084E2
8.354466462059E1,1.001777846158E2
8.351777869473E1,1.002201317250E2
8.348196617338E1,1.002754272410E2
8.343538999317E1,1.003466858858E2
8.339724974745E1,1.004037660316E2
8.336416497924E1,1.004528812939E2
8.330381154305E1,1.005398550265E2
8.326857668428E1,1.005899198704E2
8.324454542176E1,1.006216603678E2
8.318492222528E1,1.007006428686E2
8.314677856482E1,1.007496303108E2
8.309481699223E1,1.008151371869E2
8.305250312731E1,1.008669002697E2
8.301141252183E1,1.009162361500E2
8.296189512227E1,1.009748008090E2
8.292588945607E1,1.010165595809E2
8.285636155660E1,1.010936781655E2
8.279693872014E1,1.011584891705E2
8.274374676142E1,1.012166819289E2
8.269314127980E1,1.012696337913E2
8.263060863039E1,1.013320182658E2
8.260391481036E1,1.013622931249E2
8.287015529710E1,1.010781859815E2
8.273391148515E1,1.012270368827E2
8.269314152107E1,1.012695107453E2
8.263060863039E1,1.013320182658E2
8.260354063914E1,1.013623791346E2
8.140577390886E1,1.013970549209E2
8.137189677414E1,1.013243521507E2
8.134329149253E1,1.012617207628E2
8.132226584216E1,1.012162571668E2
8.130378876893E1,1.011726457671E2
8.126724104251E1,1.010815763727E2
8.120939499737E1,1.009290885450E2
8.116001737721E1,1.007962375103E2
8.111054377079E1,1.006623566450E2
8.106635176149E1,1.005367189292E2
8.102591733783E1,1.004318227156E2
8.098586265928E1,1.003352693695E2
8.096096063479E1,1.002762515680E2
8.093951383929E1,1.002254664115E2
8.091816835446E1,1.001756284264E2
8.088472301544E1,1.001013895151E2
8.086202210551E1,1.000516139532E2
8.083473724361E1,9.999431918068E1
8.081221911187E1,9.994623948989E1
8.078328882924E1,9.988450776848E1
8.074563859459E1,9.980820297729E1
8.071990055435E1,9.975942269482E1
8.069009766575E1,9.970641398590E1
8.063453173081E1,9.962751607467E1
8.056364626072E1,9.953584896879E1
8.054102842046E1,9.950187258581E1
8.107545383516E1,1.005615777575E2
8.105596100821E1,1.005088509144E2
8.101487228222E1,1.004041392440E2
8.096096083219E1,1.002761508941E2
8.092642173313E1,1.001944583683E2
8.089086042866E1,1.001145395285E2
8.086202210551E1,1.000516139532E2
8.081221911187E1,9.994623948989E1
8.077883749078E1,9.987500820732E1
8.075322839253E1,9.982196274675E1
8.071990055435E1,9.975942269482E1
8.069803883287E1,9.972023972390E1
8.058400991198E1,9.956272614897E1
8.054855559779E1,9.951235001774E1
7.936894824689E1,9.875212198494E1
7.921310202500E1,9.865183466124E1
7.907314796668E1,9.860270626151E1
7.894753911601E1,9.856014356997E1
7.881405539976E1,9.851949590222E1
7.866522769150E1,9.847531516439E1
7.851214401400E1,9.843001132467E1
7.839663200380E1,9.839954865010E1
7.834748600040E1,9.838700192015E1
7.828513521444E1,9.837220747038E1
7.821995732681E1,9.835710691786E1
7.811705252700E1,9.833396783706E1
7.807438363629E1,9.832442350479E1
7.799259395556E1,9.830624447658E1
7.791858663067E1,9.828982570188E1
7.796072253141E1,9.829901835075E1
7.791858691451E1,9.828968094193E1
7.787591773995E1,9.828028136962E1
7.779412805922E1,9.826210234141E1
7.773284848086E1,9.824849346755E1
7.766506056625E1,9.823395535166E1
7.760026356347E1,9.822104175500E1
7.746943173674E1,9.819597294945E1
7.741683423249E1,9.818598200402E1
7.734799770938E1,9.817462915923E1
7.728227995449E1,9.816358632879E1
7.724073025489E1,9.815566863197E1
7.715147398028E1,9.813870252417E1
7.706911184652E1,9.812442070105E1
7.701833744460E1,9.811660674407E1
7.692220362346E1,9.810232310786E1
7.685408091604E1,9.809264499804E1
7.678611677030E1,9.808396822547E1
7.672732206049E1,9.807671249537E1
7.662151518265E1,9.806303972470E1
7.649543187738E1,9.804656479249E1
7.643652723446E1,9.803956027291E1
7.639021117794E1,9.803473994353E1
7.634593001690E1,9.803031709657E1
7.626106610587E1,9.802306849235E1
7.617667469668E1,9.801647804366E1
7.606502588763E1,9.800722930932E1
7.597327643769E1,9.799871856908E1
7.591462727304E1,9.799416536100E1
7.586966519737E1,9.799018348239E1
7.582601066334E1,9.798508698472E1
7.702094090665E1,9.811679123089E1
7.679494786456E1,9.808501914682E1
7.675311055371E1,9.807980267895E1
7.643652737365E1,9.803948928485E1
7.639021127732E1,9.803468926098E1
7.634593001690E1,9.803031709657E1
7.626106610587E1,9.802306849235E1
7.617667469668E1,9.801647804366E1
7.594465192622E1,9.799655149444E1
7.589065626956E1,9.799186466948E1
7.583594150076E1,9.798601403399E1
7.424304029077E1,9.804703037134E1
7.418928361075E1,9.804658853015E1
7.409775716547E1,9.804909582114E1
7.400088128498E1,9.806566538762E1
7.395196405517E1,9.807439366551E1
7.386270132535E1,9.809149246414E1
7.379205734061E1,9.810581520102E1
7.373795806720E1,9.811770627816E1
7.368206530522E1,9.812978304415E1
7.363647451933E1,9.814066613012E1
7.353403367557E1,9.816642381417E1
7.333218386614E1,9.822159817936E1
7.328967276205E1,9.823345242260E1
7.319475945089E1,9.826006268801E1
7.312752937839E1,9.827971189422E1
7.307616814475E1,9.829456420418E1
7.302815625433E1,9.830903891278E1
7.298014436391E1,9.832351362138E1
7.292716672455E1,9.833897655793E1
7.287915483413E1,9.835345126653E1
7.283114294371E1,9.836792597514E1
7.277816530435E1,9.838338891169E1
7.273015341392E1,9.839786362029E1
7.268214152350E1,9.841233832889E1
7.262916388414E1,9.842780126544E1
7.258115199372E1,9.844227597404E1
7.253314010330E1,9.845675068264E1
7.248016246394E1,9.847221361919E1
7.243215057351E1,9.848668832780E1
7.238413868309E1,9.850116303640E1
7.233116104373E1,9.851662597295E1
7.228314915331E1,9.853110068155E1
7.223513726289E1,9.854557539015E1
7.218215962353E1,9.856103832670E1
7.213414773310E1,9.857551303530E1
7.202875444469E1,9.860662183368E1
7.196405561487E1,9.862598447573E1
7.185876937193E1,9.865386313026E1
7.181114081216E1,9.866658499007E1
7.169222891028E1,9.869765180138E1
7.149385541317E1,9.875138139754E1
7.144376205083E1,9.876481323555E1
7.138175940658E1,9.878067391318E1
7.131238754255E1,9.879825851790E1
7.122144047986E1,9.882023670107E1
7.116725956626E1,9.883318330116E1
7.110086695892E1,9.884790955154E1
7.105720805116E1,9.885747405832E1
7.098674751821E1,9.887323512440E1
7.094162208172E1,9.888317825138E1
7.085735693830E1,9.890109173147E1
7.079047192274E1,9.891648349730E1
7.183310242048E1,9.866033189444E1
7.177376808180E1,9.867648088468E1
7.169097027057E1,9.869782056989E1
7.163820634405E1,9.871184894774E1
7.147811374376E1,9.875582060181E1
7.135939094226E1,9.878605199851E1
7.129289989850E1,9.880302695370E1
7.118716230964E1,9.882830772150E1
7.113058915949E1,9.884125333706E1
7.107472571499E1,9.885358758396E1
7.099621903727E1,9.887112005858E1
7.094162208172E1,9.888317825138E1
7.085735693830E1,9.890109173147E1
7.076831949848E1,9.892160717680E1
6.924800621778E1,9.920783896866E1
6.919871120795E1,9.920605574259E1
6.924276848710E1,9.920738321691E1
6.919871150953E1,9.920590193514E1
6.903314177677E1,9.922745335141E1
6.898937762250E1,9.923451394718E1
6.893637218251E1,9.924303747534E1
6.886937179939E1,9.925392213639E1
6.880927102383E1,9.926382908139E1
6.869203630496E1,9.928302090161E1
6.863059840990E1,9.929289158300E1
6.855361620652E1,9.930511844843E1
6.861063808954E1,9.929605781156E1
6.848238437789E1,9.931566172217E1
6.838444153612E1,9.933029698005E1
6.832763137704E1,9.933888467193E1
6.818903201154E1,9.936099923391E1
6.814526785726E1,9.936805982968E1
6.809226241727E1,9.937658335783E1
6.802526203416E1,9.938746801888E1
6.796516125860E1,9.939737496389E1
6.784792653972E1,9.941656678411E1
6.778648864467E1,9.942643746550E1
6.770950644129E1,9.943866433093E1
6.776652832430E1,9.942960369406E1
6.763827461266E1,9.944920760467E1
6.754033177089E1,9.946384286255E1
6.748352161181E1,9.947243055443E1
6.734492224630E1,9.949454511640E1
6.730115809203E1,9.950160571218E1
6.724815265204E1,9.951012924033E1
6.719470536749E1,9.951862450462E1
6.707654205573E1,9.953562924269E1
6.699873996379E1,9.954695436286E1
6.694855774317E1,9.955494533198E1
6.689678938305E1,9.956315266634E1
6.677862607129E1,9.958015740440E1
6.670082397936E1,9.959148252458E1
6.665064175873E1,9.959947349370E1
6.658532030005E1,9.961007022481E1
6.652521952449E1,9.961997716982E1
6.640798480561E1,9.963916899004E1
6.634654691056E1,9.964903967142E1
6.628198931597E1,9.965928564200E1
6.623582594915E1,9.966575677286E1
6.616502060207E1,9.967512827774E1
6.610880904052E1,9.968232205142E1
6.605989004945E1,9.968875408455E1
6.599454822521E1,9.969782177250E1
6.588487811798E1,9.971374188955E1
6.580707602604E1,9.972506700973E1
6.575689380542E1,9.973305797885E1
6.569280006548E1,9.974316519109E1
6.560628160895E1,9.975637246953E1
6.553258978523E1,9.976787817064E1
6.545094082007E1,9.977978608378E1
6.540509220456E1,9.978645288274E1
6.533811585428E1,9.979586704522E1
6.538497631108E1,9.978913716193E1
6.529306053021E1,9.980208836189E1
6.524060877709E1,9.980945872193E1
6.516894137690E1,9.981920490913E1
6.511190446441E1,9.982701030020E1
6.505985589836E1,9.983467961075E1
6.510776686303E1,9.982756722391E1
6.495568267692E1,9.984936755927E1
6.490896724607E1,9.985493213028E1
6.485213928895E1,9.986234172850E1
6.479720960450E1,9.986973614593E1
6.466439295184E1,9.988976001987E1
6.458920364384E1,9.990150125844E1
6.450755467868E1,9.991340917158E1
6.446170606317E1,9.992007597054E1
6.439839096295E1,9.992919716311E1
6.444313021668E1,9.992262673262E1
6.435626413570E1,9.993520806714E1
6.430513584848E1,9.994255850050E1
6.420317331831E1,9.995597614007E1
6.413399895298E1,9.996484171281E1
6.408539615181E1,9.997129987144E1
6.403828883581E1,9.997763562226E1
6.398764525485E1,9.998443470468E1
6.394333397096E1,9.998987695319E1
6.387921584412E1,9.999797823231E1
6.382250602334E1,1.000052434475E2
6.375237450464E1,1.000154261675E2
6.380695965756E1,1.000074331915E2
6.370726888460E1,1.000221100397E2
6.365535896426E1,1.000296205183E2
6.359212487580E1,1.000379228107E2
6.352006221761E1,1.000471446468E2
6.345803322190E1,1.000552401298E2
6.339548025575E1,1.000634360670E2
6.345803360965E1,1.000550423773E2
6.335856541581E1,1.000682404890E2
6.329222477826E1,1.000768180165E2
6.324315053994E1,1.000828837424E2
6.318618732681E1,1.000899666389E2
6.311047904938E1,1.000998068941E2
6.304792608323E1,1.001080028314E2
6.311047943713E1,1.000996091417E2
6.301101124330E1,1.001128072534E2
6.294467060575E1,1.001213847809E2
6.289559636743E1,1.001274505067E2
6.283863315429E1,1.001345334033E2
6.276292487687E1,1.001443736585E2
6.270370359764E1,1.001523512223E2
6.276292526462E1,1.001441759061E2
6.266813322870E1,1.001571018648E2
6.261923354280E1,1.001638147340E2
6.255636456731E1,1.001717833857E2
6.250833339456E1,1.001779323500E2
6.239659278208E1,1.001904556606E2
6.229634699076E1,1.002016594591E2
6.224573786615E1,1.002072770750E2
6.218992071739E1,1.002131802082E2
6.214643265020E1,1.002179814658E2
6.205449415944E1,1.002281256283E2
6.200520973592E1,1.002337312888E2
6.192937826193E1,1.002427699685E2
6.200521018829E1,1.002335005776E2
6.183601418196E1,1.002539622687E2
6.179289867014E1,1.002589985179E2
6.174470315763E1,1.002644838300E2
6.169647120671E1,1.002699394083E2
6.164272161355E1,1.002759550589E2
6.156184107723E1,1.002851369630E2
6.150705752231E1,1.002914477684E2
6.146319821307E1,1.002964367821E2
6.141133512189E1,1.003021846136E2
6.135641477701E1,1.003081548163E2
6.129977065936E1,1.003144194529E2
6.124738268578E1,1.003203304015E2
6.116464871664E1,1.003297423300E2
6.110986516172E1,1.003360531355E2
6.106600585247E1,1.003410421491E2
6.101651899011E1,1.003465152139E2
6.095825127472E1,1.003531343029E2
6.086104631468E1,1.003647591350E2
6.075877829589E1,1.003771454093E2
6.178184198730E1,1.002603157131E2
6.172328242483E1,1.002669235130E2
6.146221319728E1,1.002965654948E2
6.141068019373E1,1.003022703856E2
6.136430817122E1,1.003072612245E2
6.129977081671E1,1.003143392056E2
6.106502083669E1,1.003411708618E2
6.101586406195E1,1.003466009859E2
6.095214060004E1,1.003537807642E2
6.086104653182E1,1.003646483937E2
6.073481643007E1,1.003800497578E2
5.923269608034E1,1.005370413846E2
5.913803889190E1,1.005311563432E2
5.908564643990E1,1.005315111864E2
5.902844010927E1,1.005356715268E2
5.897729911440E1,1.005415303781E2
5.891419696743E1,1.005476735975E2
5.882725547556E1,1.005533634555E2
5.874031648915E1,1.005577755286E2
5.868024236381E1,1.005612729373E2
5.863446205280E1,1.005650909578E2
5.857017847326E1,1.005708617220E2
5.851968170555E1,1.005761879717E2
5.846219630508E1,1.005827777656E2
5.841201375931E1,1.005878922980E2
5.831559760328E1,1.005964470591E2
5.823150509866E1,1.006008078723E2
5.814741831863E1,1.006022491404E2
5.809177294679E1,1.006033146412E2
5.800335577073E1,1.006085366193E2
5.794906959109E1,1.006133789401E2
5.789875786756E1,1.006184541543E2
5.784815089934E1,1.006238806841E2
5.776663045833E1,1.006326906783E2
5.767021430230E1,1.006412454394E2
5.759007028991E1,1.006456031819E2
5.753253314337E1,1.006466546656E2
5.745239682957E1,1.006470861234E2
5.739675145773E1,1.006481516241E2
5.730833428167E1,1.006533736023E2
5.725404810203E1,1.006582159231E2
5.720373637850E1,1.006632911372E2
5.715312941028E1,1.006687176671E2
5.707160896927E1,1.006775276613E2
5.697519281325E1,1.006860824224E2
5.687440343238E1,1.006906575680E2
5.680851843991E1,1.006915141960E2
5.670773715244E1,1.006919617090E2
5.665209178060E1,1.006930272097E2
5.656367460453E1,1.006982491879E2
5.650938842489E1,1.007030915087E2
5.645907670136E1,1.007081667228E2
5.640846973315E1,1.007135932527E2
5.632694929213E1,1.007224032469E2
5.623053313611E1,1.007309580080E2
5.612974375524E1,1.007355331536E2
5.607694519418E1,1.007363796046E2
5.601737936848E1,1.007364259277E2
5.596458238662E1,1.007364669869E2
5.586380109915E1,1.007369144999E2
5.580815572730E1,1.007379800006E2
5.571798141098E1,1.007427551071E2
5.566404792405E1,1.007470418251E2
5.561411897419E1,1.007516366049E2
5.556501459771E1,1.007566956039E2
5.548356261650E1,1.007653650506E2
5.538660097818E1,1.007739241659E2
5.528581022867E1,1.007791973178E2
5.523301000945E1,1.007808894300E2
5.515358803996E1,1.007813941597E2
5.510394985189E1,1.007814327624E2
5.505431166381E1,1.007814713650E2
5.497173176910E1,1.007815355858E2
5.487095048162E1,1.007819830988E2
5.481530510978E1,1.007830485995E2
5.472513079346E1,1.007878237060E2
5.467119730653E1,1.007921104239E2
5.462126835666E1,1.007967052038E2
5.457216398019E1,1.008017642027E2
5.449071199898E1,1.008104336495E2
5.439375036066E1,1.008189927648E2
5.429295961115E1,1.008242659166E2
5.424015939192E1,1.008259580289E2
5.416073742244E1,1.008264627586E2
5.411109923436E1,1.008265013613E2
5.406146104628E1,1.008265399639E2
5.401182285821E1,1.008265785666E2
5.396218467013E1,1.008266171692E2
5.391254648205E1,1.008266557719E2
5.386290829397E1,1.008266943745E2
5.378032839926E1,1.008267585953E2
5.367954711179E1,1.008272061083E2
5.362390173995E1,1.008282716090E2
5.353372817328E1,1.008326643941E2
5.347979549088E1,1.008365408011E2
5.342986758007E1,1.008406056597E2
5.338117780473E1,1.008451800602E2
5.330606891073E1,1.008534667851E2
5.325942818299E1,1.008578893374E2
5.320301301821E1,1.008620809715E2
5.310155963659E1,1.008677573339E2
5.304875862777E1,1.008698521420E2
5.296933477641E1,1.008713166302E2
5.291969586453E1,1.008717243707E2
5.287005767645E1,1.008717629734E2
5.282041948837E1,1.008718015761E2
5.277078130030E1,1.008718401787E2
5.272114311222E1,1.008718787814E2
5.267150492414E1,1.008719173840E2
5.262186673606E1,1.008719559867E2
5.257222854799E1,1.008719945893E2
5.252259035991E1,1.008720331920E2
5.247295217183E1,1.008720717946E2
5.242331398375E1,1.008721103973E2
5.234073408904E1,1.008721746181E2
5.223995280157E1,1.008726221310E2
5.218430742973E1,1.008736876318E2
5.209829126423E1,1.008780282378E2
5.202887667186E1,1.008823142153E2
5.198600158355E1,1.008852519869E2
5.193827104557E1,1.008888041229E2
5.188619713821E1,1.008931349103E2
5.182663512472E1,1.008982546566E2
5.176155598472E1,1.009033495077E2
5.170206364823E1,1.009068262158E2
5.165965630419E1,1.009091184266E2
5.158662935253E1,1.009127718989E2
5.149612738000E1,1.009158733462E2
5.144553202587E1,1.009168777581E2
5.137510336681E1,1.009172220486E2
5.132918140672E1,1.009172577612E2
5.128154880200E1,1.009172948041E2
5.123191061392E1,1.009173334068E2
5.118227242584E1,1.009173720094E2
5.113263423777E1,1.009174106121E2
5.108299604969E1,1.009174492147E2
5.103335786161E1,1.009174878174E2
5.098371967353E1,1.009175264201E2
5.089800026808E1,1.009184133875E2
5.074535588018E1,1.009186392744E2
5.185206431220E1,1.008961895012E2
5.180004580766E1,1.009003861124E2
5.158662935253E1,1.009127718989E2
5.149612738000E1,1.009158733462E2
5.144553202587E1,1.009168777581E2
5.137510336681E1,1.009172220486E2
5.132918140672E1,1.009172577612E2
5.128154880200E1,1.009172948041E2
5.123191061392E1,1.009173334068E2
5.118227242584E1,1.009173720094E2
5.113263423777E1,1.009174106121E2
5.108299604969E1,1.009174492147E2
5.103335786161E1,1.009174878174E2
5.098371967353E1,1.009175264201E2
5.089800026808E1,1.009184133875E2
5.074535588018E1,1.009186392744E2
4.926306376382E1,1.009940511010E2
4.908372682609E1,1.009655153097E2
4.902788820731E1,1.009633439104E2
4.894846710638E1,1.009634056747E2
4.889882891830E1,1.009634442773E2
4.884919073023E1,1.009634828800E2
4.879955254215E1,1.009635214826E2
4.874991435407E1,1.009635600853E2
4.870027616599E1,1.009635986879E2
4.865063797792E1,1.009636372906E2
4.860099978984E1,1.009636758933E2
4.855136160176E1,1.009637144959E2
4.850172341368E1,1.009637530986E2
4.845208522561E1,1.009637917012E2
4.840244703753E1,1.009638303039E2
4.835280884945E1,1.009638689065E2
4.830317066137E1,1.009639075092E2
4.825353247330E1,1.009639461118E2
4.820389428522E1,1.009639847145E2
4.815425609714E1,1.009640233171E2
4.810461790906E1,1.009640619198E2
4.805497972099E1,1.009641005224E2
4.800534153291E1,1.009641391251E2
4.795570334483E1,1.009641777278E2
4.790606515675E1,1.009642163304E2
4.785642696868E1,1.009642549331E2
4.780678878060E1,1.009642935357E2
4.775715059252E1,1.009643321384E2
4.770751240444E1,1.009643707410E2
4.765787421636E1,1.009644093437E2
4.760823602829E1,1.009644479463E2
4.755859784021E1,1.009644865490E2
4.747601794550E1,1.009645507698E2
4.737523665803E1,1.009649982827E2
4.731959128618E1,1.009660637835E2
4.722941771951E1,1.009704565686E2
4.717548630178E1,1.009736879984E2
4.712556015889E1,1.009768512165E2
4.707687321764E1,1.009799802265E2
4.700276369033E1,1.009848986905E2
4.695782360860E1,1.009862966080E2
4.688071737725E1,1.009871619626E2
4.681880752601E1,1.009872101087E2
4.676434340298E1,1.009872524644E2
4.671470521491E1,1.009872910670E2
4.666506702683E1,1.009873296697E2
4.661542883875E1,1.009873682723E2
4.656579065067E1,1.009874068750E2
4.651615246260E1,1.009874454776E2
4.646651427452E1,1.009874840803E2
4.641687608644E1,1.009875226829E2
4.636723789836E1,1.009875612856E2
4.631759971029E1,1.009875998882E2
4.626796152221E1,1.009876384909E2
4.621832333413E1,1.009876770936E2
4.616868514605E1,1.009877156962E2
4.611904695797E1,1.009877542989E2
4.606940876990E1,1.009877929015E2
4.601977058182E1,1.009878315042E2
4.597013239374E1,1.009878701068E2
4.592049420566E1,1.009879087095E2
4.587085601759E1,1.009879473121E2
4.582121782951E1,1.009879859148E2
4.577157964143E1,1.009880245174E2
4.572194145335E1,1.009880631201E2
4.567230326528E1,1.009881017227E2
4.562266507720E1,1.009881403254E2
4.557302688912E1,1.009881789281E2
4.552338870104E1,1.009882175307E2
4.547375051297E1,1.009882561334E2
4.542411232489E1,1.009882947360E2
4.537447413681E1,1.009883333387E2
4.532483594873E1,1.009883719413E2
4.527037182570E1,1.009884142970E2
4.520575542393E1,1.009879611789E2
4.511038329374E1,1.009851936789E2
4.505784659972E1,1.009826209654E2
4.500819714069E1,1.009797142685E2
4.496493642997E1,1.009770233266E2
4.488075225706E1,1.009724966431E2
4.479790304918E1,1.009689180089E2
4.471297510500E1,1.009671022298E2
4.465972765648E1,1.009667409440E2
4.458030655556E1,1.009668027082E2
4.453066836748E1,1.009668413109E2
4.448103017940E1,1.009668799136E2
4.443139199132E1,1.009669185162E2
4.438175380325E1,1.009669571189E2
4.433211561517E1,1.009669957215E2
4.428247742709E1,1.009670343242E2
4.423283923901E1,1.009670729268E2
4.418320105094E1,1.009671115295E2
4.413356286286E1,1.009671501321E2
4.408392467478E1,1.009671887348E2
4.403428648670E1,1.009672273374E2
4.398464829863E1,1.009672659401E2
4.393501011055E1,1.009673045428E2
4.388537192247E1,1.009673431454E2
4.383573373439E1,1.009673817481E2
4.378609554632E1,1.009674203507E2
4.373645735824E1,1.009674589534E2
4.368681917016E1,1.009674975560E2
4.363718098208E1,1.009675361587E2
4.358754279401E1,1.009675747613E2
4.353790460593E1,1.009676133640E2
4.348826641785E1,1.009676519666E2
4.343862822977E1,1.009676905693E2
4.338899004170E1,1.009677291720E2
4.333935185362E1,1.009677677746E2
4.328971366554E1,1.009678063773E2
4.324007547746E1,1.009678449799E2
4.319043728939E1,1.009678835826E2
4.314079910131E1,1.009679221852E2
4.309116091323E1,1.009679607879E2
4.304152272515E1,1.009679993905E2
4.299188453708E1,1.009680379932E2
4.294224634900E1,1.009680765958E2
4.289260816092E1,1.009681151985E2
4.284296997284E1,1.009681538011E2
4.279333178477E1,1.009681924038E2
4.274369359669E1,1.009682310065E2
4.269405540861E1,1.009682696091E2
4.264441722053E1,1.009683082118E2
4.259477903246E1,1.009683468144E2
4.254514084438E1,1.009683854171E2
4.249550265630E1,1.009684240197E2
4.244586446822E1,1.009684626224E2
4.239622628014E1,1.009685012250E2
4.234658809207E1,1.009685398277E2
4.229694990399E1,1.009685784303E2
4.224731171591E1,1.009686170330E2
4.219767352783E1,1.009686556357E2
4.211464237687E1,1.009687202074E2
4.203249493607E1,1.009687840918E2
4.195010905675E1,1.009688481617E2
4.188316954406E1,1.009689002193E2
4.180412474931E1,1.009689616909E2
4.174861897703E1,1.009690048567E2
4.169521222251E1,1.009690463900E2
4.165165392345E1,1.009688433849E2
4.158599436515E1,1.009678767423E2
4.149550427918E1,1.009649160490E2
4.142211821272E1,1.009613764392E2
4.132748052747E1,1.009557812968E2
4.126308617867E1,1.009510789879E2
4.121839064236E1,1.009473590076E2
4.114429471966E1,1.009413480879E2
4.107557077564E1,1.009364536597E2
4.100339914757E1,1.009321512492E2
4.094399632846E1,1.009291130334E2
4.082637943121E1,1.009257611656E2
4.073600425412E1,1.009254253975E2
4.180412474931E1,1.009689616909E2
4.174861897703E1,1.009690048567E2
4.169521222251E1,1.009690463900E2
4.165165392345E1,1.009688433849E2
4.158599436515E1,1.009678767423E2
4.149550427918E1,1.009649160490E2
4.132748078144E1,1.009556517747E2
4.126308636667E1,1.009509831079E2
4.121839064236E1,1.009473590076E2
4.114429471966E1,1.009413480879E2
4.107557090152E1,1.009363894618E2
4.100339914757E1,1.009321512492E2
4.094399632846E1,1.009291130334E2
4.082637943121E1,1.009257611656E2
4.073600425412E1,1.009254253975E2
3.923313749847E1,1.009558935835E2
3.913661087993E1,1.009316966732E2
3.898436253970E1,1.009072502022E2
3.893469513119E1,1.009013268542E2
3.887796770039E1,1.008959624261E2
3.877542883547E1,1.008886516780E2
3.869257962759E1,1.008850730437E2
3.860765168341E1,1.008832572646E2
3.855440423489E1,1.008828959789E2
3.847498313396E1,1.008829577431E2
3.842534494589E1,1.008829963458E2
3.837570675781E1,1.008830349485E2
3.832606856973E1,1.008830735511E2
3.827643038165E1,1.008831121538E2
3.822679219358E1,1.008831507564E2
3.817715400550E1,1.008831893591E2
3.812751581742E1,1.008832279617E2
3.807787762934E1,1.008832665644E2
3.802823944127E1,1.008833051670E2
3.797860125319E1,1.008833437697E2
3.792896306511E1,1.008833823723E2
3.787932487703E1,1.008834209750E2
3.782968668895E1,1.008834595776E2
3.778004922468E1,1.008831290424E2
3.769442798256E1,1.008808331496E2
3.758328905555E1,1.008731887900E2
3.749208969712E1,1.008645579102E2
3.744616467095E1,1.008599789016E2
3.738890628565E1,1.008541644356E2
3.728636942871E1,1.008458296158E2
3.720352084123E1,1.008419345776E2
3.711859289705E1,1.008401187985E2
3.706534544853E1,1.008397575127E2
3.698592434761E1,1.008398192770E2
3.693628615953E1,1.008398578796E2
3.688664797145E1,1.008398964823E2
3.683700978338E1,1.008399350849E2
3.678737159530E1,1.008399736876E2
3.673773340722E1,1.008400122903E2
3.668809521914E1,1.008400508929E2
3.663845703107E1,1.008400894956E2
3.658881884299E1,1.008401280982E2
3.653918137871E1,1.008397975630E2
3.645356013660E1,1.008375016701E2
3.634242120959E1,1.008298573106E2
3.625122185115E1,1.008212264307E2
3.620529682498E1,1.008166474222E2
3.614803843969E1,1.008108329562E2
3.604550158275E1,1.008024981363E2
3.596265299527E1,1.007986030982E2
3.587772505109E1,1.007967873191E2
3.582447760257E1,1.007964260333E2
3.574505650164E1,1.007964877975E2
3.569541831356E1,1.007965264002E2
3.564578012549E1,1.007965650029E2
3.559614193741E1,1.007966036055E2
3.554650374933E1,1.007966422082E2
3.549686556125E1,1.007966808108E2
3.544722737318E1,1.007967194135E2
3.539758990890E1,1.007963888782E2
3.531196866678E1,1.007940929854E2
3.520082973977E1,1.007864486258E2
3.510963038134E1,1.007778177460E2
3.506370535517E1,1.007732387374E2
3.500644696987E1,1.007674242715E2
3.490391011293E1,1.007590894516E2
3.482106152546E1,1.007551944134E2
3.473613358127E1,1.007533786343E2
3.468288613275E1,1.007530173486E2
3.460346503183E1,1.007530791128E2
3.455382684375E1,1.007531177155E2
3.450418865568E1,1.007531563181E2
3.445455046760E1,1.007531949208E2
3.440491227952E1,1.007532335234E2
3.435527409144E1,1.007532721261E2
3.430563662717E1,1.007529415908E2
3.422001538505E1,1.007506456980E2
3.410887645804E1,1.007430013384E2
3.401767709960E1,1.007343704586E2
3.397175207343E1,1.007297914500E2
3.391449368814E1,1.007239769841E2
3.381195683120E1,1.007156421642E2
3.372910824372E1,1.007117471260E2
3.364418029954E1,1.007099313469E2
3.359093285102E1,1.007095700612E2
3.351151175010E1,1.007096318254E2
3.346187356202E1,1.007096704281E2
3.341223537394E1,1.007097090307E2
3.336259718586E1,1.007097476334E2
3.331295899779E1,1.007097862360E2
3.326332080971E1,1.007098248387E2
3.321368334543E1,1.007094943035E2
3.312806210332E1,1.007071984106E2
3.301692317631E1,1.006995540510E2
3.292572381787E1,1.006909231712E2
3.287979879170E1,1.006863441626E2
3.282254040641E1,1.006805296967E2
3.272000354947E1,1.006721948768E2
3.263715496199E1,1.006682998386E2
3.255222701781E1,1.006664840595E2
3.249897956929E1,1.006661227738E2
3.241955846836E1,1.006661845380E2
3.236992028029E1,1.006662231407E2
3.232028209221E1,1.006662617433E2
3.227064390413E1,1.006663003460E2
3.222100571605E1,1.006663389486E2
3.217136752798E1,1.006663775513E2
3.208833716661E1,1.006660394271E2
3.200341005758E1,1.006637977197E2
3.193353413854E1,1.006591910569E2
3.182616609675E1,1.006490696058E2
3.176263812772E1,1.006425293549E2
3.171972243704E1,1.006383072809E2
3.166644692955E1,1.006337347148E2
3.156841497799E1,1.006271375260E2
3.146303016299E1,1.006236722293E2
3.140702580502E1,1.006229215783E2
3.132760518663E1,1.006227372506E2
3.127796699855E1,1.006227758533E2
3.122832881047E1,1.006228144559E2
3.117869062240E1,1.006228530586E2
3.112905243432E1,1.006228916612E2
3.107941424624E1,1.006229302639E2
3.102977605816E1,1.006229688665E2
3.098013787009E1,1.006230074692E2
3.089715685870E1,1.006230720019E2
3.078971190867E1,1.006231555598E2
3.070696859631E1,1.006190623362E2
3.174069878719E1,1.006403098170E2
3.169852268764E1,1.006363781967E2
3.164686558738E1,1.006320933273E2
3.156841497799E1,1.006271375260E2
3.146303016299E1,1.006236722293E2
3.140702580502E1,1.006229215783E2
3.132760518663E1,1.006227372506E2
3.127796699855E1,1.006227758533E2
3.122832881047E1,1.006228144559E2
3.117869062240E1,1.006228530586E2
3.112905243432E1,1.006228916612E2
3.107941424624E1,1.006229302639E2
3.102977605816E1,1.006229688665E2
3.098013787009E1,1.006230074692E2
3.089715685870E1,1.006230720019E2
3.078971190867E1,1.006231555598E2
3.070696859631E1,1.006190623362E2
2.917734691112E1,1.005752095575E2
2.909539205543E1,1.005531354970E2
2.899740063197E1,1.005418840346E2
2.891455142409E1,1.005383054003E2
2.882962347991E1,1.005364896212E2
2.877637603139E1,1.005361283355E2
2.869695493046E1,1.005361900997E2
2.864731674239E1,1.005362287024E2
2.859767855431E1,1.005362673050E2
2.854804036623E1,1.005363059077E2
2.849840217815E1,1.005363445103E2
2.844876399008E1,1.005363831130E2
2.839912580200E1,1.005364217156E2
2.834948761392E1,1.005364603183E2
2.829984942584E1,1.005364989209E2
2.825021123777E1,1.005365375236E2
2.820057304969E1,1.005365761263E2
2.815093486161E1,1.005366147289E2
2.810129739733E1,1.005362841937E2
2.801567615522E1,1.005339883008E2
2.790453722821E1,1.005263439413E2
2.781333786977E1,1.005177130614E2
2.776741284360E1,1.005131340529E2
2.771015445831E1,1.005073195869E2
2.760761760137E1,1.004989847670E2
2.752476901389E1,1.004950897288E2
2.743984106971E1,1.004932739497E2
2.738659362119E1,1.004929126640E2
2.730717252026E1,1.004929744282E2
2.725753433219E1,1.004930130309E2
2.720789614411E1,1.004930516335E2
2.715825795603E1,1.004930902362E2
2.710861976795E1,1.004931288389E2
2.705898157988E1,1.004931674415E2
2.700934339180E1,1.004932060442E2
2.695970520372E1,1.004932446468E2
2.691006701564E1,1.004932832495E2
2.686042882757E1,1.004933218521E2
2.681079063949E1,1.004933604548E2
2.676115245141E1,1.004933990574E2
2.671151426333E1,1.004934376601E2
2.666187679906E1,1.004931071249E2
2.661224005858E1,1.004924074518E2
2.652662069834E1,1.004891518004E2
2.641441884035E1,1.004811285834E2
2.632361787046E1,1.004727471699E2
2.627782573114E1,1.004682050731E2
2.622109830034E1,1.004628406450E2
2.611855943541E1,1.004555298970E2
2.603571022753E1,1.004519512627E2
2.595078228335E1,1.004501354836E2
2.589753483483E1,1.004497741978E2
2.581811373391E1,1.004498359621E2
2.576847554583E1,1.004498745647E2
2.571883735775E1,1.004499131674E2
2.566919916968E1,1.004499517700E2
2.561956098160E1,1.004499903727E2
2.556992279352E1,1.004500289753E2
2.552028460544E1,1.004500675780E2
2.547064641737E1,1.004501061807E2
2.542100822929E1,1.004501447833E2
2.537137004121E1,1.004501833860E2
2.532173185313E1,1.004502219886E2
2.527209366506E1,1.004502605913E2
2.522245547698E1,1.004502991939E2
2.517281801270E1,1.004499686587E2
2.512318127222E1,1.004492689856E2
2.503756191199E1,1.004460133342E2
2.492536005400E1,1.004379901172E2
2.483455908410E1,1.004296087037E2
2.478876694479E1,1.004250666070E2
2.473203951398E1,1.004197021788E2
2.462950064906E1,1.004123914308E2
2.454665144118E1,1.004088127965E2
2.446172349700E1,1.004069970174E2
2.440847604848E1,1.004066357317E2
2.432905494756E1,1.004066974959E2
2.427941675948E1,1.004067360986E2
2.422977857140E1,1.004067747012E2
2.418014038332E1,1.004068133039E2
2.413050219525E1,1.004068519065E2
2.408086400717E1,1.004068905092E2
2.403122581909E1,1.004069291118E2
2.398158763101E1,1.004069677145E2
2.393194944294E1,1.004070063171E2
2.388231125486E1,1.004070449198E2
2.383267306678E1,1.004070835225E2
2.378303487870E1,1.004071221251E2
2.373339669063E1,1.004071607278E2
2.368375850255E1,1.004071993304E2
2.363412103827E1,1.004068687952E2
2.358448429779E1,1.004061691221E2
2.349886493756E1,1.004029134707E2
2.338666307957E1,1.003948902537E2
2.329586210967E1,1.003865088402E2
2.325006997035E1,1.003819667434E2
2.319334253955E1,1.003766023153E2
2.309080367463E1,1.003692915673E2
2.300795446675E1,1.003657129330E2
2.292302652257E1,1.003638971539E2
2.286977907405E1,1.003635358682E2
2.279035797312E1,1.003635976324E2
2.274071978505E1,1.003636362351E2
2.269108159697E1,1.003636748377E2
2.264144340889E1,1.003637134404E2
2.259180522081E1,1.003637520430E2
2.254216703274E1,1.003637906457E2
2.249252884466E1,1.003638292483E2
2.244289065658E1,1.003638678510E2
2.239325246850E1,1.003639064536E2
2.234361428043E1,1.003639450563E2
2.229397609235E1,1.003639836589E2
2.224433790427E1,1.003640222616E2
2.219469971619E1,1.003640608643E2
2.214506152812E1,1.003640994669E2
2.209542334004E1,1.003641380696E2
2.201239297867E1,1.003637999454E2
2.192746503449E1,1.003619841663E2
2.185991262754E1,1.003590474626E2
2.176135781648E1,1.003516281485E2
2.168683794682E1,1.003445507314E2
2.163185356779E1,1.003391109182E2
2.158725264653E1,1.003351005246E2
2.153716006572E1,1.003309527202E2
2.144283260197E1,1.003249366469E2
2.133744778697E1,1.003214713503E2
2.128144342901E1,1.003207206992E2
2.120202281061E1,1.003205363716E2
2.115238462254E1,1.003205749742E2
2.110274643446E1,1.003206135769E2
2.105310824638E1,1.003206521795E2
2.100347005830E1,1.003206907822E2
2.095383187023E1,1.003207293848E2
2.086811568167E1,1.003199757395E2
2.071547171407E1,1.003199872694E2
2.165625780678E1,1.003414212647E2
2.161144290118E1,1.003371601763E2
2.153716006572E1,1.003309527202E2
2.144283260197E1,1.003249366469E2
2.133744778697E1,1.003214713503E2
2.128144342901E1,1.003207206992E2
2.120202281061E1,1.003205363716E2
2.115238462254E1,1.003205749742E2
2.110274643446E1,1.003206135769E2
2.105310824638E1,1.003206521795E2
2.100347005830E1,1.003206907822E2
2.095383187023E1,1.003207293848E2
2.086811568167E1,1.003199757395E2
2.071547171407E1,1.003199872694E2
1.920910287845E1,1.003061591130E2
1.905620593154E1,1.002813160748E2
1.899817411594E1,1.002779537836E2
1.891875301502E1,1.002780155479E2
1.886911482694E1,1.002780541505E2
1.881947663886E1,1.002780927532E2
1.876983845079E1,1.002781313558E2
1.872020026271E1,1.002781699585E2
1.867056207463E1,1.002782085611E2
1.862092388655E1,1.002782471638E2
1.857128569848E1,1.002782857664E2
1.852164751040E1,1.002783243691E2
1.847200932232E1,1.002783629717E2
1.842237113424E1,1.002784015744E2
1.837273366997E1,1.002780710392E2
1.832309692949E1,1.002773713661E2
1.827346163661E1,1.002759334172E2
1.818784357921E1,1.002720133176E2
1.807673737359E1,1.002641196451E2
1.800744647020E1,1.002579893196E2
1.795686752546E1,1.002531738159E2
1.790722114718E1,1.002486959321E2
1.786396160183E1,1.002454106573E2
1.777977811825E1,1.002405324139E2
1.769692891037E1,1.002369537796E2
1.761200096619E1,1.002351380005E2
1.755875351767E1,1.002347767148E2
1.747933241674E1,1.002348384790E2
1.742969422867E1,1.002348770817E2
1.738005604059E1,1.002349156843E2
1.733041785251E1,1.002349542870E2
1.728077966443E1,1.002349928897E2
1.723114147636E1,1.002350314923E2
1.718150328828E1,1.002350700950E2
1.713186510020E1,1.002351086976E2
1.708222691212E1,1.002351473003E2
1.703258872404E1,1.002351859029E2
1.698295053597E1,1.002352245056E2
1.693331234789E1,1.002352631082E2
1.688367415981E1,1.002353017109E2
1.683403597173E1,1.002353403135E2
1.678439778366E1,1.002353789162E2
1.673475959558E1,1.002354175189E2
1.668512140750E1,1.002354561215E2
1.663548321942E1,1.002354947242E2
1.658584503135E1,1.002355333268E2
1.653620684327E1,1.002355719295E2
1.648656865519E1,1.002356105321E2
1.643693046711E1,1.002356491348E2
1.638729227904E1,1.002356877374E2
1.633765481476E1,1.002353572022E2
1.628801807428E1,1.002346575291E2
1.623838278140E1,1.002332195802E2
1.615276472401E1,1.002292994807E2
1.604165851839E1,1.002214058081E2
1.597236761500E1,1.002152754826E2
1.592178867025E1,1.002104599789E2
1.587214229197E1,1.002059820951E2
1.582888274662E1,1.002026968203E2
1.574469926304E1,1.001978185770E2
1.566185005516E1,1.001942399427E2
1.557692211098E1,1.001924241636E2
1.552367466246E1,1.001920628778E2
1.544425356154E1,1.001921246421E2
1.539461537346E1,1.001921632447E2
1.534497718538E1,1.001922018474E2
1.529533899730E1,1.001922404500E2
1.524570080923E1,1.001922790527E2
1.519606262115E1,1.001923176553E2
1.514642443307E1,1.001923562580E2
1.509678624499E1,1.001923948607E2
1.504714805692E1,1.001924334633E2
1.499750986884E1,1.001924720660E2
1.494787168076E1,1.001925106686E2
1.489823349268E1,1.001925492713E2
1.484859530461E1,1.001925878739E2
1.479895711653E1,1.001926264766E2
1.474931892845E1,1.001926650792E2
1.469968074037E1,1.001927036819E2
1.465004255229E1,1.001927422845E2
1.460040436422E1,1.001927808872E2
1.455076617614E1,1.001928194899E2
1.450112798806E1,1.001928580925E2
1.445148979998E1,1.001928966952E2
1.440185161191E1,1.001929352978E2
1.435221342383E1,1.001929739005E2
1.430257523575E1,1.001930125031E2
1.425293704767E1,1.001930511058E2
1.420329885960E1,1.001930897084E2
1.415366139532E1,1.001927591732E2
1.410402465484E1,1.001920595001E2
1.405438936196E1,1.001906215512E2
1.396877130457E1,1.001867014517E2
1.385766509895E1,1.001788077791E2
1.378837419556E1,1.001726774536E2
1.373779525081E1,1.001678619499E2
1.368814887253E1,1.001633840661E2
1.364488932718E1,1.001600987913E2
1.356070584360E1,1.001552205480E2
1.347785663572E1,1.001516419137E2
1.339292869154E1,1.001498261346E2
1.333968124302E1,1.001494648488E2
1.326026014210E1,1.001495266131E2
1.321062195402E1,1.001495652157E2
1.316098376594E1,1.001496038184E2
1.311134557786E1,1.001496424210E2
1.306170738979E1,1.001496810237E2
1.301206920171E1,1.001497196263E2
1.296243101363E1,1.001497582290E2
1.291279282555E1,1.001497968317E2
1.286315463748E1,1.001498354343E2
1.281351644940E1,1.001498740370E2
1.276387826132E1,1.001499126396E2
1.271424007324E1,1.001499512423E2
1.266460188517E1,1.001499898449E2
1.261496369709E1,1.001500284476E2
1.256532550901E1,1.001500670502E2
1.251568732093E1,1.001501056529E2
1.246604913285E1,1.001501442555E2
1.241641094478E1,1.001501828582E2
1.236677275670E1,1.001502214608E2
1.231713456862E1,1.001502600635E2
1.226749638054E1,1.001502986662E2
1.221785819247E1,1.001503372688E2
1.213482704150E1,1.001504018405E2
1.205267960070E1,1.001504657250E2
1.197029372139E1,1.001505297949E2
1.190335420870E1,1.001505818524E2
1.183137934105E1,1.001506378259E2
1.176240455656E1,1.001497686230E2
1.168571774606E1,1.001473997258E2
1.159121744158E1,1.001429422644E2
1.149657975634E1,1.001373471220E2
1.143218540753E1,1.001326448131E2
1.138748987123E1,1.001289248328E2
1.131339394853E1,1.001229139131E2
1.124467000450E1,1.001180194849E2
1.117249837644E1,1.001137170744E2
1.111705566325E1,1.001111455901E2
1.101313894671E1,1.001080179734E2
1.095713458874E1,1.001072673224E2
1.089977538727E1,1.001070658380E2
1.084043017575E1,1.001071119896E2
1.069218019457E1,1.001072272807E2
1.183137934105E1,1.001506378259E2
1.176240455656E1,1.001497686230E2
1.168571774606E1,1.001473997258E2
1.149658001030E1,1.001372175999E2
1.143218559553E1,1.001325489331E2
1.138748987123E1,1.001289248328E2
1.131339394853E1,1.001229139131E2
1.124467013038E1,1.001179552870E2
1.117249837644E1,1.001137170744E2
1.111705566325E1,1.001111455901E2
1.101313894671E1,1.001080179734E2
1.095713458874E1,1.001072673224E2
1.089977538727E1,1.001070658380E2
1.084043017575E1,1.001071119896E2
1.069218019457E1,1.001072272807E2
9.206783104680E0,1.001392725271E2
9.027446166956E0,1.001107367359E2
8.971607548168E0,1.001085653366E2
8.892187171043E0,1.001082579630E2
8.842550430565E0,1.001075582899E2
8.792915137687E0,1.001061203410E2
8.743280568608E0,1.001043132542E2
8.660007115800E0,1.001000960215E2
8.574580871922E0,1.000942428355E2
8.479218820096E0,1.000863353703E2
8.426685882159E0,1.000818470549E2
8.377037985873E0,1.000781433557E2
8.333777604159E0,1.000752846238E2
8.249593431245E0,1.000707579404E2
8.166744223367E0,1.000671793061E2
8.081816279186E0,1.000653635270E2
8.028568830667E0,1.000650022413E2
7.949147729742E0,1.000650640055E2
7.899509541665E0,1.000651026082E2
7.849871353587E0,1.000651412108E2
7.800233165510E0,1.000651798135E2
7.750594977432E0,1.000652184161E2
7.700956789355E0,1.000652570188E2
7.651318601277E0,1.000652956214E2
7.601680413200E0,1.000653342241E2
7.552042225122E0,1.000653728267E2
7.502404037045E0,1.000654114294E2
7.452765848967E0,1.000654500320E2
7.403127660889E0,1.000654886347E2
7.353489472812E0,1.000655272374E2
7.303851284734E0,1.000655658400E2
7.254213096657E0,1.000656044427E2
7.204574908579E0,1.000656430453E2
7.154936720502E0,1.000656816480E2
7.105298532424E0,1.000657202506E2
7.055660344347E0,1.000657588533E2
7.006022156269E0,1.000657974559E2
6.956383968192E0,1.000658360586E2
6.906745780114E0,1.000658746612E2
6.857107592036E0,1.000659132639E2
6.807469403959E0,1.000659518665E2
6.757831215881E0,1.000659904692E2
6.708193027804E0,1.000660290719E2
6.658554839726E0,1.000660676745E2
6.608916651649E0,1.000661062772E2
6.559278463571E0,1.000661448798E2
6.509640275494E0,1.000661834825E2
6.460002087416E0,1.000662220851E2
6.410363899338E0,1.000662606878E2
6.360725711261E0,1.000662992904E2
6.311087523183E0,1.000663378931E2
6.261449335106E0,1.000663764957E2
6.211811147028E0,1.000664150984E2
6.162172958951E0,1.000664537011E2
6.112534770873E0,1.000664923037E2
6.062896582796E0,1.000665309064E2
6.013258394718E0,1.000665695090E2
5.963620206641E0,1.000666081117E2
5.913982018563E0,1.000666467143E2
5.864343830485E0,1.000666853170E2
5.814705642408E0,1.000667239196E2
5.765067454330E0,1.000667625223E2
5.715429266253E0,1.000668011249E2
5.665791078175E0,1.000668397276E2
5.616152890098E0,1.000668783303E2
5.566514702020E0,1.000669169329E2
5.516876513943E0,1.000669555356E2
5.467238325865E0,1.000669941382E2
5.384207174899E0,1.000670587099E2
5.286735823765E0,1.000671345115E2
5.237097635687E0,1.000671731142E2
5.158450116915E0,1.000672342768E2
5.081091901729E0,1.000672944368E2
5.002444382957E0,1.000673555994E2
4.952806194880E0,1.000673942021E2
4.855334843746E0,1.000674700037E2
4.802086605626E0,1.000675114138E2
4.722665504702E0,1.000675731780E2
4.673027316624E0,1.000676117807E2
4.623389128547E0,1.000676503833E2
4.573750940469E0,1.000676889860E2
4.524112752392E0,1.000677275886E2
4.474474564314E0,1.000677661913E2
4.424836376237E0,1.000678047940E2
4.375198188159E0,1.000678433966E2
4.325560000082E0,1.000678819993E2
4.275921812004E0,1.000679206019E2
4.226283623926E0,1.000679592046E2
4.176645435849E0,1.000679978072E2
4.127007247771E0,1.000680364099E2
4.077369059694E0,1.000680750125E2
4.027730871616E0,1.000681136152E2
3.978092683539E0,1.000681522178E2
3.928454495461E0,1.000681908205E2
3.878816307384E0,1.000682294232E2
3.829178119306E0,1.000682680258E2
3.779539931229E0,1.000683066285E2
3.729901743151E0,1.000683452311E2
3.680263555073E0,1.000683838338E2
3.630625366996E0,1.000684224364E2
3.580987178918E0,1.000684610391E2
3.531348990841E0,1.000684996417E2
3.481710802763E0,1.000685382444E2
3.432072614686E0,1.000685768470E2
3.382434426608E0,1.000686154497E2
3.332796238531E0,1.000686540523E2
3.283158050453E0,1.000686926550E2
3.233519862376E0,1.000687312577E2
3.183881674298E0,1.000687698603E2
3.134243486220E0,1.000688084630E2
3.084605298143E0,1.000688470656E2
3.034967110065E0,1.000688856683E2
2.985328921988E0,1.000689242709E2
2.935690733910E0,1.000689628736E2
2.886052545833E0,1.000690014762E2
2.836414357755E0,1.000690400789E2
2.786776169678E0,1.000690786815E2
2.737137981600E0,1.000691172842E2
2.687499793522E0,1.000691558869E2
2.637861605445E0,1.000691944895E2
2.588223417367E0,1.000692330922E2
2.538585229290E0,1.000692716948E2
2.488947041212E0,1.000693102975E2
2.439308853135E0,1.000693489001E2
2.389670665057E0,1.000693875028E2
2.340032476980E0,1.000694261054E2
2.290394288902E0,1.000694647081E2
2.240756100825E0,1.000695033107E2
2.191117912747E0,1.000695419134E2
2.141479724669E0,1.000695805161E2
2.091841536592E0,1.000696191187E2
2.042203348514E0,1.000696577214E2
1.992565160437E0,1.000696963240E2
1.942926972359E0,1.000697349267E2
1.893288784282E0,1.000697735293E2
1.843650596204E0,1.000698121320E2
1.794012408127E0,1.000698507346E2
1.744374220049E0,1.000698893373E2
1.694736031972E0,1.000699279399E2
1.645097843894E0,1.000699665426E2
1.595459655816E0,1.000700051452E2
1.545821467739E0,1.000700437479E2
1.496183279661E0,1.000700823506E2
1.446545091584E0,1.000701209532E2
1.396906903506E0,1.000701595559E2
1.347268715429E0,1.000701981585E2
1.297630527351E0,1.000702367612E2
1.247992339274E0,1.000702753638E2
1.198354151196E0,1.000703139665E2
1.148715963119E0,1.000703525691E2
1.099077775041E0,1.000703911718E2
1.049439586963E0,1.000704297744E2
9.998013988859E-1,1.000704683771E2
9.501632108084E-1,1.000705069798E2
9.005250227308E-1,1.000705455824E2
8.508868346533E-1,1.000705841851E2
8.012479227759E-1,1.000709919256E2
7.160274485921E-1,1.000752663653E2
5.736546638265E-1,1.001057488503E2
4.386215685609E-2,9.957410686995E1
-6.864233394234E-1,9.988278141413E1
-6.703535369781E-1,9.984437863581E1
-7.621472711334E-1,1.001350349193E2
