Line 8 x,Line 8 y
"-7.827448267500E1",7.048857775233E-2
"-7.811640931495E1",7.010324296212E-2
"-7.768637622024E1",7.152076583900E-2
"-7.729732526675E1",7.257852719553E-2
"-7.711151484775E1",7.282238741681E-2
"-7.692706405832E1",7.313894052554E-2
"-7.671670013500E1",7.361198815988E-2
"-7.619409320716E1",7.485929257537E-2
"-7.599524930114E1",7.515522506560E-2
"-7.581079851171E1",7.547177817434E-2
"-7.560043458839E1",7.594482580868E-2
"-7.507782766056E1",7.719213022417E-2
"-7.487898375453E1",7.748806271440E-2
"-7.468397940148E1",7.783864770103E-2
"-7.445904376788E1",7.836759190180E-2
"-7.410824501543E1",7.931910883640E-2
"-7.393038793295E1",7.976901324009E-2
"-7.356688723617E1",8.029667889875E-2
"-7.315022843559E1",8.043553828260E-2
"-7.262368102315E1",8.110784913278E-2
"-7.247775791339E1",8.159964278394E-2
"-7.194497244746E1",8.323235141933E-2
"-7.169722682355E1",8.404732871480E-2
"-7.150418387939E1",8.467537813637E-2
"-7.113753223447E1",8.517411475672E-2
"-7.097786124355E1",8.555320087465E-2
"-7.076297611939E1",8.626763240459E-2
"-7.059191519889E1",8.689166647564E-2
"-7.020952607357E1",8.769693728979E-2
"-7.003105675237E1",8.809037221072E-2
"-6.983707562293E1",8.871300401239E-2
"-6.947420494234E1",8.962802949393E-2
"-6.890337862193E1",9.043919972796E-2
"-6.875745551216E1",9.093099337912E-2
"-6.819696688589E1",9.247492458176E-2
"-6.756144023555E1",9.979485071531E-2
"-6.680615159263E1",9.933402464884E-2
"-6.656503557142E1",9.980880333210E-2
"-6.628049753096E1",1.007324040280E-1
"-6.610883339370E1",1.015200312846E-1
"-6.556001000734E1",1.050224436529E-1
"-6.544485935111E1",1.058083877655E-1
"-6.525412496318E1",1.069900811222E-1
"-6.504725617717E1",1.083941809253E-1
"-6.499825448919E1",1.087211947742E-1
"-6.478365134093E1",1.114810250284E-1
"-6.470226972591E1",1.124156117997E-1
"-6.436728070092E1",1.147685209412E-1
"-6.417565229415E1",1.159468971014E-1
"-6.398835164621E1",1.173699743537E-1
"-6.391622155661E1",1.185696037140E-1
"-6.386830571071E1",1.195186690306E-1
"-6.379196431192E1",1.204064433581E-1
"-6.370087012797E1",1.212601971365E-1
"-6.344367461755E1",1.231007151516E-1
"-6.332533359528E1",1.243799256665E-1
"-6.330149731924E1",1.254913056805E-1
"-6.322635027473E1",1.264833297424E-1
"-6.306226481875E1",1.275215981869E-1
"-6.302157879657E1",1.292183546611E-1
"-6.293867628154E1",1.299435372737E-1
"-6.289208460278E1",1.310803832572E-1
"-6.287988063851E1",1.321078922034E-1
"-6.277648184380E1",1.335260630907E-1
"-6.257045984348E1",1.355337074914E-1
"-6.243542306371E1",1.372431050787E-1
"-6.238454180864E1",1.381917383883E-1
"-6.219982821329E1",1.401993827889E-1
"-6.206479143351E1",1.419087803763E-1
"-6.201391017844E1",1.428574136859E-1
"-6.182919658309E1",1.448650580865E-1
"-6.169415980331E1",1.465744556739E-1
"-6.165530562235E1",1.475982581966E-1
"-6.152634232294E1",1.486113299748E-1
"-6.148787664762E1",1.498947378301E-1
"-6.146774965841E1",1.507661751406E-1
"-6.137350267893E1",1.519893930635E-1
"-6.127742531118E1",1.531497175038E-1
"-6.116929477678E1",1.548795687979E-1
"-6.104870081694E1",1.557748541557E-1
"-6.103980058299E1",1.567415973939E-1
"-6.094021324314E1",1.574839817386E-1
"-6.093093500816E1",1.594077627858E-1
"-6.013071022909E1",1.690197970717E-1
"-6.008756563858E1",1.701724091698E-1
"-6.003106186420E1",1.717537686767E-1
"-6.000466044772E1",1.728048004242E-1
"-5.999737133818E1",1.754361857483E-1
"-5.999688354175E1",1.741343790246E-1
"-5.999421966738E1",1.762269127952E-1
"-5.997995687553E1",1.772705182090E-1
"-5.988014535776E1",1.792223438347E-1
"-5.985054890523E1",1.803429556511E-1
"-5.980012767461E1",1.802983519292E-1
"-5.972767261389E1",1.813013115722E-1
"-5.965935941408E1",1.826146373129E-1
"-5.962865707315E1",1.852188293410E-1
"-5.958087123404E1",1.878293857575E-1
"-5.952475478581E1",1.895031041976E-1
"-5.946867406595E1",1.916665333981E-1
"-5.944581102558E1",1.929597771264E-1
"-5.943089945726E1",1.929949548369E-1
"-5.942944923197E1",1.940147381520E-1
"-5.938396978605E1",1.947918613876E-1
"-5.852142421564E1",2.116576560273E-1
"-5.852098715004E1",2.104912372029E-1
"-5.852055008444E1",2.093248183785E-1
"-5.852015672540E1",2.082750414366E-1
"-5.851966138438E1",2.069531001022E-1
"-5.847592724746E1",2.150527679626E-1
"-5.815385204466E1",2.244882630957E-1
"-5.815341497906E1",2.233218442713E-1
"-5.815297791345E1",2.221554254469E-1
"-5.815254084785E1",2.209890066225E-1
"-5.815214748881E1",2.199392296805E-1
"-5.815165214780E1",2.186172883462E-1
"-5.810835507647E1",2.278833750310E-1
"-5.778627987367E1",2.373188701640E-1
"-5.778584280807E1",2.361524513397E-1
"-5.778540574247E1",2.349860325153E-1
"-5.778496867687E1",2.338196136909E-1
"-5.778457531783E1",2.327698367489E-1
"-5.778407997681E1",2.314478954146E-1
"-5.774078290549E1",2.407139820993E-1
"-5.741827063708E1",2.489830584080E-1
"-5.741783357148E1",2.478166395836E-1
"-5.741744021244E1",2.467668626417E-1
"-5.741694487143E1",2.454449213073E-1
"-5.737277366890E1",2.523781703433E-1
"-5.668126876631E1",2.696869925411E-1
"-5.668094096710E1",2.688121784228E-1
"-5.668054760806E1",2.677624014808E-1
"-5.668005226705E1",2.664404601465E-1
"-5.661957404286E1",2.739833018776E-1
"-5.594400465617E1",2.896910753795E-1
"-5.594361129713E1",2.886412984375E-1
"-5.594321793808E1",2.875915214956E-1
"-5.594272259707E1",2.862695801613E-1
"-5.590006291308E1",2.930959074717E-1
"-5.585614900692E1",2.943567506771E-1
"-5.520704649195E1",3.105116513950E-1
"-5.520671869275E1",3.096368372767E-1
"-5.520632533371E1",3.085870603347E-1
"-5.520582999269E1",3.072651190004E-1
"-5.514535176851E1",3.148079607315E-1
"-5.446956384901E1",3.299325248212E-1
"-5.446895195717E1",3.282995384670E-1
"-5.446850032271E1",3.270942390152E-1
"-5.440758503292E1",3.334706619219E-1
"-5.373223417903E1",3.497616448360E-1
"-5.373162228719E1",3.481286584818E-1
"-5.373117065273E1",3.469233590299E-1
"-5.367025536294E1",3.532997819366E-1
"-5.299446744345E1",3.684243460263E-1
"-5.299385555160E1",3.667913596722E-1
"-5.299340391715E1",3.655860602203E-1
"-5.293248862736E1",3.719624831270E-1
"-5.225652588163E1",3.866204796869E-1
"-5.225607424717E1",3.854151802350E-1
"-5.221254043198E1",3.899086698966E-1
"-5.216862652581E1",3.911695131021E-1
"-5.162972698040E1",4.010366873447E-1
"-5.151835486036E1",4.042042434647E-1
"-5.145651809060E1",4.081214666833E-1
"-5.078011827926E1",4.216130444188E-1
"-5.077966664480E1",4.204077449670E-1
"-5.073613282962E1",4.249012346286E-1
"-5.069221892345E1",4.261620778340E-1
"-4.976612608344E1",4.484406773800E-1
"-4.976568901783E1",4.472742585556E-1
"-4.976505770085E1",4.455894313648E-1
"-4.974909353288E1",4.503083360928E-1
"-4.969592086022E1",4.519510426039E-1
"-4.959426694586E1",4.541512695411E-1
"-4.954698243140E1",4.551420312449E-1
"-4.944382662435E1",4.578692295438E-1
"-4.940852934945E1",4.590556094047E-1
"-4.937008394479E1",4.598262211270E-1
"-4.932158744047E1",4.614275012552E-1
"-4.929159413876E1",4.627197613962E-1
"-4.925429343524E1",4.637534001426E-1
"-4.924812399726E1",4.642775901088E-1
"-4.920168404270E1",4.655504677942E-1
"-4.905476279304E1",4.692445902694E-1
"-4.901724235881E1",4.702161430918E-1
"-4.887032110914E1",4.739102655670E-1
"-4.883280067491E1",4.748818183894E-1
"-4.868587942525E1",4.785759408646E-1
"-4.863173499707E1",4.800407337900E-1
"-4.856199036011E1",4.820802625494E-1
"-4.854445878494E1",4.829993065373E-1
"-4.851079432728E1",4.841067101236E-1
"-4.846435437272E1",4.853795878089E-1
"-4.831743312306E1",4.890737102842E-1
"-4.827991268883E1",4.900452631065E-1
"-4.813299143917E1",4.937393855817E-1
"-4.808480328414E1",4.949382379908E-1
"-4.803293203378E1",4.961527616732E-1
"-4.769550266436E1",5.063154633995E-1
"-4.755906114360E1",5.095669638743E-1
"-4.738227793593E1",5.136386295853E-1
"-4.732974239045E1",5.148126856759E-1
"-4.727177270405E1",5.170728272813E-1
"-4.725424112887E1",5.179918712693E-1
"-4.722057667122E1",5.190992748555E-1
"-4.717413671666E1",5.203721525409E-1
"-4.702721546700E1",5.240662750161E-1
"-4.698969503276E1",5.250378278385E-1
"-4.684277378310E1",5.287319503137E-1
"-4.678862935492E1",5.301967432391E-1
"-4.671888471796E1",5.322362719985E-1
"-4.670135314279E1",5.331553159864E-1
"-4.666768868514E1",5.342627195727E-1
"-4.662124873057E1",5.355355972580E-1
"-4.647432748091E1",5.392297197332E-1
"-4.643680704668E1",5.402012725556E-1
"-4.628988579702E1",5.438953950308E-1
"-4.623574136883E1",5.453601879563E-1
"-4.616387597038E1",5.473864619563E-1
"-4.613715771025E1",5.484584879586E-1
"-4.608035186474E1",5.499191151025E-1
"-4.600746492136E1",5.515143499383E-1
"-4.598815833939E1",5.523248539279E-1
"-4.595224749542E1",5.531061483551E-1
"-4.592143949483E1",5.543931644504E-1
"-4.588391906059E1",5.553647172728E-1
"-4.573699781093E1",5.590588397480E-1
"-4.569947737670E1",5.600303925704E-1
"-4.555255612704E1",5.637245150456E-1
"-4.549841169885E1",5.651893079710E-1
"-4.542866706190E1",5.672288367304E-1
"-4.541113548672E1",5.681478807183E-1
"-4.537747102907E1",5.692552843046E-1
"-4.533103107451E1",5.705281619900E-1
"-4.518410982485E1",5.742222844652E-1
"-4.514658939061E1",5.751938372875E-1
"-4.499966814095E1",5.788879597627E-1
"-4.496214770672E1",5.798595125851E-1
"-4.481522645706E1",5.835536350603E-1
"-4.477770602282E1",5.845251878827E-1
"-4.471074436403E1",5.859947830285E-1
"-4.463078477316E1",5.882193103579E-1
"-4.459326433893E1",5.891908631803E-1
"-4.444634308927E1",5.928849856555E-1
"-4.437952996341E1",5.947016829745E-1
"-4.434044970361E1",5.959963037251E-1
"-4.395976419875E1",6.048866022023E-1
"-4.392242305023E1",6.063470803178E-1
"-4.389855680345E1",6.071708390667E-1
"-4.387258403817E1",6.077654097012E-1
"-4.380631168008E1",6.094388756697E-1
"-4.375161820991E1",6.113609209746E-1
"-4.371793814278E1",6.124266667457E-1
"-4.367149298505E1",6.136856584927E-1
"-4.352457173539E1",6.173797809679E-1
"-4.348705130116E1",6.183513337902E-1
"-4.334013005150E1",6.220454562654E-1
"-4.330260961726E1",6.230170090878E-1
"-4.315568836760E1",6.267111315630E-1
"-4.311816793337E1",6.276826843854E-1
"-4.297124668371E1",6.313768068606E-1
"-4.293372624947E1",6.323483596830E-1
"-4.278680499981E1",6.360424821582E-1
"-4.274928456558E1",6.370140349806E-1
"-4.260236331592E1",6.407081574558E-1
"-4.256484288168E1",6.416797102782E-1
"-4.241792163202E1",6.453738327534E-1
"-4.234389523560E1",6.472637861118E-1
"-4.223389457509E1",6.495932487061E-1
"-4.221872313051E1",6.501426111435E-1
"-4.215253071585E1",6.513975528251E-1
"-4.209398577851E1",6.526206725646E-1
"-4.203927351915E1",6.538353064528E-1
"-4.197459098982E1",6.554719185798E-1
"-4.186415951473E1",6.582044398218E-1
"-4.182663908050E1",6.591759926442E-1
"-4.167971783084E1",6.628701151194E-1
"-4.164219739660E1",6.638416679417E-1
"-4.149527614694E1",6.675357904169E-1
"-4.144659010300E1",6.686148049736E-1
"-4.135769972406E1",6.702890017071E-1
"-4.130622628269E1",6.712905481564E-1
"-4.122166429997E1",6.733590322532E-1
"-4.118185172115E1",6.745626306776E-1
"-4.070272779066E1",6.781221013054E-1
"-4.068488240513E1",6.791688248514E-1
"-4.066474100555E1",6.803026883253E-1
"-4.063826194553E1",6.816555466421E-1
"-4.061438473188E1",6.828558889110E-1
"-4.059148083304E1",6.840032064781E-1
"-4.057785838157E1",6.848011694646E-1
"-4.054637308032E1",6.863531996535E-1
"-4.052551516344E1",6.874917353356E-1
"-4.049536795653E1",6.889319385785E-1
"-4.048280431503E1",6.904350914088E-1
"-4.046373563713E1",6.914532778409E-1
"-4.040880650709E1",6.934858320721E-1
"-4.038818897797E1",6.943634233781E-1
"-4.034000082294E1",6.955622757871E-1
"-4.028812957258E1",6.967767994695E-1
"-3.990110381979E1",7.050139381199E-1
"-3.988608333195E1",7.063358794542E-1
"-3.986708190492E1",7.073856563962E-1
"-3.984036627002E1",7.085520752206E-1
"-3.980977167790E1",7.097184940450E-1
"-3.977432838927E1",7.108849128694E-1
"-3.973597588272E1",7.120513316938E-1
"-3.969318911151E1",7.135843392915E-1
"-3.966162612424E1",7.148775830199E-1
"-3.964031314916E1",7.155505881670E-1
"-3.961456725357E1",7.167170069914E-1
"-3.958998504513E1",7.178834258158E-1
"-3.956656652386E1",7.190498446401E-1
"-3.954566932479E1",7.202162634645E-1
"-3.951793187560E1",7.216627153797E-1
"-3.948663341956E1",7.234295357305E-1
"-3.928495738667E1",7.175399802730E-1
"-3.924093616870E1",7.185991828216E-1
"-3.917327304222E1",7.203795621000E-1
"-3.913346046340E1",7.215831605244E-1
"-3.908196509503E1",7.224275991525E-1
"-3.902942954956E1",7.236016552430E-1
"-3.893680598288E1",7.264371638613E-1
"-3.889780611627E1",7.276012683627E-1
"-3.887532542158E1",7.279923889605E-1
"-3.878678191432E1",7.302800973096E-1
"-3.873981817479E1",7.313875008958E-1
"-3.868894512627E1",7.326603785812E-1
"-3.854202387661E1",7.363545010564E-1
"-3.848787944843E1",7.378192939818E-1
"-3.844881833627E1",7.393129002295E-1
"-3.842514785188E1",7.412118023037E-1
"-3.842471078628E1",7.400453834793E-1
"-3.840104030190E1",7.419442855535E-1
"-3.836737584424E1",7.430516891398E-1
"-3.832093588968E1",7.443245668252E-1
"-3.817401464002E1",7.480186893004E-1
"-3.811987021184E1",7.494834822258E-1
"-3.808080909968E1",7.509770884734E-1
"-3.805713861529E1",7.528759905477E-1
"-3.805670154969E1",7.517095717233E-1
"-3.803303106531E1",7.536084737975E-1
"-3.799936660766E1",7.547158773838E-1
"-3.795292665309E1",7.559887550691E-1
"-3.780600540343E1",7.596828775443E-1
"-3.776848496920E1",7.606544303667E-1
"-3.762156371954E1",7.643485528419E-1
"-3.758404328530E1",7.653201056643E-1
"-3.745462514716E1",7.686981494670E-1
"-3.737095320865E1",7.703074718678E-1
"-3.726735348517E1",7.716034927838E-1
"-3.720218990907E1",7.726217949321E-1
"-3.706736453665E1",7.760127410859E-1
"-3.702984410241E1",7.769842939083E-1
"-3.691018135088E1",7.802706326596E-1
"-3.688292285275E1",7.806784163835E-1
"-3.683635151835E1",7.816499692059E-1
"-3.678858858760E1",7.830071268228E-1
"-3.675928369312E1",7.830145519426E-1
"-3.662281678815E1",7.863133301804E-1
"-3.655687805655E1",7.868978896144E-1
"-3.649998964698E1",7.890419170732E-1
"-3.649731587214E1",7.879860071751E-1
"-3.638662380536E1",7.900312901832E-1
"-3.630297582308E1",7.919510211650E-1
"-3.618712055755E1",7.938964025608E-1
"-3.612463057252E1",7.950699021117E-1
"-3.550898879283E1",8.038766121991E-1
"-3.539315353057E1",8.069270057139E-1
"-3.531413553856E1",8.079179988501E-1
"-3.528313332207E1",8.083416356870E-1
"-3.515957578704E1",8.098604101979E-1
"-3.503408787893E1",8.114034851010E-1
"-3.491633512142E1",8.128858090237E-1
"-3.491250169187E1",8.130073109846E-1
"-3.478894415684E1",8.145260854955E-1
"-3.466345624873E1",8.160691603986E-1
"-3.454461603038E1",8.176070280748E-1
"-3.451470127473E1",8.179751211582E-1
"-3.441529729431E1",8.192785479080E-1
"-3.426611136842E1",8.219076189090E-1
"-3.420927272131E1",8.228370510516E-1
"-3.410520185152E1",8.243052576036E-1
"-3.403042348257E1",8.250756957517E-1
"-3.389055808904E1",8.263786017788E-1
"-3.374656546074E1",8.277090482504E-1
"-3.361914490318E1",8.292703484477E-1
"-3.358035942852E1",8.297249393556E-1
"-3.349173345115E1",8.308559490371E-1
"-3.336624554304E1",8.323990239402E-1
"-3.328342434319E1",8.334935830334E-1
"-3.324463886853E1",8.339481739413E-1
"-3.311072530689E1",8.354345479294E-1
"-3.301602578700E1",8.363283973549E-1
"-3.283928495619E1",8.380812656438E-1
"-3.273982191988E1",8.391284968303E-1
"-3.264056119985E1",8.404198891002E-1
"-3.254109816353E1",8.414671202868E-1
"-3.240715743704E1",8.427084653204E-1
"-3.226314204492E1",8.439781608115E-1
"-3.208751998064E1",8.456111471657E-1
"-3.196908422141E1",8.466016774372E-1
"-3.180532720911E1",8.477837758004E-1
"-3.162933546018E1",8.493667727763E-1
"-3.153791909210E1",8.502233616005E-1
"-3.148895089948E1",8.508369465029E-1
"-3.134164906021E1",8.522090507897E-1
"-3.125550030822E1",8.530005492776E-1
"-3.110819846895E1",8.543726535644E-1
"-3.105923027633E1",8.549862384668E-1
"-3.096418307682E1",8.556423490555E-1
"-3.089082890001E1",8.565657639582E-1
"-3.079578170051E1",8.572218745469E-1
"-3.074681350788E1",8.578354594493E-1
"-3.059951166861E1",8.592075637360E-1
"-3.051336291663E1",8.599990622240E-1
"-3.036606107735E1",8.613711665108E-1
"-3.031709288473E1",8.619847514132E-1
"-3.022204568522E1",8.626408620019E-1
"-3.014869150841E1",8.635642769045E-1
"-3.004745922361E1",8.642770884083E-1
"-2.987073538980E1",8.660753174293E-1
"-2.977127235349E1",8.671225486159E-1
"-2.967201163345E1",8.684139408857E-1
"-2.957254859714E1",8.694611720723E-1
"-2.943860787065E1",8.707025171059E-1
"-2.929461524236E1",8.720329635775E-1
"-2.923093341837E1",8.728895524017E-1
"-2.912840921014E1",8.740488546827E-1
"-2.903977640362E1",8.751616390700E-1
"-2.891426573168E1",8.766439629927E-1
"-2.885058390769E1",8.775005518169E-1
"-2.874939138371E1",8.783194750332E-1
"-2.856672588586E1",8.801339043156E-1
"-2.844755088739E1",8.814684587106E-1
"-2.837959217270E1",8.823475543266E-1
"-2.830343670023E1",8.832878637876E-1
"-2.821424761066E1",8.843949202254E-1
"-2.806696221193E1",8.859341379234E-1
"-2.793594608881E1",8.870193625803E-1
"-2.781618035803E1",8.879358345137E-1
"-2.763183623342E1",8.895344531704E-1
"-2.747660041772E1",8.910035854516E-1
"-2.738579756748E1",8.917475246006E-1
"-2.725286523545E1",8.926483748534E-1
"-2.712459135933E1",8.934112335934E-1
"-2.694202465651E1",8.944541254243E-1
"-2.678948739571E1",8.954103458563E-1
"-2.647683197951E1",8.985245515699E-1
"-2.619860793748E1",8.997637611145E-1
"-2.590712099628E1",9.017061724623E-1
"-2.570000573963E1",9.028791303014E-1
"-2.533898661840E1",9.057578578510E-1
"-2.524603993537E1",9.065479677451E-1
"-2.499263357243E1",9.086238313766E-1
"-2.488411424358E1",9.095222305508E-1
"-2.477136697777E1",9.104602537412E-1
"-2.446303517563E1",9.125365101063E-1
"-2.433917910918E1",9.132585789023E-1
"-2.429141408271E1",9.135585151714E-1
"-2.415342622848E1",9.144249977267E-1
"-2.410566120201E1",9.147249339958E-1
"-2.396767334778E1",9.155914165511E-1
"-2.391990832131E1",9.158913528202E-1
"-2.378192046708E1",9.167578353755E-1
"-2.373415544061E1",9.170577716446E-1
"-2.359616758638E1",9.179242541999E-1
"-2.354840255991E1",9.182241904690E-1
"-2.341041470568E1",9.190906730243E-1
"-2.336264967921E1",9.193906092934E-1
"-2.322466182498E1",9.202570918487E-1
"-2.308313582063E1",9.211457919054E-1
"-2.298317215343E1",9.217442758498E-1
"-2.286647745889E1",9.226489447356E-1
"-2.278685282157E1",9.231054449601E-1
"-2.252239973198E1",9.252236291446E-1
"-2.231221323648E1",9.267452965594E-1
"-2.215089397058E1",9.275564667934E-1
"-2.177938820918E1",9.298893044422E-1
"-2.140788244778E1",9.322221420910E-1
"-2.114634952442E1",9.338765937916E-1
"-2.099176260805E1",9.348838450473E-1
"-2.069834598394E1",9.352262443516E-1
"-2.059711868057E1",9.361468403753E-1
"-2.024116296734E1",9.395097139881E-1
"-2.013602783414E1",9.405531265417E-1
"-2.004183902627E1",9.416268567273E-1
"-1.995920951169E1",9.426414349194E-1
"-1.988409744575E1",9.437601693379E-1
"-1.926927102888E1",9.459900500004E-1
"-1.922254420665E1",9.459058086409E-1
"-1.904925979295E1",9.470732689107E-1
"-1.894043032806E1",9.478206795443E-1
"-1.879734955390E1",9.486269318418E-1
"-1.867775403155E1",9.494061065595E-1
"-1.848533590043E1",9.505308675687E-1
"-1.844906290258E1",9.508139671375E-1
"-1.836318800602E1",9.513454861441E-1
"-1.822113481731E1",9.521878071666E-1
"-1.802737283954E1",9.532754232906E-1
"-1.800323289987E1",9.533299255988E-1
"-1.785976117313E1",9.540540772856E-1
"-1.765498462188E1",9.552496565806E-1
"-1.754044156488E1",9.560550410070E-1
"-1.733442583726E1",9.569752158573E-1
"-1.726452064334E1",9.573202709066E-1
"-1.704416996417E1",9.581608435632E-1
"-1.690767073456E1",9.587853636421E-1
"-1.672287393486E1",9.599153318782E-1
"-1.668573246426E1",9.601729160353E-1
"-1.643519891681E1",9.611858952405E-1
"-1.626137287563E1",9.618937888078E-1
"-1.582851595990E1",9.641061080830E-1
"-1.540433199967E1",9.659013284840E-1
"-1.520863234469E1",9.667002222861E-1
"-1.501868701154E1",9.673719293083E-1
"-1.473079214097E1",9.683031329601E-1
"-1.451448100357E1",9.691883615322E-1
"-1.418837577842E1",9.705963956845E-1
"-1.401764504111E1",9.711174970813E-1
"-1.338265257891E1",9.735765705336E-1
"-1.303696580045E1",9.748745551177E-1
"-1.289018211660E1",9.753044020548E-1
"-1.271606367941E1",9.757831723789E-1
"-1.218348245178E1",9.778151480294E-1
"-1.204777391357E1",9.783644105301E-1
"-1.185782858042E1",9.790361175523E-1
"-1.156993370986E1",9.799673212040E-1
"-1.135362257245E1",9.808525497761E-1
"-1.115907180401E1",9.817740206474E-1
"-1.095976905715E1",9.824688730042E-1
"-1.076281561358E1",9.830519561806E-1
"-1.024901221893E1",9.847766212871E-1
"-1.008555900594E1",9.851665321252E-1
"-9.902056841164E0",9.856240422360E-1
"-9.799113775216E0",9.859264716623E-1
"-9.450212500401E0",9.864732304862E-1
"-9.418329735472E0",9.867651823408E-1
"-9.228088607296E0",9.874886397307E-1
"-9.003567227255E0",9.877253949801E-1
"-8.595480635945E0",9.883613709582E-1
"-8.534349362907E0",9.883642870053E-1
"-8.004256533276E0",9.902422213125E-1
"-7.766088560298E0",9.902422213125E-1
"-7.296114737226E0",9.906086943698E-1
"-6.720420034996E0",9.925750589613E-1
"-6.513283719735E0",9.925750589613E-1
"-6.062987517946E0",9.928583321044E-1
"-5.929438377086E0",9.930299623028E-1
"-4.306934503194E0",9.941314553991E-1
"-1.872216908005E0",9.964788732394E-1
"-1.864740354697E-1",9.976525821596E-1
1.976540766031E0,9.937414777857E-1
2.162730712333E0,9.937414777857E-1
2.348920658635E0,9.937414777857E-1
2.573382982788E0,9.937414777857E-1
2.785818458311E0,9.936977370798E-1
2.970191417109E0,9.935187241908E-1
3.157486801177E0,9.932305215396E-1
3.366553853733E0,9.929087843472E-1
3.556003407542E0,9.926884607915E-1
3.652687348350E0,9.925750589613E-1
3.798234529667E0,9.925912592228E-1
3.838877294652E0,9.925750589613E-1
4.149193871822E0,9.925750589613E-1
4.666911456533E0,9.920235888369E-1
4.843715892899E0,9.914799791454E-1
4.903074389937E0,9.909636168510E-1
5.057104212559E0,9.904857161513E-1
5.225598373339E0,9.900504691270E-1
5.420611289782E0,9.895025636612E-1
5.486603638922E0,9.892434436352E-1
5.582178703146E0,9.890353018345E-1
5.648708306348E0,9.886307792022E-1
5.802738128970E0,9.881528785025E-1
6.085722576044E0,9.873900180092E-1
6.237556621631E0,9.869392194352E-1
6.375357217222E0,9.863784589567E-1
6.517238893158E0,9.858608606034E-1
6.585431529397E0,9.854599041325E-1
6.858613111007E0,9.846099304151E-1
7.030029228247E0,9.842630288166E-1
7.275833892493E0,9.834656028563E-1
7.576990408866E0,9.827243427116E-1
7.737374983882E0,9.823272364327E-1
7.793487805668E0,9.819671277639E-1
7.934698955646E0,9.814822981212E-1
8.214761113027E0,9.811020026481E-1
8.522068948169E0,9.803480957258E-1
8.675336086455E0,9.800204454380E-1
8.818637267742E0,9.793145769034E-1
9.048783667583E0,9.789864665832E-1
9.352833509533E0,9.781448759481E-1
9.523011833969E0,9.774842699622E-1
9.536552497887E0,9.773808337474E-1
9.678429565872E0,9.768755328653E-1
9.844493435034E0,9.762789893917E-1
1.000424772036E1,9.757136795691E-1
1.015424259405E1,9.753044020548E-1
1.030134841143E1,9.748745551177E-1
1.061122907269E1,9.737113272539E-1
1.075073922626E1,9.731494727318E-1
1.096532739966E1,9.722304760823E-1
1.112451512963E1,9.716882253331E-1
1.141956162243E1,9.707338664745E-1
1.158788359849E1,9.701098324034E-1
1.186531645246E1,9.688413519319E-1
1.194716224156E1,9.684968418006E-1
1.205408324447E1,9.680769850246E-1
1.219566346287E1,9.675064658172E-1
1.238486663251E1,9.666948712907E-1
1.265263685345E1,9.655941847516E-1
1.279089241037E1,9.650091569427E-1
1.287957926473E1,9.645810071758E-1
1.304497668223E1,9.636774954515E-1
1.321217178692E1,9.628820135226E-1
1.340460633691E1,9.620688305288E-1
1.355623264035E1,9.613848428668E-1
1.367438454795E1,9.608230755075E-1
1.395977121746E1,9.593369439724E-1
1.414477881748E1,9.585956718052E-1
1.432276675948E1,9.577949490867E-1
1.441615623159E1,9.573047754617E-1
1.460633804372E1,9.561161391359E-1
1.474497525257E1,9.552496565806E-1
1.497959206753E1,9.537833014871E-1
1.511822927637E1,9.529168189318E-1
1.535284609134E1,9.514504638383E-1
1.549148330018E1,9.505839812830E-1
1.572610011515E1,9.491176261895E-1
1.586473732399E1,9.482511436342E-1
1.609935413895E1,9.467847885407E-1
1.623799134780E1,9.459183059854E-1
1.647260816276E1,9.444519508919E-1
1.661124537160E1,9.435854683366E-1
1.685950409666E1,9.420920356633E-1
1.703989063127E1,9.409428006876E-1
1.716287558001E1,9.398063050085E-1
1.723629210805E1,9.392009832914E-1
1.728634985000E1,9.387509175864E-1
1.742091330103E1,9.374721839623E-1
1.755810377070E1,9.366216702362E-1
1.760259210594E1,9.362016206001E-1
1.777144147450E1,9.351560094396E-1
1.791807152053E1,9.342541177415E-1
1.792467086424E1,9.343883484792E-1
1.811178036101E1,9.330434374885E-1
1.825304328048E1,9.320462535381E-1
1.842276315970E1,9.305260325753E-1
1.852468033238E1,9.295835823654E-1
1.867534700588E1,9.283759300184E-1
1.880776284460E1,9.274592073667E-1
1.894811859279E1,9.265168728730E-1
1.943814405777E1,9.251796570064E-1
1.948287043767E1,9.241243256891E-1
1.956114680566E1,9.226579705956E-1
1.965386480973E1,9.215936134183E-1
1.983019438840E1,9.200403169217E-1
1.995846452836E1,9.189070700612E-1
2.013656337917E1,9.167309892280E-1
2.018747876645E1,9.162731004097E-1
2.025676700052E1,9.150688093414E-1
2.032776781327E1,9.138867774197E-1
2.039437555282E1,9.126995096599E-1
2.046570570449E1,9.114262047149E-1
2.052686567991E1,9.102717180062E-1
2.052826137428E1,9.138883062081E-1
2.064181778170E1,9.131120822523E-1
2.108970309841E1,9.094595123958E-1
2.118952575993E1,9.086238313766E-1
2.153352110345E1,9.057539235018E-1
2.164875968073E1,9.046714484811E-1
2.271360314199E1,8.947320370522E-1
2.299898957818E1,8.918568763654E-1
2.309911185511E1,8.906518083458E-1
2.318174665168E1,8.895818967932E-1
2.328046580928E1,8.883749773152E-1
2.345356746192E1,8.867274107257E-1
2.366897900731E1,8.846566933072E-1
2.377174991913E1,8.836787529531E-1
2.385992257102E1,8.828400422746E-1
2.412049991201E1,8.801926881214E-1
2.422062218894E1,8.789876201018E-1
2.430325698551E1,8.779177085492E-1
2.440197614311E1,8.767107890712E-1
2.458977546208E1,8.747622216240E-1
2.471458124433E1,8.731912822712E-1
2.481505776986E1,8.716077067145E-1
2.492423311494E1,8.701010823996E-1
2.505282600993E1,8.685337071043E-1
2.516976837497E1,8.670027823973E-1
2.529836126995E1,8.654354071020E-1
2.542695416494E1,8.638680318067E-1
2.553807126501E1,8.623553323938E-1
2.561020965799E1,8.613473868413E-1
2.569159413476E1,8.600650204314E-1
2.589481012767E1,8.570205284403E-1
2.603332922474E1,8.551875845734E-1
2.611134426392E1,8.541721753289E-1
2.623411872308E1,8.526048000336E-1
2.635689318224E1,8.510374247384E-1
2.643989545213E1,8.500220154939E-1
2.656815131230E1,8.484667903947E-1
2.667476410013E1,8.468976793571E-1
2.674826760769E1,8.456479449024E-1
2.680525614922E1,8.445752561621E-1
2.695551826243E1,8.424836866928E-1
2.707830637990E1,8.408798608092E-1
2.718284852608E1,8.396607911351E-1
2.735229469731E1,8.375154136545E-1
2.742103800546E1,8.364485107219E-1
2.755598478499E1,8.341915828696E-1
2.761686195294E1,8.332163271303E-1
2.768191623374E1,8.322505215436E-1
2.775515575310E1,8.312945132578E-1
2.787847398604E1,8.298040892044E-1
2.798508677387E1,8.282349781668E-1
2.805859028143E1,8.269852437121E-1
2.811557882296E1,8.259125549718E-1
2.826584093617E1,8.238209855024E-1
2.838862905364E1,8.222171596189E-1
2.849317119982E1,8.209980899448E-1
2.866261737105E1,8.188527124642E-1
2.873136067920E1,8.177858095315E-1
2.886630745873E1,8.155288816793E-1
2.896263810484E1,8.139921711646E-1
2.902682352987E1,8.130611189958E-1
2.909536868427E1,8.120300880707E-1
2.917665508143E1,8.107137011117E-1
2.923883741919E1,8.095826914302E-1
2.932369448623E1,8.082756774797E-1
2.944953599255E1,8.066568084962E-1
2.953146404075E1,8.054026382556E-1
2.959593627562E1,8.041498180368E-1
2.982114233974E1,8.002325948182E-1
3.037849685877E1,7.890423799378E-1
3.050844001763E1,7.871249632790E-1
3.059709270457E1,7.858678229905E-1
3.070843650207E1,7.825769018796E-1
3.133380421001E1,7.722650034597E-1
3.138740762498E1,7.721255462091E-1
3.141355152188E1,7.711503631632E-1
3.148211669400E1,7.702466585787E-1
3.148383619893E1,7.696620071652E-1
3.166382935282E1,7.680591070109E-1
3.168966261818E1,7.672423824015E-1
3.176981836826E1,7.657638771119E-1
3.182308615471E1,7.641408192037E-1
3.183256922951E1,7.639142006892E-1
3.213355919096E1,7.606472559652E-1
3.220757151572E1,7.569156877428E-1
3.250876362002E1,7.531092743126E-1
3.256830726093E1,7.503197050070E-1
3.283293922366E1,7.466037893230E-1
3.291268653553E1,7.454891490265E-1
3.298125170766E1,7.445854444420E-1
3.316296436648E1,7.423978928741E-1
3.333170424316E1,7.382529865525E-1
3.363289634745E1,7.344465731222E-1
3.369243998837E1,7.316570038167E-1
3.400769649083E1,7.279875288821E-1
3.408170881559E1,7.242559606597E-1
3.438290091988E1,7.204495472294E-1
3.444244456079E1,7.176599779239E-1
3.475770106325E1,7.139905029893E-1
3.483171338802E1,7.102589347669E-1
3.513254127097E1,7.074245370237E-1
3.513299290543E1,7.062192375718E-1
3.513344453988E1,7.050139381199E-1
3.556126280466E1,6.967453246758E-1
3.563015367133E1,6.953670821732E-1
3.571123168298E1,6.955888844911E-1
3.577628857606E1,6.943107339563E-1
3.582897131321E1,6.932023274967E-1
3.588343454346E1,6.910557928546E-1
3.594289077125E1,6.884995073140E-1
3.624727275201E1,6.842086366366E-1
3.625816912699E1,6.847717114382E-1
3.629367815207E1,6.827585770594E-1
3.634314868422E1,6.817523112407E-1
3.642237985870E1,6.805700428098E-1
3.652999360834E1,6.790483133561E-1
3.657941295124E1,6.780388827796E-1
3.663387618149E1,6.758923481374E-1
3.669333240928E1,6.733360625968E-1
3.695796437201E1,6.696201469127E-1
3.702984366254E1,6.684808323719E-1
3.712104491045E1,6.671554225201E-1
3.727097684778E1,6.651836447014E-1
3.732941752367E1,6.640418568868E-1
3.737904283504E1,6.626100188698E-1
3.738388075391E1,6.618953222447E-1
3.748087294629E1,6.605290624329E-1
3.750502669829E1,6.591664408017E-1
3.758836862822E1,6.582976860020E-1
3.770730120533E1,6.568300404980E-1
3.775888304013E1,6.548968092983E-1
3.788002898450E1,6.521679278553E-1
3.796337091444E1,6.512991730556E-1
3.808230349154E1,6.498315275516E-1
3.819290448853E1,6.465084296357E-1
3.844234806028E1,6.429867242287E-1
3.850427962140E1,6.417698636812E-1
3.859030332012E1,6.402062754600E-1
3.870930237918E1,6.384297526855E-1
3.948454788161E1,6.278249488992E-1
3.952662217188E1,6.266944242005E-1
3.956731574815E1,6.254963935572E-1
3.960679339687E1,6.242798480212E-1
3.963762286783E1,6.231830933266E-1
3.966727032680E1,6.221269204373E-1
3.969897944408E1,6.210942274074E-1
3.990261285277E1,6.177872175433E-1
3.997948718542E1,6.159710525186E-1
4.000845969181E1,6.140721504444E-1
4.008808471937E1,6.113727240222E-1
4.012424102908E1,6.102994181291E-1
4.015547270295E1,6.091905157431E-1
4.018487341717E1,6.079973995491E-1
4.113230286329E1,5.961822017252E-1
4.113763081438E1,5.957658550059E-1
4.125373836362E1,5.926805678110E-1
4.127686838139E1,5.923605600491E-1
4.133708029355E1,5.918118130113E-1
4.138613887338E1,5.912766994402E-1
4.145601287066E1,5.903441675073E-1
4.156661386765E1,5.870210695914E-1
4.183124583039E1,5.833051539073E-1
4.190312512092E1,5.821658393665E-1
4.199432636882E1,5.808404295147E-1
4.211753140764E1,5.791379066537E-1
4.218283353055E1,5.779298300141E-1
4.225232429341E1,5.762950258644E-1
4.225716221229E1,5.755803292393E-1
4.235415440466E1,5.742140694275E-1
4.242066817571E1,5.732595109653E-1
4.250084459200E1,5.721708955515E-1
4.256404548306E1,5.711375232528E-1
4.269118366069E1,5.671919495766E-1
4.270545020170E1,5.667894193661E-1
4.338144244937E1,5.565239616957E-1
4.345545477413E1,5.527923934733E-1
4.408082248207E1,5.424804950534E-1
4.413144702179E1,5.425269358029E-1
4.415270177260E1,5.413411805126E-1
4.424390302050E1,5.400157706608E-1
4.427601253989E1,5.387052941269E-1
4.439383495783E1,5.380439928421E-1
4.445227563372E1,5.369022050275E-1
4.450673886397E1,5.347556703854E-1
4.456619509176E1,5.321993848447E-1
4.525672886754E1,5.207975251201E-1
4.525722420856E1,5.194755837858E-1
4.525790894467E1,5.176481942942E-1
4.537920057757E1,5.145305065764E-1
4.546254250751E1,5.136617517767E-1
4.558147508461E1,5.121941062727E-1
4.563334829648E1,5.094832625234E-1
4.569295021281E1,5.065381707080E-1
4.638366792036E1,4.946454430614E-1
4.638422700011E1,4.931533989819E-1
4.644382891644E1,4.902083071664E-1
4.713454662399E1,4.783155795198E-1
4.713510570374E1,4.768235354403E-1
4.725639733665E1,4.737058477225E-1
4.733973926658E1,4.728370929228E-1
4.745867184369E1,4.713694474188E-1
4.751025367849E1,4.694362162191E-1
4.756970990628E1,4.668799306785E-1
4.787409188704E1,4.625890600011E-1
4.792049728710E1,4.611390004239E-1
4.796996781925E1,4.601327346052E-1
4.804919899373E1,4.589504661743E-1
4.815681274338E1,4.574287367206E-1
4.820623208627E1,4.564193061441E-1
4.826069531652E1,4.542727715020E-1
4.832015154431E1,4.517164859613E-1
4.901043218627E1,4.409901771391E-1
4.901087471519E1,4.398091780794E-1
4.901099126602E1,4.394981330596E-1
4.913228289892E1,4.363804453418E-1
4.915541291669E1,4.360604375799E-1
4.921562482886E1,4.355116905421E-1
4.933455740596E1,4.340440450381E-1
4.938613924076E1,4.321108138384E-1
4.944559546855E1,4.295545282978E-1
4.974997744931E1,4.252636576204E-1
4.979638284937E1,4.238135980432E-1
4.984585338152E1,4.228073322245E-1
4.992508455601E1,4.216250637936E-1
5.003269830565E1,4.201033343399E-1
5.008211764854E1,4.190939037634E-1
5.013658087879E1,4.169473691212E-1
5.019603710658E1,4.143910835806E-1
5.021030364759E1,4.139885533700E-1
5.081792759864E1,4.015781470971E-1
5.101453663958E1,4.006734276360E-1
5.112214473225E1,4.001518637791E-1
5.130061328882E1,3.945438533810E-1
5.134979546852E1,3.933436415961E-1
5.139567625662E1,3.923265176486E-1
5.145745686570E1,3.908244475332E-1
5.157692100821E1,3.882571110999E-1
5.161983811863E1,3.870761120402E-1
5.163675938657E1,3.885013300412E-1
5.163731846632E1,3.870092859617E-1
5.170170384885E1,3.838882824501E-1
5.238720102460E1,3.733378853241E-1
5.238776010435E1,3.718458412445E-1
5.244736202067E1,3.689007494291E-1
5.313807972823E1,3.570080217825E-1
5.313863880798E1,3.555159777030E-1
5.319824072430E1,3.525708858875E-1
5.388895843186E1,3.406781582410E-1
5.388951751161E1,3.391861141614E-1
5.394911942793E1,3.362410223460E-1
5.463983713549E1,3.243482946994E-1
5.464039621524E1,3.228562506199E-1
5.469999813156E1,3.199111588044E-1
5.539115290472E1,3.068520123334E-1
5.539181396644E1,3.050878038615E-1
5.539230930746E1,3.037658625272E-1
5.614184767658E1,2.910130167138E-1
5.614234301759E1,2.896910753795E-1
5.614302775370E1,2.878636858879E-1
5.626431938661E1,2.847459981701E-1
5.634766131654E1,2.838772433704E-1
5.646659389365E1,2.824095978664E-1
5.651846710552E1,2.796987541172E-1
5.657806902184E1,2.767536623017E-1
5.688245100260E1,2.724627916244E-1
5.692885640266E1,2.710127320471E-1
5.697832693481E1,2.700064662284E-1
5.705755810929E1,2.688241977976E-1
5.716517185894E1,2.673024683438E-1
5.721459120183E1,2.662930377673E-1
5.726905443208E1,2.641465031252E-1
5.732851065987E1,2.615902175845E-1
5.734277720088E1,2.611876873740E-1
5.801879130183E1,2.508639087624E-1
5.801923383075E1,2.496829097027E-1
5.801935038158E1,2.493718646828E-1
5.814064201448E1,2.462541769650E-1
5.816377203225E1,2.459341692031E-1
5.822398394442E1,2.453854221653E-1
5.834291652152E1,2.439177766613E-1
5.839449835632E1,2.419845454616E-1
5.851564430070E1,2.392556640186E-1
5.859898623063E1,2.383869092189E-1
5.871791880774E1,2.369192637149E-1
5.882851980473E1,2.335961657990E-1
5.938334214509E1,2.285796249638E-1
5.942490568414E1,2.274816887481E-1
5.948259455230E1,2.259003292411E-1
5.950978362723E1,2.248492974937E-1
5.951889124186E1,2.226275473520E-1
5.957852437716E1,2.195991399062E-1
5.959279091816E1,2.191966096957E-1
6.026898530867E1,2.083916833190E-1
6.035506364453E1,2.054274983383E-1
6.102132954790E1,1.959146469568E-1
6.103209560535E1,1.949112143342E-1
6.104915396360E1,1.946396053793E-1
6.111775812185E1,1.934511079129E-1
6.124360335710E1,1.920071438950E-1
6.132358454110E1,1.910314831492E-1
6.140374029118E1,1.895529778596E-1
6.145700807763E1,1.879299199514E-1
6.251642762333E1,1.732630363909E-1
6.253035648780E1,1.715828378462E-1
6.254741484604E1,1.713112288914E-1
6.268426526596E1,1.693306929283E-1
6.275619626630E1,1.684422804087E-1
6.286828298150E1,1.670553907535E-1
6.295784876029E1,1.659337435607E-1
6.303265681485E1,1.650004612261E-1
6.311449867320E1,1.640468917459E-1
6.319597357856E1,1.630374313637E-1
6.327612932864E1,1.615589260741E-1
6.332939711509E1,1.599358681659E-1
6.471578751865E1,1.428222822618E-1
6.497561365313E1,1.409226858906E-1
6.519074176495E1,1.394112014974E-1
6.537582363288E1,1.376360578490E-1
6.545335943917E1,1.365686341937E-1
6.553597546101E1,1.355488277354E-1
6.564212291272E1,1.345314513163E-1
6.593035692381E1,1.324369889431E-1
6.612320581170E1,1.306375449026E-1
6.620074161799E1,1.295701212473E-1
6.628335763982E1,1.285503147890E-1
6.638950509154E1,1.275329383699E-1
6.667773910263E1,1.254384759968E-1
6.687058799052E1,1.236390319562E-1
6.694812379681E1,1.225716083009E-1
6.703073981864E1,1.215518018426E-1
6.713688727036E1,1.205344254236E-1
6.741392286291E1,1.189458740722E-1
6.786532151617E1,1.175686519756E-1
6.801469706183E1,1.170566290370E-1
6.838106231999E1,1.150392967397E-1
6.854460394307E1,1.139617479210E-1
6.868324115191E1,1.130952653657E-1
6.891785796688E1,1.116289102722E-1
6.905649517572E1,1.107624277169E-1
6.929111199068E1,1.092960726234E-1
6.943306621525E1,1.084504189757E-1
6.966238090415E1,1.072920539956E-1
7.089074614628E1,1.025223267330E-1
7.114521098175E1,1.021386235406E-1
7.133988431501E1,1.018539039456E-1
7.163891679491E1,1.015039782983E-1
7.213212581451E1,1.014310771218E-1
7.231831576082E1,1.014310771218E-1
7.250450570712E1,1.014310771218E-1
7.269069565342E1,1.014310771218E-1
7.287688559972E1,1.014310771218E-1
7.318720217689E1,1.014310771218E-1
7.369657950186E1,1.010957317097E-1
7.394855406500E1,1.006291641800E-1
7.416085758834E1,1.000896954737E-1
7.447642873704E1,9.944882785825E-2
7.466282306117E1,9.918572088479E-2
7.504709696568E1,9.905158271999E-2
7.524072420758E1,9.887114126245E-2
7.540117465217E1,9.861926684790E-2
7.557292264220E1,9.816365755693E-2
7.582836590525E1,9.738674415947E-2
7.600674680859E1,9.652387065346E-2
7.617080794374E1,9.551781337812E-2
7.630292223228E1,9.469555543268E-2
7.641729804310E1,9.394933351955E-2
7.680929302366E1,9.247409142546E-2
7.753063871896E1,9.028529724418E-2
7.753272692127E1,9.851503006076E-2
7.775631025794E1,8.843846743889E-2
